"category","extension","bytes","modified","sha256","root","relative_path","copies"
"structured",".json","4688","2026-08-02T18:06:49.0000000-04:00","0679A80323319B8BDFF69D5D4C7B2F422D884B60DDC1ABCA831B5FBA494A4682","C:\Users\funny\Documents\GasperStudio-migration-stage","packages\gasper-studio\public\demo\gasper-hero-pack-v1\manifest.json","9"
"structured",".json","208","2026-08-02T18:06:49.0000000-04:00","94CC44A1562896BF00941D0834BED9260DE6AE6EB1312FEC9C1A1B6C832D71AF","C:\Users\funny\Documents\GasperStudio-migration-stage","packages\studio-protocol\tsconfig.json","10"
"structured",".json","641","2026-08-02T18:06:49.0000000-04:00","5130158A8957199B229EE8D5236ACD93229C5EB1CA0E71647AF07EC1BE44B5FA","C:\Users\funny\Documents\GasperStudio-migration-stage","packages\studio-protocol\package.json","6"
"structured",".json","37901","2026-08-02T18:06:49.0000000-04:00","C82C4FFE2539C6633F20918CB87E6F24D33A3057EDE92B41D4A5519FD1329EB3","C:\Users\funny\Documents\GasperStudio-migration-stage","packages\desktop\src\gasper\contracts\GASPER_ARCHITECTURE_LOCK.json","1"
"structured",".json","282","2026-08-01T13:11:46.4119593-04:00","5C3F97BE4954665DBEE0DB0AB52D66BC8C95E2AAC280080D0961A5ED6EA2341B","C:\Users\funny\Documents\AgentBridge-worktrees\gasper-vec901-903-proof-prep-20260801","artifacts\hyperthread\evidence\GASPER-VECTOR-ORGANISM-COMPLETION-2026-07-31\VEC-101\runtime-transition-proof.json","3"
"structured",".json","13234","2026-08-01T13:11:43.0703139-04:00","81BA2F9B7BDF5714DEAA8562FDF14E94F1054C56E473568A0CCF802C12B075D4","C:\Users\funny\Documents\AgentBridge-worktrees\gasper-vec901-903-proof-prep-20260801","artifacts\hyperthread\evidence\GASPER-VECTOR-ORGANISM-COMPLETION-2026-07-31\VEC-302\hashes.json","2"
"structured",".json","22946","2026-08-01T13:11:43.0688093-04:00","E7B89DFF114FFF468C910BA182A4C680C69BF151D6A3457BB8420F483AAA765A","C:\Users\funny\Documents\AgentBridge-worktrees\gasper-vec901-903-proof-prep-20260801","artifacts\hyperthread\evidence\GASPER-VECTOR-ORGANISM-COMPLETION-2026-07-31\VEC-302\no-raster-gate.json","1"
"structured",".json","60","2026-08-01T13:11:43.0688093-04:00","619075A30786003BBD495FCE99A192F9B6D0842F884A20BFBE6CB329E732BF74","C:\Users\funny\Documents\AgentBridge-worktrees\gasper-vec901-903-proof-prep-20260801","artifacts\hyperthread\evidence\GASPER-VECTOR-ORGANISM-COMPLETION-2026-07-31\VEC-301\forbidden-api-scan.json","1"
"structured",".json","22946","2026-08-01T13:11:43.0683044-04:00","73A0F25F61600005B4DDC67A64610D9FEB47756BEF80F8FD12287FE2D47B2BDF","C:\Users\funny\Documents\AgentBridge-worktrees\gasper-vec901-903-proof-prep-20260801","artifacts\hyperthread\evidence\GASPER-VECTOR-ORGANISM-COMPLETION-2026-07-31\VEC-301\no-raster-gate.json","1"
"structured",".json","519","2026-08-01T13:11:42.9903957-04:00","6D8D012B5EDBE3B3207E810A4D93DA1B41D6EC78B080EF5CB4BC90AB5BCD12D8","C:\Users\funny\Documents\AgentBridge-worktrees\gasper-vec901-903-proof-prep-20260801","artifacts\hyperthread\evidence\GASPER-VECTOR-ORGANISM-COMPLETION-2026-07-31\VEC-201\numeric-field-stats.json","3"
"structured",".json","1536","2026-08-01T13:11:42.9898694-04:00","55D04683FAFE7C25C56AD3C09337189A9FA5AF04B11B30956D321D82852A0913","C:\Users\funny\Documents\AgentBridge-worktrees\gasper-vec901-903-proof-prep-20260801","artifacts\hyperthread\evidence\GASPER-VECTOR-ORGANISM-COMPLETION-2026-07-31\VEC-201\RECEIPT.json","1"
"structured",".json","625","2026-08-01T13:11:42.9898694-04:00","55A77CBF1AD99C8B4A850F686034E67F937221AEFA2203C8998CC695D2FE0138","C:\Users\funny\Documents\AgentBridge-worktrees\gasper-vec901-903-proof-prep-20260801","artifacts\hyperthread\evidence\GASPER-VECTOR-ORGANISM-COMPLETION-2026-07-31\VEC-201\forbidden-api-scan.json","3"
"structured",".json","368","2026-08-01T13:04:51.0044908-04:00","A05C4564C219E439DEB17419848CF7714ABB64E481C46268F823D581B08B475C","C:\Users\funny\Documents\AgentBridge-worktrees\gasper-vec901-903-proof-prep-20260801","workflows\WORKFLOW_REGISTRY.json","4"
"structured",".json","347","2026-08-01T13:04:51.0029875-04:00","D171E21A17AF453B715FB406707AEEB2C3563C0D91709BB99BC3AD5A6CDAA450","C:\Users\funny\Documents\AgentBridge-worktrees\gasper-vec901-903-proof-prep-20260801","workflows\SIDEKICK_LEGACY_PREVIEW_REVIEW.json","4"
"structured",".json","356","2026-08-01T13:04:51.0019827-04:00","8926DC18A6B76F9C662A288B557F09CA39B303FB67B65B382B60E7953226BF30","C:\Users\funny\Documents\AgentBridge-worktrees\gasper-vec901-903-proof-prep-20260801","workflows\MCP_DEPLOYMENT.json","4"
"structured",".json","442","2026-08-01T13:04:51.0004797-04:00","50335B72D799BD0082DC6D5F2B4C5AE2E277D2D3B829E1842F4FD56ABBCCD86F","C:\Users\funny\Documents\AgentBridge-worktrees\gasper-vec901-903-proof-prep-20260801","workflows\IMPLEMENTATION_LANE.json","4"
"structured",".json","347","2026-08-01T13:04:50.9989646-04:00","311E6A36E413652CF08B66DEC6C2B88121F331F64CF912C212C1F3463586FF25","C:\Users\funny\Documents\AgentBridge-worktrees\gasper-vec901-903-proof-prep-20260801","workflows\GASPER_NATIVE_VISUAL_INSPECTION.json","4"
"structured",".json","437","2026-08-01T13:04:50.9923170-04:00","A707F06A232F42CD97771D58771DF5ABCF443D0B7D3CEE1D03232C5BF0A0F183","C:\Users\funny\Documents\AgentBridge-worktrees\gasper-vec901-903-proof-prep-20260801","tsconfig.base.json","5"
"structured",".json","1193","2026-08-01T13:04:50.6654421-04:00","C848FFA85E576C21C2B512E229A0F43420CFC75C8E539E337571959B882252AB","C:\Users\funny\Documents\AgentBridge-worktrees\gasper-vec901-903-proof-prep-20260801","systems\SYSTEM_REGISTRY.json","4"
"structured",".json","808","2026-08-01T13:04:50.6649199-04:00","DBCA78C899733882C5AFE7B940C51FE4A9BA870633B4AACAE5343AF5A7546CE0","C:\Users\funny\Documents\AgentBridge-worktrees\gasper-vec901-903-proof-prep-20260801","systems\RELATIONSHIPS.json","4"
"structured",".json","1111","2026-08-01T13:04:50.6634160-04:00","AA4C8D21DEC160F150C2A3D1556696F0C6E54FD5B7700B3679EC1C193711F135","C:\Users\funny\Documents\AgentBridge-worktrees\gasper-vec901-903-proof-prep-20260801","systems\FORBIDDEN_EQUIVALENCES.json","4"
"structured",".json","1418","2026-08-01T13:04:50.6624155-04:00","C29499339869EF57219762D82CFCA6D8EDCFF516441BAD96C7F7EF7E62B9D6C4","C:\Users\funny\Documents\AgentBridge-worktrees\gasper-vec901-903-proof-prep-20260801","systems\ENTRYPOINTS.json","4"
"structured",".json","981","2026-08-01T13:04:50.6614158-04:00","5A9F500F0B556392CD1770198CA547ACA8089BCA56DBB08CA6E522EC4FE18F2F","C:\Users\funny\Documents\AgentBridge-worktrees\gasper-vec901-903-proof-prep-20260801","systems\AUTHORITY_MAP.json","4"
"structured",".json","1472","2026-08-01T13:04:50.3728582-04:00","7C963D50F19EF77A818623E667F0D968A0850566258371DB722A632D426B4F5E","C:\Users\funny\Documents\AgentBridge-worktrees\gasper-vec901-903-proof-prep-20260801","scripts\artifacts\gasper-006-performance-grammar\VISUAL-PRODUCT-GATE\cdp-demo-results.json","4"
"structured",".json","967","2026-08-01T13:04:50.3467236-04:00","C15C498ACEB82C48249DB460F30FA3F546709B9D879BD48C4FC5E5CB97EA807E","C:\Users\funny\Documents\AgentBridge-worktrees\gasper-vec901-903-proof-prep-20260801","roles\ROLE_REGISTRY.json","4"
"structured",".json","140","2026-08-01T13:04:50.3426948-04:00","B05DF032F83388F1813E9031F7C06D4AF1C51B03A8FD9EBA98E5832E0103B8EA","C:\Users\funny\Documents\AgentBridge-worktrees\gasper-vec901-903-proof-prep-20260801","relay\package.json","4"
"structured",".json","849","2026-08-01T13:04:50.3421342-04:00","E3EA2979655E3DF19D520449AC23373644FEA74D0EB110C1630F64244B10CF37","C:\Users\funny\Documents\AgentBridge-worktrees\gasper-vec901-903-proof-prep-20260801","relay\package-lock.json","4"
"structured",".json","318","2026-08-01T13:04:50.3341058-04:00","35E38A40E46C8F4BBA7939F33BD76B1A4933AC9153C9B52C6662A53B25FB69BF","C:\Users\funny\Documents\AgentBridge-worktrees\gasper-vec901-903-proof-prep-20260801","packages\terminal-pilot\tsconfig.json","4"
"structured",".json","935","2026-08-01T13:04:50.3154946-04:00","E0C3F97418DD2966F5DA77999AD380C62E5BA36001964658EB15991F484B0289","C:\Users\funny\Documents\AgentBridge-worktrees\gasper-vec901-903-proof-prep-20260801","packages\terminal-pilot\package.json","4"
"structured",".json","234","2026-08-01T13:04:50.3104731-04:00","10B60C33D967CF8B18C70A0832C7CEE2B2E94E3513EBBBE66E042E4B5519BFB3","C:\Users\funny\Documents\AgentBridge-worktrees\gasper-vec901-903-proof-prep-20260801","packages\supervisor\tsconfig.json","4"
"structured",".json","536","2026-08-01T13:04:50.2949130-04:00","93F577880D2E2008B5716A78FA55963FF0448A9A6A00FD42B1125C470CAB0EB0","C:\Users\funny\Documents\AgentBridge-worktrees\gasper-vec901-903-proof-prep-20260801","packages\supervisor\package.json","4"
"structured",".json","165","2026-08-01T13:04:50.2736664-04:00","2BB2C0A73E816E1AA16780D1683E07B467A1EE95C1D96AEC52FEDA1FBCE8D780","C:\Users\funny\Documents\AgentBridge-worktrees\gasper-vec901-903-proof-prep-20260801","packages\shared\tsconfig.json","5"
"structured",".json","2699","2026-08-01T13:04:50.2654060-04:00","FAA211DB7DAA27C394248098EA985AB4C1D055C00F7D327B9386D236B7C3ED2A","C:\Users\funny\Documents\AgentBridge-worktrees\gasper-vec901-903-proof-prep-20260801","packages\shared\src\generated\scene-patch.schemars.json","9"
"structured",".json","683","2026-08-01T13:04:50.2649021-04:00","61345B7E818B7BA27683BFBCB53CD5F1D2382A6038950F3C9FBCF428AAF3D931","C:\Users\funny\Documents\AgentBridge-worktrees\gasper-vec901-903-proof-prep-20260801","packages\shared\src\generated\scene-patch.schema.json","13"
"structured",".json","847","2026-08-01T13:04:50.2613926-04:00","ABA9334D58EA79DEDD508B47E56F7C2462EA97167C98EBCB9A59EC664F919077","C:\Users\funny\Documents\AgentBridge-worktrees\gasper-vec901-903-proof-prep-20260801","packages\shared\src\generated\evaluated-expression-frame.schema.json","13"
"structured",".json","1006","2026-08-01T13:04:50.2613926-04:00","2B31667B0C856D08A08CC7E0F8D9377274BB8C7B12161F293C1B0FBB611A5E43","C:\Users\funny\Documents\AgentBridge-worktrees\gasper-vec901-903-proof-prep-20260801","packages\shared\src\generated\evaluated-expression-frame.schemars.json","9"
"structured",".json","825","2026-08-01T13:04:50.2593930-04:00","D942845F94CE03927055AD5FEFD20FF6E383D4305C32391150E06C843BABC47A","C:\Users\funny\Documents\AgentBridge-worktrees\gasper-vec901-903-proof-prep-20260801","packages\shared\src\generated\compiled-policy-manifest.schemars.json","9"
"structured",".json","973","2026-08-01T13:04:50.2583932-04:00","BCBACA5DC21829CE05031B882C1F697732EF2DB44CB2249B8ABD445ECC7A5222","C:\Users\funny\Documents\AgentBridge-worktrees\gasper-vec901-903-proof-prep-20260801","packages\shared\src\generated\compiled-policy-manifest.schema.json","13"
"structured",".json","1825","2026-08-01T13:04:50.2573869-04:00","979E97E6485F937597BE3BFCC70748D40C19B29DAE99D2B330F5B3775285AAB7","C:\Users\funny\Documents\AgentBridge-worktrees\gasper-vec901-903-proof-prep-20260801","packages\shared\src\generated\canonical-behavioral-state.schema.json","13"
"structured",".json","1521","2026-08-01T13:04:50.1230852-04:00","A75B689ADC2A2AACC5651E23B2B2EA7645B9FBBC106797492D053FC0113257ED","C:\Users\funny\Documents\AgentBridge-worktrees\gasper-vec901-903-proof-prep-20260801","packages\shared\package.json","4"
"structured",".json","906","2026-08-01T13:04:49.9757614-04:00","7E8F2D0A057274CEAD1CF1EFC4E1F4E116DE6C7BD7AA13FD47C31C69889B6635","C:\Users\funny\Documents\AgentBridge-worktrees\gasper-vec901-903-proof-prep-20260801","packages\gateway\package.json","4"
"structured",".json","932","2026-08-01T13:04:49.9007583-04:00","B61DEB89C14B97FAE56B93026322D9DEFFAD0D6522CB85E37C5F86685513F982","C:\Users\funny\Documents\AgentBridge-worktrees\gasper-vec901-903-proof-prep-20260801","packages\gasper-studio\package.json","3"
"structured",".json","481","2026-08-01T13:04:49.8520689-04:00","ED4CB7787AA22E6BA57BA8E13F13EF8A2A5862ADEE6BB5A6E078145FC065808D","C:\Users\funny\Documents\AgentBridge-worktrees\gasper-vec901-903-proof-prep-20260801","packages\gasper-studio-shell-lab\tsconfig.json","4"
"structured",".json","613","2026-08-01T13:04:49.8424208-04:00","6DB597D63A3DACD764F59EE1C13FA7C78A02D326ED834FF6B743727117EBF1F6","C:\Users\funny\Documents\AgentBridge-worktrees\gasper-vec901-903-proof-prep-20260801","packages\gasper-studio-shell-lab\package.json","4"
"structured",".json","329","2026-08-01T13:04:49.8323749-04:00","BD078AE89469C4C2F9282F7DF153B72F99268BACF3439DF33D4C187C680EE30C","C:\Users\funny\Documents\AgentBridge-worktrees\gasper-vec901-903-proof-prep-20260801","packages\gasper-demo-lab\package.json","4"
"structured",".json","6432","2026-08-01T13:04:49.8205116-04:00","3A2D43242DABD36C63CEF3A62A82A0AF62CD13AAF4B1C21A2DD6CC749E374467","C:\Users\funny\Documents\AgentBridge-worktrees\gasper-vec901-903-proof-prep-20260801","packages\gasper-demo-content\schema\bindings-registry.json","4"
"structured",".json","5141","2026-08-01T13:04:49.8170021-04:00","75D08E7EBBFB53A074F6ECDF08A5CD08AEEE9CF9A35893125815953D0058E5E1","C:\Users\funny\Documents\AgentBridge-worktrees\gasper-vec901-903-proof-prep-20260801","packages\gasper-demo-content\scenarios\technical-walkthrough-10m.json","4"
"structured",".json","6836","2026-08-01T13:04:49.8154874-04:00","B5C1A62FF0BC99B0B6D4A0BA85DDAF30661394800505E95A04199E50A19D5262","C:\Users\funny\Documents\AgentBridge-worktrees\gasper-vec901-903-proof-prep-20260801","packages\gasper-demo-content\scenarios\reveal-60s.json","4"
"structured",".json","6541","2026-08-01T13:04:49.8139733-04:00","24EACF670312F55F1213A3F1B545B40FD724D793E57FE91FD9763D4C0A8A4645","C:\Users\funny\Documents\AgentBridge-worktrees\gasper-vec901-903-proof-prep-20260801","packages\gasper-demo-content\scenarios\product-demo-3m.json","4"
"structured",".json","530","2026-08-01T13:04:49.8124688-04:00","519FB0CFF4086C12B04D41CDDF9C63F2A2E7E28E68050F59DF5BB9517C24A539","C:\Users\funny\Documents\AgentBridge-worktrees\gasper-vec901-903-proof-prep-20260801","packages\gasper-demo-content\scenarios\index.json","4"
"structured",".json","2895","2026-08-01T13:04:49.8114625-04:00","5EE81482B1F19B97E0F8CDE56EC3575DE60B850AFB0FCD51DB4BA97B9B02ED23","C:\Users\funny\Documents\AgentBridge-worktrees\gasper-vec901-903-proof-prep-20260801","packages\gasper-demo-content\scenarios\failure-safe.json","4"
"structured",".json","666","2026-08-01T13:04:49.8089538-04:00","06AA5A221F5748FF99C575CC96456D3599F3F1FA9BA08CF5E7DF672D44D778B9","C:\Users\funny\Documents\AgentBridge-worktrees\gasper-vec901-903-proof-prep-20260801","packages\gasper-demo-content\package.json","4"
"structured",".json","331","2026-08-01T13:04:49.7096818-04:00","DAE95093051ACB17E66E1DAC26F9165D57F39B198B81C7F885081B07BFEEA0B3","C:\Users\funny\Documents\AgentBridge-worktrees\gasper-vec901-903-proof-prep-20260801","packages\desktop\tsconfig.json","5"
"structured",".json","33524","2026-08-01T13:04:49.4714200-04:00","9040D1B47F7F45FE435ADD002ECA0E209E3E843A963CCF091355075A509470C5","C:\Users\funny\Documents\AgentBridge-worktrees\gasper-vec901-903-proof-prep-20260801","packages\desktop\src\gasper\contracts\GASPER_ARCHITECTURE_LOCK.json","1"
"structured",".json","499","2026-08-01T13:04:49.3291853-04:00","643EA6BAA0B3D1BE082B098BDBB715472057A989710B15E2AD5F0E0CF800F015","C:\Users\funny\Documents\AgentBridge-worktrees\gasper-vec901-903-proof-prep-20260801","packages\desktop\package.json","5"
"structured",".json","4848","2026-08-01T13:04:49.3246729-04:00","A9F9BF53357C72E603874717951D482E2211A6D11B4FD5349BC1DEB1C41DFAC6","C:\Users\funny\Documents\AgentBridge-worktrees\gasper-vec901-903-proof-prep-20260801","package.json","3"
"structured",".json","203678","2026-08-01T13:04:49.3236730-04:00","E217568241E1E6D298A251A7DEE05833D836DEEA1CC3059D88BD1CAD6BD7DB2F","C:\Users\funny\Documents\AgentBridge-worktrees\gasper-vec901-903-proof-prep-20260801","package-lock.json","4"
"structured",".json","1091","2026-08-01T13:04:49.3216675-04:00","3BC62ED140C7386B4F7F4D60082BCDAC66A20DD58DD0A2275C67AACDD1EAA518","C:\Users\funny\Documents\AgentBridge-worktrees\gasper-vec901-903-proof-prep-20260801","invalid-evidence-replay.json","4"
"structured",".json","2651","2026-08-01T13:04:48.6582938-04:00","B40AB83541BBD96F9FA508C2218DCC5F66B79B1A4E88C535FBADFC19D1D77FA3","C:\Users\funny\Documents\AgentBridge-worktrees\gasper-vec901-903-proof-prep-20260801","evidence\wave-next-20260715-200733\tournament\TOURNAMENT_RESULTS.json","12"
"structured",".json","798","2026-08-01T13:04:48.6557823-04:00","2EF4B1BE99969C6EE7DF29F02C124FEF03710D572E405D43E321953E70CABDC6","C:\Users\funny\Documents\AgentBridge-worktrees\gasper-vec901-903-proof-prep-20260801","evidence\wave-next-20260715-200733\tournament\INPUT_SCENE_PATCH.json","16"
"structured",".json","651","2026-08-01T13:04:48.6537820-04:00","3975E663D4A2C898553B256F39889AB229A6FDD2136A8CE5D386E1A40BEB738A","C:\Users\funny\Documents\AgentBridge-worktrees\gasper-vec901-903-proof-prep-20260801","evidence\wave-next-20260715-200733\tournament\INPUT_FRAME.json","16"
"structured",".json","73318","2026-08-01T13:04:48.6512695-04:00","293340CB7FA4FC71DBE246B3C154F0C173C9B7816657D78BF7908E00EDF460F5","C:\Users\funny\Documents\AgentBridge-worktrees\gasper-vec901-903-proof-prep-20260801","evidence\wave-next-20260715-200733\scenario\scenario_presence_full.json","12"
"structured",".json","78019","2026-08-01T13:04:48.6501866-04:00","07F2014F50355CD0D3D771A1CE769425789FC1138A66D4FE7A679FB457B8F9F7","C:\Users\funny\Documents\AgentBridge-worktrees\gasper-vec901-903-proof-prep-20260801","evidence\wave-next-20260715-200733\scenario\scenario_comet_full.json","12"
"structured",".json","878","2026-08-01T13:04:48.6481879-04:00","89122C2054F9DDC2546644BE2EBCABDE43D68B48939735949647CF0BA8DAB73D","C:\Users\funny\Documents\AgentBridge-worktrees\gasper-vec901-903-proof-prep-20260801","evidence\wave-next-20260715-200733\scenario\POLICY_VALIDATION.json","16"
"structured",".json","2807","2026-08-01T13:04:48.6466754-04:00","790378E949B32980B9C10BFE84460E2AC46975569856CD8AA97E706DBA0AA1BD","C:\Users\funny\Documents\AgentBridge-worktrees\gasper-vec901-903-proof-prep-20260801","evidence\wave-next-20260715-200733\scenario\POLICY_MANIFEST.json","24"
"structured",".json","220","2026-08-01T13:04:48.6453464-04:00","93D3604B77B379BCB5368270E65D84E58EF9A32D9229EE37CF14315D214B39A7","C:\Users\funny\Documents\AgentBridge-worktrees\gasper-vec901-903-proof-prep-20260801","evidence\wave-next-20260715-200733\scenario\PERFORMANCE_RESULTS.json","4"
"structured",".json","532","2026-08-01T13:04:48.6443475-04:00","9586D2843FC893D0C860683B7BE76C2D156946C52CA7F0E278EECB21087B75BF","C:\Users\funny\Documents\AgentBridge-worktrees\gasper-vec901-903-proof-prep-20260801","evidence\wave-next-20260715-200733\scenario\DETERMINISM_RESULTS.json","24"
"structured",".json","2974","2026-08-01T13:04:48.6433464-04:00","C158789C3438AD5465BAA6983644C4EF530B644BE86F36812E2C6D7AA3EA6E92","C:\Users\funny\Documents\AgentBridge-worktrees\gasper-vec901-903-proof-prep-20260801","evidence\wave-next-20260715-200733\scenario\BASELINE_RESULTS.json","20"
"structured",".json","2057","2026-08-01T13:04:48.6418259-04:00","7CA642C399B09F470D2ACCEB1F3602CCF367DEB68C85F704100DE64096040D39","C:\Users\funny\Documents\AgentBridge-worktrees\gasper-vec901-903-proof-prep-20260801","evidence\wave-next-20260715-200733\scenario\ABLATION_RESULTS.json","20"
"structured",".json","706","2026-08-01T13:04:48.6268813-04:00","97E5B893F36BD7944E5CCDB9D52D6B0D9D95EC82A08CF0179B36ACC1DEECC9EE","C:\Users\funny\Documents\AgentBridge-worktrees\gasper-vec901-903-proof-prep-20260801","evidence\wave-next-20260715-200733\RUN_MANIFEST.json","4"
"structured",".json","211","2026-08-01T13:04:48.6202654-04:00","A25F8024725C1BBFAB4B6B5393C5FE302E2188074EA066DAB64C597D763DE384","C:\Users\funny\Documents\AgentBridge-worktrees\gasper-vec901-903-proof-prep-20260801","evidence\wave-next-20260715-200733\PERFORMANCE_RESULTS.json","4"
"structured",".json","382","2026-08-01T13:04:48.6157542-04:00","513AA087F070574A66F090C6C92C7DB469A81410B1BE7B0B81F7938460C7CBE8","C:\Users\funny\Documents\AgentBridge-worktrees\gasper-vec901-903-proof-prep-20260801","evidence\wave-next-20260715-200733\IDENTITY_INVARIANTS.json","8"
"structured",".json","4469","2026-08-01T13:04:48.5978292-04:00","6D94A34E7D10D140D370936221EAA85652CC7E2CCF0886ACB86F60678B461E7D","C:\Users\funny\Documents\AgentBridge-worktrees\gasper-vec901-903-proof-prep-20260801","evidence\wave-next-20260715-200733\CHECKSUMS.json","4"
"structured",".json","297","2026-08-01T13:04:48.5937390-04:00","88C537B7E9C174A511CC266579374F75D933AE41BD5BD95524A9B0A4010304A9","C:\Users\funny\Documents\AgentBridge-worktrees\gasper-vec901-903-proof-prep-20260801","evidence\watchdog-recovery-0.5\watchdog-recovery.json","4"
"structured",".json","8536","2026-08-01T13:04:48.5896190-04:00","F53BA2E2B69C261048F327AB6E6EB940ADC7E6E1C9CF0FDFA63D8A7FECAF1562","C:\Users\funny\Documents\AgentBridge-worktrees\gasper-vec901-903-proof-prep-20260801","evidence\tool-matrix-0.4\tool-matrix-smoke.json","4"
"structured",".json","692","2026-08-01T13:04:48.5875439-04:00","7ADE7B7A55AD9B212D42A1758C29CA31DBE86E17021AFE1444FAE0210DA53278","C:\Users\funny\Documents\AgentBridge-worktrees\gasper-vec901-903-proof-prep-20260801","evidence\tool-matrix-0.4\proof-remaining-tools.json","4"
"structured",".json","12448","2026-08-01T13:04:48.5855386-04:00","AFD122CAE2E03B4DF9D57BDD08D76A2D522A9CD4F2017694C1FA80389D88BADF","C:\Users\funny\Documents\AgentBridge-worktrees\gasper-vec901-903-proof-prep-20260801","evidence\studio-proof-6.5.4\proof-studio-654.json","4"
"structured",".json","1298","2026-08-01T13:04:48.5814527-04:00","FC53546A4D0086BB749DE62DC4211A2E2DE57E97D3D7B82CC99D4BBA738A22FC","C:\Users\funny\Documents\AgentBridge-worktrees\gasper-vec901-903-proof-prep-20260801","evidence\sidekick-studio-0.3-0.4\v652-open.json","4"
"structured",".json","227","2026-08-01T13:04:48.5803875-04:00","BCF9D53B989358A8E1CAC9BF48D6CD1E85FA1510E0C7C24D5612396FDCEBEE9A","C:\Users\funny\Documents\AgentBridge-worktrees\gasper-vec901-903-proof-prep-20260801","evidence\sidekick-studio-0.3-0.4\remote-honesty.json","4"
"structured",".json","2426","2026-08-01T13:04:48.5788819-04:00","7976571BEE22C70F95757706A8B0A2408CC3A3D6C2D2A795DD00CBCB4845B677","C:\Users\funny\Documents\AgentBridge-worktrees\gasper-vec901-903-proof-prep-20260801","evidence\sidekick-studio-0.3-0.4\proof-validate-preview.json","4"
"structured",".json","4133","2026-08-01T13:04:48.5778754-04:00","987BB16193A0D4851D1BFD5F3454064EC716A4F9994B6B3B12BBC12B585F54A0","C:\Users\funny\Documents\AgentBridge-worktrees\gasper-vec901-903-proof-prep-20260801","evidence\sidekick-studio-0.3-0.4\proof-timeline.json","4"
"structured",".json","5856","2026-08-01T13:04:48.5763718-04:00","AE2559B692B2C3E82426E5DF9138975F227705FC24B33E605642B77BABBFC299","C:\Users\funny\Documents\AgentBridge-worktrees\gasper-vec901-903-proof-prep-20260801","evidence\sidekick-studio-0.3-0.4\proof-summary.json","4"
"structured",".json","25162","2026-08-01T13:04:48.5763718-04:00","7371FE1B113BCD7661C99FF8874E473AFC0CE3B3FD5EA1F471081EDDC07B340B","C:\Users\funny\Documents\AgentBridge-worktrees\gasper-vec901-903-proof-prep-20260801","evidence\sidekick-studio-0.3-0.4\proof-scan.json","8"
"structured",".json","931","2026-08-01T13:04:48.5753669-04:00","EA164998B4486318E1AC3785EAB501B426AF409B8AD3B181FF0DDA65719A33D6","C:\Users\funny\Documents\AgentBridge-worktrees\gasper-vec901-903-proof-prep-20260801","evidence\sidekick-studio-0.3-0.4\proof-reviewer-role.json","4"
"structured",".json","1073","2026-08-01T13:04:48.5738513-04:00","6B40AC69FDBE488DDE21C7126281166EE269BC66FA8D42C4F7CA88969BEF8C9B","C:\Users\funny\Documents\AgentBridge-worktrees\gasper-vec901-903-proof-prep-20260801","evidence\sidekick-studio-0.3-0.4\proof-presets-mesh.json","4"
"structured",".json","864","2026-08-01T13:04:48.5728462-04:00","F7A3D65AF0C6760387AF7B69631D03225D7333BC00CE758087D3EEFBC2E2FC95","C:\Users\funny\Documents\AgentBridge-worktrees\gasper-vec901-903-proof-prep-20260801","evidence\sidekick-studio-0.3-0.4\proof-mode2.json","4"
"structured",".json","6282","2026-08-01T13:04:48.5713406-04:00","51D64E519AEDEDE2EE6AEF548759D07FE033F40B0532BAF0A228E531A3386DA6","C:\Users\funny\Documents\AgentBridge-worktrees\gasper-vec901-903-proof-prep-20260801","evidence\sidekick-studio-0.3-0.4\proof-face-compare.json","4"
"structured",".json","973","2026-08-01T13:04:48.5703406-04:00","13635AE356655144ADDCFDA7CBF3EDF624A54D7FAB65B7A9AC362B198C106F0C","C:\Users\funny\Documents\AgentBridge-worktrees\gasper-vec901-903-proof-prep-20260801","evidence\sidekick-studio-0.3-0.4\proof-contract-bridge.json","4"
"structured",".json","9694","2026-08-01T13:04:48.5646490-04:00","980BB39E2CC0DEB8045890F06AA9B27190892CA3A790399DBD80FA2E3409E2BF","C:\Users\funny\Documents\AgentBridge-worktrees\gasper-vec901-903-proof-prep-20260801","evidence\sidekick-studio-0.3-0.4\inventory.json","4"
"structured",".json","4390","2026-08-01T13:04:48.5384826-04:00","B10311369BD22F512A7E2BE784FCA5F873230CF57D538D666C310376A36527E9","C:\Users\funny\Documents\AgentBridge-worktrees\gasper-vec901-903-proof-prep-20260801","evidence\sidekick-0.2\SUMMARY.json","4"
"structured",".json","1323","2026-08-01T13:04:48.4975404-04:00","4FB7C8B24A63615EE88B47B113D101CC43938B21A4EE8CBE287031C38F85C952","C:\Users\funny\Documents\AgentBridge-worktrees\gasper-vec901-903-proof-prep-20260801","evidence\sidekick-0.2\A-status.json","4"
"structured",".json","82","2026-08-01T13:04:48.4955271-04:00","1F296334464EBADA367829AE48B85DD24F40A933733583BD6EB5A4FDCFDFD3D4","C:\Users\funny\Documents\AgentBridge-worktrees\gasper-vec901-903-proof-prep-20260801","evidence\sidekick-0.2\A-gateway.json","4"
"structured",".json","2246","2026-08-01T13:04:48.4919327-04:00","51ABB3C85BAC05A44533E38A3B2A60D9CC4EF223F13F23A12715CE197BACA096","C:\Users\funny\Documents\AgentBridge-worktrees\gasper-vec901-903-proof-prep-20260801","evidence\scm-elevate-latest\elevated-scm.json","4"
"structured",".json","1300","2026-08-01T13:04:48.4889182-04:00","87C23B953ECE0C13EA6AC81FDE8AB3346BFF2C5D602CE84391F30E576DAF4591","C:\Users\funny\Documents\AgentBridge-worktrees\gasper-vec901-903-proof-prep-20260801","evidence\scm-datadir-latest\point-scm-at-user-data.json","4"
"structured",".json","228","2026-08-01T13:04:48.4812916-04:00","130359C8D2011C4FB58CE98D897D73758B455A8E5D43B73D45F8AA558A4F5E9F","C:\Users\funny\Documents\AgentBridge-worktrees\gasper-vec901-903-proof-prep-20260801","evidence\scenario-lab-out\PERFORMANCE_RESULTS.json","4"
"structured",".json","1521","2026-08-01T13:04:48.4752714-04:00","BAFCC106487639E10745BFE81656CBD69B7B8A4A3E158D3268DEA93AE9467FE9","C:\Users\funny\Documents\AgentBridge-worktrees\gasper-vec901-903-proof-prep-20260801","evidence\runtime-authority-repair\SUMMARY.json","4"
"structured",".json","51998","2026-08-01T13:04:48.4737698-04:00","24905F9B962F5256706C4830373106B0484A78748C66CFDBD0ACCCE957159354","C:\Users\funny\Documents\AgentBridge-worktrees\gasper-vec901-903-proof-prep-20260801","evidence\runtime-authority-repair\RESULTS.json","4"
"structured",".json","2545","2026-08-01T13:04:48.4692506-04:00","4783B026285A027AF2B901283907B272AEF8386489EC152EE009D9A44114F645","C:\Users\funny\Documents\AgentBridge-worktrees\gasper-vec901-903-proof-prep-20260801","evidence\productization-0.4\verification-matrix-0.4.json","4"
"structured",".json","2496","2026-08-01T13:04:48.4677467-04:00","9045BFA1EA096B0374DF0F78B8E67976B5A184207E99A778FF262AFA3D398743","C:\Users\funny\Documents\AgentBridge-worktrees\gasper-vec901-903-proof-prep-20260801","evidence\productization-0.4\proof-zip-layout.json","4"
"structured",".json","1507","2026-08-01T13:04:48.4667462-04:00","909F84F6B6F92BA0A26B0559B2FC396E1230867E1540446215E1F8B6065201CF","C:\Users\funny\Documents\AgentBridge-worktrees\gasper-vec901-903-proof-prep-20260801","evidence\productization-0.4\proof-perf-tray.json","4"
"structured",".json","1437","2026-08-01T13:04:48.4657417-04:00","6363E2EAAAC44542B3691F3963038AFAE5705AEBA10D33B176A273781DCF6FB9","C:\Users\funny\Documents\AgentBridge-worktrees\gasper-vec901-903-proof-prep-20260801","evidence\productization-0.4\proof-evidence-complete.json","4"
"structured",".json","1620","2026-08-01T13:04:48.4612158-04:00","8591D71CDEF9F54761B4DD14C7DCD0612945F35A7335A79A42D5D730B4F00693","C:\Users\funny\Documents\AgentBridge-worktrees\gasper-vec901-903-proof-prep-20260801","evidence\post-reboot-latest\post-reboot-verify.json","8"
"structured",".json","2418","2026-08-01T13:04:48.4321198-04:00","F6D361257062F03984781366CC3D55A4D776A16F5B2CFDABF3C11546B777EFB1","C:\Users\funny\Documents\AgentBridge-worktrees\gasper-vec901-903-proof-prep-20260801","evidence\native-contract-6.5.4\validation-results.json","4"
"structured",".json","209","2026-08-01T13:04:48.4306011-04:00","B1BD93A5817BC72CC573B1E4C2D40395A997E21BE072D637DEDADA48EF6A3A15","C:\Users\funny\Documents\AgentBridge-worktrees\gasper-vec901-903-proof-prep-20260801","evidence\native-contract-6.5.4\source-manifest.json","8"
"structured",".json","5126","2026-08-01T13:04:48.4290964-04:00","76F7FBB48BBCE7A9A379D43513A98233E29D19D81A4A877DE9875C604C3D050C","C:\Users\funny\Documents\AgentBridge-worktrees\gasper-vec901-903-proof-prep-20260801","evidence\native-contract-6.5.4\runtime-state.json","4"
"structured",".json","237781","2026-08-01T13:04:48.4280973-04:00","086D49B989FC55E12C2A792098FB89FB357004C1EE4389638431CADBB30F6862","C:\Users\funny\Documents\AgentBridge-worktrees\gasper-vec901-903-proof-prep-20260801","evidence\native-contract-6.5.4\proof-native-emotional-654.json","4"
"structured",".json","199","2026-08-01T13:04:48.4200699-04:00","9F0A2DE875E1F3EBE201BB6D5D35FE6CD9CF5BB8033056D8910C965E00C16D40","C:\Users\funny\Documents\AgentBridge-worktrees\gasper-vec901-903-proof-prep-20260801","evidence\native-contract-6.5.4\process-metadata.json","4"
"structured",".json","262","2026-08-01T13:04:48.4185650-04:00","DA621204E3DADDC1B46B5DF649E7A9E86C7FA987BD3111C1D77D72B15E217D77","C:\Users\funny\Documents\AgentBridge-worktrees\gasper-vec901-903-proof-prep-20260801","evidence\native-contract-6.5.4\performance-results.json","4"
"structured",".json","797","2026-08-01T13:04:48.4175648-04:00","A1799776BF02C7A5BFB10DCC59EED026FD3CC02BC3F1BF351030E758C2C5FA94","C:\Users\funny\Documents\AgentBridge-worktrees\gasper-vec901-903-proof-prep-20260801","evidence\native-contract-6.5.4\parameter-changes.json","4"
"structured",".json","20","2026-08-01T13:04:48.4155596-04:00","67434423D794F20969B43E1117C9743C1B9B3D16BA6F8DDEA2238CDB819F3701","C:\Users\funny\Documents\AgentBridge-worktrees\gasper-vec901-903-proof-prep-20260801","evidence\native-contract-6.5.4\network-failures.json","8"
"structured",".json","308","2026-08-01T13:04:48.4145522-04:00","0889F02025D5DAA8D6DE99B6AC6AF42B00A4AEEA150D3D1E9FA9473E294068ED","C:\Users\funny\Documents\AgentBridge-worktrees\gasper-vec901-903-proof-prep-20260801","evidence\native-contract-6.5.4\iteration.json","4"
"structured",".json","1093","2026-08-01T13:04:48.4105455-04:00","C8ADF1A622CEF27D238F9846BFABB37C7B24108BA4BE5F540ED28B6EDD722605","C:\Users\funny\Documents\AgentBridge-worktrees\gasper-vec901-903-proof-prep-20260801","evidence\native-contract-6.5.4\geometry-metrics.json","4"
"structured",".json","39","2026-08-01T13:04:48.4090311-04:00","FBADE4981E4442BD92BFF6DD57FFB8B1B4EADD3555C60FEFD0944DE7EB3620CA","C:\Users\funny\Documents\AgentBridge-worktrees\gasper-vec901-903-proof-prep-20260801","evidence\native-contract-6.5.4\console.json","8"
"structured",".json","1661","2026-08-01T13:04:48.4075268-04:00","2DA7BE8FA5DD6B96296FF4D9EB63C7858A3B6AD0279F6828FB4BDC8706B6CFA5","C:\Users\funny\Documents\AgentBridge-worktrees\gasper-vec901-903-proof-prep-20260801","evidence\native-contract-6.5.4\checksums.json","4"
"structured",".json","67","2026-08-01T13:04:48.4075268-04:00","D13D49033C56746AE6474D4827D825173A9DC3CC9E6FDEB581EA823195615505","C:\Users\funny\Documents\AgentBridge-worktrees\gasper-vec901-903-proof-prep-20260801","evidence\native-contract-6.5.4\checkpoint-metadata.json","8"
"structured",".json","159","2026-08-01T13:04:48.4055206-04:00","F544DAC7CD4F4986435FE960D4FDAFC2F6C43532A490951E703E524D5674C0C3","C:\Users\funny\Documents\AgentBridge-worktrees\gasper-vec901-903-proof-prep-20260801","evidence\native-contract-6.5.4\candidate-metadata.json","8"
"structured",".json","107","2026-08-01T13:04:48.4040147-04:00","3ACA57E306BE08F73C916D5C93ABB766DAED44DA7C0792B463C4D0BFD55BECF2","C:\Users\funny\Documents\AgentBridge-worktrees\gasper-vec901-903-proof-prep-20260801","evidence\native-contract-6.5.4\baseline-metadata.json","8"
"structured",".json","1884","2026-08-01T13:04:48.3813508-04:00","3A5E3941AE7714C551E81E751A25AD83724E244A5F1B1B796270E89BC4E5C263","C:\Users\funny\Documents\AgentBridge-worktrees\gasper-vec901-903-proof-prep-20260801","evidence\megabook-wave-2026-07-15\verifier-fixes\mcp-health.json","8"
"structured",".json","1346","2026-08-01T13:04:48.3758371-04:00","EDF62BC61031BACA3AE48149ADEE5D785E830215F09D47B9AB8EA1AE57AAB9E7","C:\Users\funny\Documents\AgentBridge-worktrees\gasper-vec901-903-proof-prep-20260801","evidence\megabook-wave-2026-07-15\last-deploy.json","4"
"structured",".json","546","2026-08-01T13:04:48.3743351-04:00","C2DF84ED2B9038126B7D0DB6E428C4EB8EF71C9E1449DF2956A97FD4882D400D","C:\Users\funny\Documents\AgentBridge-worktrees\gasper-vec901-903-proof-prep-20260801","evidence\megabook-wave-2026-07-15\bench-report.json","4"
"structured",".json","1916","2026-08-01T13:04:48.3733350-04:00","035D9672D4964D015893961A9BF7194527D4DDD120E8903011EC19B3C95A625E","C:\Users\funny\Documents\AgentBridge-worktrees\gasper-vec901-903-proof-prep-20260801","evidence\megabook-wave-2026-07-15\affect_lab.json","4"
"structured",".json","2600","2026-08-01T13:04:48.3723348-04:00","CCB639CD822D330BDC2278F5D60C8736004A3E908043238AFB07FC0A5E17E45E","C:\Users\funny\Documents\AgentBridge-worktrees\gasper-vec901-903-proof-prep-20260801","evidence\megabook-wave-2026-07-15\PROOF_CAPSULE.json","4"
"structured",".json","631","2026-08-01T13:04:48.3683186-04:00","E93050ED71DF99DD9D827C66613C4DA32073EBD065D72690FF96B5A4747D2B0E","C:\Users\funny\Documents\AgentBridge-worktrees\gasper-vec901-903-proof-prep-20260801","evidence\mcp-conformance-0.4\proof-timeout-cancel.json","4"
"structured",".json","3437","2026-08-01T13:04:48.3673190-04:00","B9062AC43DD353E9946EDD06DDBB1DBD58C58EC2E78BDAB040978F4855CC94FB","C:\Users\funny\Documents\AgentBridge-worktrees\gasper-vec901-903-proof-prep-20260801","evidence\mcp-conformance-0.4\mcp-conformance-full.json","4"
"structured",".json","299","2026-08-01T13:04:48.3648040-04:00","AF895685D34028DB47D31B61E22C1779544AFDD723037677D781BE8440562E8D","C:\Users\funny\Documents\AgentBridge-worktrees\gasper-vec901-903-proof-prep-20260801","evidence\handoff-agent-exhaust\verification-gates.json","4"
"structured",".json","1720","2026-08-01T13:04:48.3632989-04:00","0D0A254C9BE19EF8D691F21488E62ADD67198E6088BF296DF2D8A3383E65E5C4","C:\Users\funny\Documents\AgentBridge-worktrees\gasper-vec901-903-proof-prep-20260801","evidence\handoff-agent-exhaust\residual-inventory.json","4"
"structured",".json","675","2026-08-01T13:04:48.3622981-04:00","2DC8D1D5479410B0A9E84700089878AF1BE030167D2B82A963F4E3BD4382BFD3","C:\Users\funny\Documents\AgentBridge-worktrees\gasper-vec901-903-proof-prep-20260801","evidence\handoff-agent-exhaust\mcp-smoke.json","4"
"structured",".json","575","2026-08-01T13:04:48.3612935-04:00","F5FD6FB1F0ECA54C8D717D178D59B62865CA01B06F0E3C2545DB7E88B9E794CB","C:\Users\funny\Documents\AgentBridge-worktrees\gasper-vec901-903-proof-prep-20260801","evidence\handoff-agent-exhaust\launch-2.json","4"
"structured",".json","575","2026-08-01T13:04:48.3597887-04:00","93E91092EEF1F3DD87F9D62E3BBB5C7B267FA5FCC5DE51041D9BC321A87D060C","C:\Users\funny\Documents\AgentBridge-worktrees\gasper-vec901-903-proof-prep-20260801","evidence\handoff-agent-exhaust\launch-1.json","4"
"structured",".json","451","2026-08-01T13:04:48.3592844-04:00","798EBAAAE796674CD6C8ED8A9427870FDEE3A590C2A1DE35B1609DF84F5A764E","C:\Users\funny\Documents\AgentBridge-worktrees\gasper-vec901-903-proof-prep-20260801","evidence\handoff-agent-exhaust\SUMMARY.json","4"
"structured",".json","2646","2026-08-01T13:04:48.3557730-04:00","4368965049841E6F69CC0145BE5DE1620191FEDE6656E0CA3B07D031279D7ABE","C:\Users\funny\Documents\AgentBridge-worktrees\gasper-vec901-903-proof-prep-20260801","evidence\gating-0.5.2\status.json","4"
"structured",".json","395","2026-08-01T13:04:48.3522628-04:00","0DE9B71057F682E30E6487098CA8F0E3256782E2DC469404DF3D4374F01A4E78","C:\Users\funny\Documents\AgentBridge-worktrees\gasper-vec901-903-proof-prep-20260801","evidence\gating-0.5.2\gating-report.json","4"
"structured",".json","199","2026-08-01T13:04:48.3472396-04:00","DEDFD4213E983E7209F366EBF360DC14932CC626632D68D44907FA76AAE887A5","C:\Users\funny\Documents\AgentBridge-worktrees\gasper-vec901-903-proof-prep-20260801","evidence\gating-0.3.0\studio-ui-check.json","4"
"structured",".json","2140","2026-08-01T13:04:48.3462340-04:00","C05DD54FAC1522B5FB3EF76055A0B0AFE99B3E06B1FB50A0954C5329FB425B51","C:\Users\funny\Documents\AgentBridge-worktrees\gasper-vec901-903-proof-prep-20260801","evidence\gating-0.3.0\status.json","4"
"structured",".json","1760","2026-08-01T13:04:48.3447318-04:00","913BAA70D3F9AC2ECD47A8858ECCA96795786349D14334E84FB6E92841A9D00D","C:\Users\funny\Documents\AgentBridge-worktrees\gasper-vec901-903-proof-prep-20260801","evidence\gating-0.3.0\status-final.json","4"
"structured",".json","231","2026-08-01T13:04:48.3437324-04:00","05404007AFDC2403A3ED05D6C8A9526CA745AE0F8D7B505013D6AD11745D91F6","C:\Users\funny\Documents\AgentBridge-worktrees\gasper-vec901-903-proof-prep-20260801","evidence\gating-0.3.0\single-instance.json","4"
"structured",".json","15387","2026-08-01T13:04:48.3427263-04:00","72C3AC73FB9E84447AB3BBEBF4E875D901E7E89A443A713FF0384658FAC9BE6B","C:\Users\funny\Documents\AgentBridge-worktrees\gasper-vec901-903-proof-prep-20260801","evidence\gating-0.3.0\sidekick-workflow.json","4"
"structured",".json","624","2026-08-01T13:04:48.3392163-04:00","5467DD29C22EDD81885D5AC42287AB621AB31EAE252FE254A200C48E50E7527C","C:\Users\funny\Documents\AgentBridge-worktrees\gasper-vec901-903-proof-prep-20260801","evidence\gating-0.3.0\mcp-lifecycle.json","4"
"structured",".json","1864","2026-08-01T13:04:48.3356991-04:00","33CF134F68322E61B428FE0DB41B0F6821316CE57CEA818B60F461855B1B639D","C:\Users\funny\Documents\AgentBridge-worktrees\gasper-vec901-903-proof-prep-20260801","evidence\gating-0.3.0\gating-report.json","4"
"structured",".json","1186","2026-08-01T13:04:48.3321888-04:00","6CCB8CE87735440882F5B9D75C55D9A5A91DF19FEC735E46C2BA28D07DEC79C6","C:\Users\funny\Documents\AgentBridge-worktrees\gasper-vec901-903-proof-prep-20260801","evidence\gasper-visible-acceptance\build-identity.json","4"
"structured",".json","5094","2026-08-01T13:04:48.3291741-04:00","8BD2E29DBD7BA38D9A4EE8D6D780D3CFEBD8E9F746C4FD3126CE19F6089860A1","C:\Users\funny\Documents\AgentBridge-worktrees\gasper-vec901-903-proof-prep-20260801","evidence\gasper-pilot-headed-6.5.5\SUMMARY.json","4"
"structured",".json","1466566","2026-08-01T13:04:48.3281746-04:00","A1F4AB70BE650896DBE8E875ACB95BE361A492528F1AEC2C9D6FFF77A076C91A","C:\Users\funny\Documents\AgentBridge-worktrees\gasper-vec901-903-proof-prep-20260801","evidence\gasper-pilot-headed-6.5.5\PILOT_SEQUENCE.json","4"
"structured",".json","57105","2026-08-01T13:04:48.3141335-04:00","225EADAED4B7658F2B47F4E93A7075DEFE87AFA93034ADBAC697BD35E1480438","C:\Users\funny\Documents\AgentBridge-worktrees\gasper-vec901-903-proof-prep-20260801","evidence\gasper-headed-acceptance\headed-acceptance-report.json","4"
"structured",".json","1564","2026-08-01T13:04:48.3131326-04:00","CDC1045F4BABE19A84433CFD3B8555DE224BEE25FB9354E505CE45AAEBAFDE88","C:\Users\funny\Documents\AgentBridge-worktrees\gasper-vec901-903-proof-prep-20260801","evidence\gasper-headed-acceptance\HEADED-ACCEPTANCE-SUMMARY.json","4"
"structured",".json","928","2026-08-01T13:04:48.3111333-04:00","4348DDC4C6F76D1AB33FD35B0E85B16CEF2DD4112C2696EB8913CDB8DC9796B0","C:\Users\funny\Documents\AgentBridge-worktrees\gasper-vec901-903-proof-prep-20260801","evidence\gasper-headed-acceptance\ACCEPTANCE-STATUS.json","4"
"structured",".json","877","2026-08-01T13:04:48.2840313-04:00","E35896739986A4D2E449224126CB15F4DAB4A963B2B6FF0783C479836C12095D","C:\Users\funny\Documents\AgentBridge-worktrees\gasper-vec901-903-proof-prep-20260801","evidence\gasper-6.5.5-desktop\latest-gasper-rig.json","4"
"structured",".json","746","2026-08-01T13:04:48.2830317-04:00","C63843F7CEDF6E4653A0DB6F2AA800038136E1D000F9E16CE63C75514DF2B280","C:\Users\funny\Documents\AgentBridge-worktrees\gasper-vec901-903-proof-prep-20260801","evidence\gasper-6.5.5-desktop\SUMMARY.json","4"
"structured",".json","3048","2026-08-01T13:04:48.2805076-04:00","BB0626065515962CC1F427FB9293E2683E46C77337F8DFDD86FC96E832D250A3","C:\Users\funny\Documents\AgentBridge-worktrees\gasper-vec901-903-proof-prep-20260801","evidence\gasper-005-r8-multitrack\vitest.json","4"
"structured",".json","1229","2026-08-01T13:04:48.2790021-04:00","3A04D9F7B7A77E4EABBA4075F17867E4E05434DA501DA94AAFEF027EF30DA5A5","C:\Users\funny\Documents\AgentBridge-worktrees\gasper-vec901-903-proof-prep-20260801","evidence\gasper-005-r8-multitrack\proof-report.json","4"
"structured",".json","7832","2026-08-01T13:04:48.2764919-04:00","819B05F3B203E8BB41A17F0A86208BAAE5336BC506ECA7CF3C7D84114930C51C","C:\Users\funny\Documents\AgentBridge-worktrees\gasper-vec901-903-proof-prep-20260801","evidence\gasper-005-r7-ui-authority\vitest.json","4"
"structured",".json","2122","2026-08-01T13:04:48.2739782-04:00","49B0188419DD09256E8DBCC43AEA6248960C149D3940F85D8839322ED07B6051","C:\Users\funny\Documents\AgentBridge-worktrees\gasper-vec901-903-proof-prep-20260801","evidence\gasper-005-r7-ui-authority\proof-report.json","4"
"structured",".json","3004","2026-08-01T13:04:48.2709727-04:00","AE7C9C50010A282F8E6D28E8C251B942CF79E82EA401993DD756FA3F4DAF0A41","C:\Users\funny\Documents\AgentBridge-worktrees\gasper-vec901-903-proof-prep-20260801","evidence\gasper-005-r3-contour-solver\vitest.json","4"
"structured",".json","1438","2026-08-01T13:04:48.2694709-04:00","E8EFB9BFF2D2896DF96AE03D9417FB490C2E0453F8CAF923AF5EA07EEE0A3F67","C:\Users\funny\Documents\AgentBridge-worktrees\gasper-vec901-903-proof-prep-20260801","evidence\gasper-005-r3-contour-solver\proof-report.json","4"
"structured",".json","4453","2026-08-01T13:04:48.2664701-04:00","CFB27D1999D5D449134A7EC82630AE3516DD96FCEAB44DD7E1ADB5CCF96DB349","C:\Users\funny\Documents\AgentBridge-worktrees\gasper-vec901-903-proof-prep-20260801","evidence\gasper-005-r1-performance\r1-performance-gate.json","4"
"structured",".json","4356","2026-08-01T13:04:48.2649503-04:00","891D731F3A5E562C86F50219C1CDABFE3EBAE75677F97EB76CE5A4D1A96C5342","C:\Users\funny\Documents\AgentBridge-worktrees\gasper-vec901-903-proof-prep-20260801","evidence\gasper-005-r1-performance\r1-performance-gate-post-r2.json","4"
"structured",".json","4622","2026-08-01T13:04:48.2624442-04:00","5D19D753D1CB3484926411EB54535D6F35DCD5BA5E058ECD65D8E9296911D859","C:\Users\funny\Documents\AgentBridge-worktrees\gasper-vec901-903-proof-prep-20260801","evidence\gasper-005-dispatch-002\proof-report.json","8"
"structured",".json","4023","2026-08-01T13:04:48.2604400-04:00","2BB5760CC9AC007DCFA99576BD1C92C5A596CF7E5474D850F30161CBC1811728","C:\Users\funny\Documents\AgentBridge-worktrees\gasper-vec901-903-proof-prep-20260801","evidence\gasper-005-dispatch-001\runtime-inspect.json","4"
"structured",".json","18239","2026-08-01T13:04:48.2468899-04:00","EFFD62E977F2DDFA202D74D5C3C5134EC436E74CE49E00BE9F913C8474C7E9F5","C:\Users\funny\Documents\AgentBridge-worktrees\gasper-vec901-903-proof-prep-20260801","evidence\gasper-005-dispatch-001\motion-samples.json","4"
"structured",".json","19919","2026-08-01T13:04:48.1842007-04:00","01F71A58E445EDDB46176B564CA05D5360FEBD265AE6E321D89DB5A601B52CD4","C:\Users\funny\Documents\AgentBridge-worktrees\gasper-vec901-903-proof-prep-20260801","evidence\dormant-studio-iteration-6.5.4\proof-dormant-studio-iteration.json","4"
"structured",".json","2418","2026-08-01T13:04:48.1832016-04:00","7A94A8378A5E3F806CF65C7EF0AF04BCB8EB760036E471B7762F3D78E3C5D646","C:\Users\funny\Documents\AgentBridge-worktrees\gasper-vec901-903-proof-prep-20260801","evidence\dormant-studio-iteration-6.5.4\bundle\validation-results.json","4"
"structured",".json","5123","2026-08-01T13:04:48.1805181-04:00","EF793C4D35CEF074024F9BC97B675EDB285F35DA7E811193521773028C1D6BDA","C:\Users\funny\Documents\AgentBridge-worktrees\gasper-vec901-903-proof-prep-20260801","evidence\dormant-studio-iteration-6.5.4\bundle\runtime-state.json","4"
"structured",".json","199","2026-08-01T13:04:48.1679786-04:00","8CA0BFE9C93C91B3983D73E53E9F7C666A20625A02E27C376CCFD5DCAB5A4745","C:\Users\funny\Documents\AgentBridge-worktrees\gasper-vec901-903-proof-prep-20260801","evidence\dormant-studio-iteration-6.5.4\bundle\process-metadata.json","4"
"structured",".json","277","2026-08-01T13:04:48.1659738-04:00","61A7690E3DF338DF747B70DE34511F77B3E04A0C100D530E44F4E0E57D5F2246","C:\Users\funny\Documents\AgentBridge-worktrees\gasper-vec901-903-proof-prep-20260801","evidence\dormant-studio-iteration-6.5.4\bundle\performance-results.json","4"
"structured",".json","800","2026-08-01T13:04:48.1654610-04:00","483EC079B6340511FD4C7B854641CE972284912F6D475303C881177AC3F88248","C:\Users\funny\Documents\AgentBridge-worktrees\gasper-vec901-903-proof-prep-20260801","evidence\dormant-studio-iteration-6.5.4\bundle\parameter-changes.json","4"
"structured",".json","307","2026-08-01T13:04:48.1320907-04:00","45302213FCDC65E4B76C0402F1256C10E46C9992D0920A586932776B97288457","C:\Users\funny\Documents\AgentBridge-worktrees\gasper-vec901-903-proof-prep-20260801","evidence\dormant-studio-iteration-6.5.4\bundle\iteration.json","4"
"structured",".json","2356","2026-08-01T13:04:48.1290665-04:00","9EA450C9FC2B5C9BB735632A11E3BFAE849D7DB09840417B1FC199DF79E0D439","C:\Users\funny\Documents\AgentBridge-worktrees\gasper-vec901-903-proof-prep-20260801","evidence\dormant-studio-iteration-6.5.4\bundle\geometry-metrics.json","4"
"structured",".json","1661","2026-08-01T13:04:48.1265532-04:00","F6A7304C41C600947B22CCDBEE8045073CF490E3C0910CA81508C573A6E65936","C:\Users\funny\Documents\AgentBridge-worktrees\gasper-vec901-903-proof-prep-20260801","evidence\dormant-studio-iteration-6.5.4\bundle\checksums.json","4"
"structured",".json","964","2026-08-01T13:04:48.0713034-04:00","D4C612FEC36C7C3114CAEE794F1EB6464DA86A37ADE151031552EFD10ED7E627","C:\Users\funny\Documents\AgentBridge-worktrees\gasper-vec901-903-proof-prep-20260801","evidence\dormant-family-0.4\proof-watch.json","4"
"structured",".json","6044","2026-08-01T13:04:48.0692956-04:00","A09EF6D9E453C50DB316CE69B81B583064BCCA6C11A4EA81F3D2847B57CA5FA8","C:\Users\funny\Documents\AgentBridge-worktrees\gasper-vec901-903-proof-prep-20260801","evidence\dormant-family-0.4\proof-dormant-full.json","4"
"structured",".json","1005","2026-08-01T13:04:48.0682887-04:00","B917C9B8001DE302553D01E55FCD7F09EAEAA8CAAE42AACF549AE6B8F606880C","C:\Users\funny\Documents\AgentBridge-worktrees\gasper-vec901-903-proof-prep-20260801","evidence\dormant-family-0.4\proof-browser-recovery.json","4"
"structured",".json","3120","2026-08-01T13:04:48.0637670-04:00","A9163E10A5B477177874F228E87F0C004A6C50083D6B0FAF6905495A956F20C7","C:\Users\funny\Documents\AgentBridge-worktrees\gasper-vec901-903-proof-prep-20260801","evidence\chatgpt-pilot-ready\remote-status.json","4"
"structured",".json","1885","2026-08-01T13:04:48.0627675-04:00","AF56F7FC7A047382EECB5DC5698E0ACE854239A5AB3F25C0664AB2DE99F05523","C:\Users\funny\Documents\AgentBridge-worktrees\gasper-vec901-903-proof-prep-20260801","evidence\chatgpt-pilot-ready\mcp-health.json","4"
"structured",".json","1347","2026-08-01T13:04:48.0603392-04:00","7D5BE43125550D678985F1BEE1A0EC5828B2FEEA2694D4A47A772FB17D573DB4","C:\Users\funny\Documents\AgentBridge-worktrees\gasper-vec901-903-proof-prep-20260801","evidence\chatgpt-pilot-ready\last-deploy.json","4"
"structured",".json","1544","2026-08-01T13:04:48.0593392-04:00","CE0D23FA8FAEFFC1FC80D4E246EB07F0D661F37153B55D5C60F62EDEF8DDDB87","C:\Users\funny\Documents\AgentBridge-worktrees\gasper-vec901-903-proof-prep-20260801","evidence\chatgpt-pilot-ready\READINESS.json","4"
"structured",".json","4642","2026-08-01T13:04:48.0563394-04:00","78541D7D96D242941A26CC1B28532762D46E09FC32E0DA4826299B9D73AF12E3","C:\Users\funny\Documents\AgentBridge-worktrees\gasper-vec901-903-proof-prep-20260801","evidence\browser-lifecycle-accept-6.5.5\SUMMARY.json","4"
"structured",".json","23554","2026-08-01T13:04:48.0553341-04:00","C5C0FB555E6F54EF1F779B6548756151776B9D618506794DA57E3F5D24114593","C:\Users\funny\Documents\AgentBridge-worktrees\gasper-vec901-903-proof-prep-20260801","evidence\browser-lifecycle-accept-6.5.5\RESULTS.json","4"
"structured",".json","4900","2026-08-01T13:04:48.0337246-04:00","C3D4B75D8285B51D9E92C897A8F898D49887A9B77C25B7C5BB147B1AAF97BFE9","C:\Users\funny\Documents\AgentBridge-worktrees\gasper-vec901-903-proof-prep-20260801","evidence\browser-lifecycle-accept-6.5.5\RESULTS-unwrapped.json","4"
"structured",".json","104698","2026-08-01T13:04:48.0321565-04:00","69C73A25639AC9AE36084DD2F0044C14DA96AF82139AE3B23B030D713BD40ADE","C:\Users\funny\Documents\AgentBridge-worktrees\gasper-vec901-903-proof-prep-20260801","evidence\browser-lifecycle-accept-6.5.5\RESULTS-full.json","4"
"structured",".json","584","2026-08-01T13:04:48.0286381-04:00","F21A05DEBE9A0790271A8D966FCC7DF5B1C11D1CE35386B66D7B8E1D2BB86A19","C:\Users\funny\Documents\AgentBridge-worktrees\gasper-vec901-903-proof-prep-20260801","evidence\browser-launch-fix-6.5.5\SUMMARY.json","4"
"structured",".json","307","2026-08-01T13:04:48.0205807-04:00","82E3D897186A438F892AC23200AA63F06F79F200259D0137AF3CA67B2C19980C","C:\Users\funny\Documents\AgentBridge-worktrees\gasper-vec901-903-proof-prep-20260801","evidence\book-004-20260715-193623\RUN_MANIFEST.json","4"
"structured",".json","229","2026-08-01T13:04:48.0158509-04:00","70BC97168D61FA87DB2310BBED4FC2F4CA3B315F3197CC3A42C140E7C9A6EDF1","C:\Users\funny\Documents\AgentBridge-worktrees\gasper-vec901-903-proof-prep-20260801","evidence\book-004-20260715-193623\PERFORMANCE_RESULTS.json","4"
"structured",".json","2701","2026-08-01T13:04:47.9972993-04:00","E7D1031346E42541626F53F4705135125F6E295D67D91DA0CFB1BB84FB48DF8B","C:\Users\funny\Documents\AgentBridge-worktrees\gasper-vec901-903-proof-prep-20260801","evidence\book-004-20260715-193623\CHECKSUMS.json","4"
"structured",".json","36811","2026-08-01T13:04:47.9926245-04:00","AAC3C22EE0A4A4D2635B22EBCE1070C46F1863D7E4F5757CEAC1DEE26D8FEA49","C:\Users\funny\Documents\AgentBridge-worktrees\gasper-vec901-903-proof-prep-20260801","evidence\acceptance-latest\processes-before-third-party.json","4"
"structured",".json","36709","2026-08-01T13:04:47.9911079-04:00","D2BF449165707D8B157C2AAEA4210677FFAB8E8F8B2E7910B1F6698019E0F319","C:\Users\funny\Documents\AgentBridge-worktrees\gasper-vec901-903-proof-prep-20260801","evidence\acceptance-latest\processes-before-shutdown.json","4"
"structured",".json","25302","2026-08-01T13:04:47.9890978-04:00","B57D245F7C7546AAB335DC44947091D5E54D4EF8ADF641774524328BA1837283","C:\Users\funny\Documents\AgentBridge-worktrees\gasper-vec901-903-proof-prep-20260801","evidence\acceptance-latest\processes-after-shutdown.json","4"
"structured",".json","8732","2026-08-01T13:04:47.9870984-04:00","40C3DA4A428D067D897650BFFC024F6A735CE433F01B62DC69996F9E25710DF9","C:\Users\funny\Documents\AgentBridge-worktrees\gasper-vec901-903-proof-prep-20260801","evidence\acceptance-latest\mcp-lifecycle-gpt-review.json","4"
"structured",".json","6267","2026-08-01T13:04:47.9723931-04:00","899C2A06789912273FAAD81781B1A0E3C0C0D13027EFC84BCEE4377E0584D326","C:\Users\funny\Documents\AgentBridge-worktrees\gasper-vec901-903-proof-prep-20260801","evidence\acceptance-latest\SUMMARY.json","4"
"structured",".json","202","2026-08-01T13:04:47.9675258-04:00","B64CF27EFBBA89D20D56CCCD21E0019288BB660A8E16939228D95346BECA1311","C:\Users\funny\Documents\AgentBridge-worktrees\gasper-vec901-903-proof-prep-20260801","evidence\acceptance-latest\34-third-party-disabled.json","4"
"structured",".json","218","2026-08-01T13:04:47.9675258-04:00","B7A83946A95847ACDF84FFBD0C694962D8CED928BA276437BF4134DCF0356F9A","C:\Users\funny\Documents\AgentBridge-worktrees\gasper-vec901-903-proof-prep-20260801","evidence\acceptance-latest\35-service-without-ui.json","4"
"structured",".json","197","2026-08-01T13:04:47.9665252-04:00","3FD53578FCE869F2174348133245DF0BA90ABD7471D2AD52190D5025DCEBB6BB","C:\Users\funny\Documents\AgentBridge-worktrees\gasper-vec901-903-proof-prep-20260801","evidence\acceptance-latest\33-third-party-after-restart.json","4"
"structured",".json","184","2026-08-01T13:04:47.9614793-04:00","332B0638B46A915FC9DDFE80E4E0BE8B68ECAD59BD6DFDB4507AE1346041C15F","C:\Users\funny\Documents\AgentBridge-worktrees\gasper-vec901-903-proof-prep-20260801","evidence\acceptance-latest\29-third-party-health.json","4"
"structured",".json","803","2026-08-01T13:04:47.9135285-04:00","F8C514089A520FF942332AFB165B5DF18151920C85A45D944993932B7CA23CB7","C:\Users\funny\Documents\AgentBridge-worktrees\gasper-vec901-903-proof-prep-20260801","evidence\acceptance-latest\17-browser-repo.json","4"
"structured",".json","688","2026-08-01T13:04:47.8942697-04:00","7F7317F0ACCF9BD15653540FAAADC6D977F9C51E53383D9FB8F75ED0E4DD0CCF","C:\Users\funny\Documents\AgentBridge-worktrees\gasper-vec901-903-proof-prep-20260801","evidence\acceptance-latest\16-repo-remove-readd.json","4"
"structured",".json","976","2026-08-01T13:04:47.8932630-04:00","2342714842CDB79117EDA56D85F2C341A35461A77321D364F7B81D78A1458BCF","C:\Users\funny\Documents\AgentBridge-worktrees\gasper-vec901-903-proof-prep-20260801","evidence\acceptance-latest\15-audit-log.json","4"
"structured",".json","346","2026-08-01T13:04:47.8855993-04:00","9775CD338CE4EEE356F9DD7A97D5C60BB36EE4F028F3FE7E6183A560D29F8329","C:\Users\funny\Documents\AgentBridge-worktrees\gasper-vec901-903-proof-prep-20260801","evidence\acceptance-latest\08-initialize.json","4"
"structured",".json","563","2026-08-01T13:04:47.8840873-04:00","9548F7893946325AE2A10526F2B4ED21344A405DFF9ADA15C4E9538C0EC31964","C:\Users\funny\Documents\AgentBridge-worktrees\gasper-vec901-903-proof-prep-20260801","evidence\acceptance-latest\07-client-profile-generic-http.json","4"
"structured",".json","144","2026-08-01T13:04:47.8835725-04:00","9663D0D8028055FC72C1374BFF3D3997ADE2F28DC504B422785C8186E30013ED","C:\Users\funny\Documents\AgentBridge-worktrees\gasper-vec901-903-proof-prep-20260801","evidence\acceptance-latest\06-config-after-restart.json","8"
"structured",".json","1387","2026-08-01T13:04:47.8807515-04:00","3FF4E8691188D4B0F7892AAC39B3345DA8AC6E4BB096BC5C7C427BA00A45A6AA","C:\Users\funny\Documents\AgentBridge-worktrees\gasper-vec901-903-proof-prep-20260801","evidence\acceptance-latest\04-status-operational.json","4"
"structured",".json","594","2026-08-01T13:04:47.8791466-04:00","145F220E473FC6C4EB321A72F0B0A8290A6FA50265EB23B69984D4D958A79FF4","C:\Users\funny\Documents\AgentBridge-worktrees\gasper-vec901-903-proof-prep-20260801","evidence\acceptance-latest\03-repo-added.json","4"
"structured",".json","1322","2026-08-01T13:04:47.8786411-04:00","FABEEE02FEA1024ADEB35AF6D9F804524BB1C65A1A9126CF7FD39C778933DB77","C:\Users\funny\Documents\AgentBridge-worktrees\gasper-vec901-903-proof-prep-20260801","evidence\acceptance-latest\02-status-setup-required.json","4"
"structured",".json","82","2026-08-01T13:04:47.8776428-04:00","5F76FBE95F3BAA5BF786EB18F84E969E2DD0E8F8AF7EA4D5C64CB84ED7437D7D","C:\Users\funny\Documents\AgentBridge-worktrees\gasper-vec901-903-proof-prep-20260801","evidence\acceptance-latest\01-gateway-start.json","4"
"structured",".json","3351","2026-08-01T13:04:47.8741306-04:00","91A8CC2763C43AAB6234DEE60052AA17B8E985907F98AF4C16A2CCF5A39B1B00","C:\Users\funny\Documents\AgentBridge-worktrees\gasper-vec901-903-proof-prep-20260801","evidence\20260715-residual-close\tournament\TOURNAMENT_RESULTS.json","12"
"structured",".json","285","2026-08-01T13:04:47.8512851-04:00","20A0516DA61E7836606B78B2D6458874AD2FCD411F10312372E201EE2E922604","C:\Users\funny\Documents\AgentBridge-worktrees\gasper-vec901-903-proof-prep-20260801","evidence\0.5.9-service-emotional\service-binary.json","4"
"structured",".json","124","2026-08-01T13:04:47.8502844-04:00","DFA76DFC84B946813F22EAA8E574E9BD2D46A4432DED5D1AF539BC42ADC808D4","C:\Users\funny\Documents\AgentBridge-worktrees\gasper-vec901-903-proof-prep-20260801","evidence\0.5.9-service-emotional\scm-status.json","4"
"structured",".json","1502","2026-08-01T13:04:47.8492849-04:00","266B6B94C412A121882980385BB577CE5711928463B813BE5A1A9EB32876E512","C:\Users\funny\Documents\AgentBridge-worktrees\gasper-vec901-903-proof-prep-20260801","evidence\0.5.9-service-emotional\proof-emotional-matrix.json","4"
"structured",".json","423","2026-08-01T13:04:47.8482852-04:00","EBA6305F57925268CC286909E6E6460C047F7DF26707F3AB7868A8C645339C5D","C:\Users\funny\Documents\AgentBridge-worktrees\gasper-vec901-903-proof-prep-20260801","evidence\0.5.9-service-emotional\install-scm-service-out.json","4"
"structured",".json","336","2026-08-01T13:04:47.8472805-04:00","007A21FB06F109D1F7F0C67152191A385633CFD4E935908BC501A795143F330A","C:\Users\funny\Documents\AgentBridge-worktrees\gasper-vec901-903-proof-prep-20260801","evidence\0.5.9-service-emotional\SUMMARY.json","4"
"structured",".json","1531","2026-08-01T13:04:47.8442667-04:00","1E69DD1DB682559DD696224266F933132E2A7F92C7033B9312F2BDB4FA46F580","C:\Users\funny\Documents\AgentBridge-worktrees\gasper-vec901-903-proof-prep-20260801","evidence\0.5.8-dock-gating\proof-0.5.8.json","4"
"structured",".json","900","2026-08-01T13:04:47.8432668-04:00","3B375EB920274DEE14244035DBF1C20BEE1E98AE1CCF056D838DD33666F65050","C:\Users\funny\Documents\AgentBridge-worktrees\gasper-vec901-903-proof-prep-20260801","evidence\0.5.7-field-dormant\proof-0.5.7.json","4"
"structured",".json","2581","2026-08-01T13:04:47.8407588-04:00","5DDCCF6BA30D94A3F20CE996FFF5598780855A3E32A921DF5A572A206D6808F7","C:\Users\funny\Documents\AgentBridge-worktrees\gasper-vec901-903-proof-prep-20260801","evidence\0.5.6-drag-watch-presets\proof-0.5.6.json","4"
"structured",".json","847","2026-08-01T13:04:47.8382546-04:00","7384E35C8AED13022B2F64196E89DA1CADEEE2CFBC9829A52DC486AE12500DC2","C:\Users\funny\Documents\AgentBridge-worktrees\gasper-vec901-903-proof-prep-20260801","evidence\0.5.5-mesh-browser-dormant\proof-0.5.5.json","4"
"structured",".json","12112","2026-08-01T13:04:47.8326638-04:00","B29C4143955AD3BD38991B8AE2E5888FE644C1C613A2CF65FAFB55CE6EE4CCB9","C:\Users\funny\Documents\AgentBridge-worktrees\gasper-vec901-903-proof-prep-20260801","evidence\0.5.4-mesh-git-perf\proof-git-byte-restore.json","4"
"structured",".json","1985","2026-08-01T13:04:47.8316641-04:00","FFA3A04516299FF4296BF980FFFAE2BFDA41E5F6A3DF0FF5F2BAEF14FC91AEDC","C:\Users\funny\Documents\AgentBridge-worktrees\gasper-vec901-903-proof-prep-20260801","evidence\0.5.4-mesh-git-perf\proof-0.5.4-mesh-git-perf.json","4"
"structured",".json","1852","2026-08-01T13:04:47.8291357-04:00","1F47FFB0CC8B07516E699295741BB4E6E14A02E86E4B5D2518F4EC0113A25AEF","C:\Users\funny\Documents\AgentBridge-worktrees\gasper-vec901-903-proof-prep-20260801","evidence\0.5.3-sleep-resume\sleep-resume-sim.json","8"
"structured",".json","886","2026-08-01T13:04:47.8276295-04:00","29DEBB6C0BCB62DBB9965C42BB4C43D227EE95F42F76157DFE43BA17A3C3ECA0","C:\Users\funny\Documents\AgentBridge-worktrees\gasper-vec901-903-proof-prep-20260801","evidence\0.5.3-concurrent-auth\verification-matrix-0.5.3.json","4"
"structured",".json","272","2026-08-01T13:04:47.8255942-04:00","3178CD3DE11DF7086858599B34190D6C3B2890BDE9282958CA8AA99E35B7CAB3","C:\Users\funny\Documents\AgentBridge-worktrees\gasper-vec901-903-proof-prep-20260801","evidence\0.5.3-concurrent-auth\session-cleanup.json","4"
"structured",".json","998","2026-08-01T13:04:47.8245957-04:00","D35CDDCAC51BC352F39E2A6A29FD8F62E6113310079C99A046F91C3C6E5DA0C6","C:\Users\funny\Documents\AgentBridge-worktrees\gasper-vec901-903-proof-prep-20260801","evidence\0.5.3-concurrent-auth\proof-concurrent-auth.json","8"
"structured",".json","1817","2026-08-01T13:04:47.8220821-04:00","3611474BE088EADE8F7AEA08650774D63BA574C3A110D6082CFCDB2D83DE54B6","C:\Users\funny\Documents\AgentBridge-worktrees\gasper-vec901-903-proof-prep-20260801","evidence\0.5.3-concurrent-auth\portable-package-snapshot.json","4"
"structured",".json","1638","2026-08-01T13:04:47.8190773-04:00","CBE613339CEBB4800B61ED680A640EA97C13334695B31095B8AB7B73FCC87786","C:\Users\funny\Documents\AgentBridge-worktrees\gasper-vec901-903-proof-prep-20260801","evidence\0.5.2-publish-browser\published-package\publish-slice-dev-2026-07-15T08-36-30-174Z.json","4"
"structured",".json","790","2026-08-01T13:04:47.8180332-04:00","F11704BF9604085D53FC30ED0AB0E2D397B6FB24B32F1F3A73E5677A14B0AF13","C:\Users\funny\Documents\AgentBridge-worktrees\gasper-vec901-903-proof-prep-20260801","evidence\0.5.2-publish-browser\published-package\publish-manifest.json","4"
"structured",".json","1339","2026-08-01T13:04:47.8160275-04:00","150A2988CD9D3EB43ACCC67F47C7A8F7A3A551EE530FFCB83615476105B94BFC","C:\Users\funny\Documents\AgentBridge-worktrees\gasper-vec901-903-proof-prep-20260801","evidence\0.5.2-publish-browser\proof-publish-browser-tracks.json","4"
"structured",".json","2312","2026-08-01T13:04:47.8140053-04:00","0478BED5257B21F2B8153085364A3C03ACCDCE359F039A542A3FCD6B31BE750C","C:\Users\funny\Documents\AgentBridge-worktrees\gasper-vec901-903-proof-prep-20260801","evidence\0.5.2-compare-wake\proof-compare-wake-validate.json","4"
"structured",".json","1464","2026-08-01T13:04:47.8127565-04:00","49CAF3B67E9D3FB680478003767ACEE87F4BB63D8A4118F49819A7EF171E5472","C:\Users\funny\Documents\AgentBridge-worktrees\gasper-vec901-903-proof-prep-20260801","evidence\0.5.2-compare-wake\portable-checksums-0.5.2.json","4"
"structured",".json","1809","2026-08-01T13:04:47.7995932-04:00","82150C6FE5E4F4996E679633D7B32283CC07B0F9825B9FBFAD082870CE911CF5","C:\Users\funny\Documents\AgentBridge-worktrees\gasper-vec901-903-proof-prep-20260801","evidence\0.5.2-compare-wake\compare-modes\report.json","4"
"structured",".json","713","2026-08-01T13:04:47.7889721-04:00","1B12F5652DD1D350DD00FF13C70EBE2660610BDD0B72EAA143F652B82BD775A2","C:\Users\funny\Documents\AgentBridge-worktrees\gasper-vec901-903-proof-prep-20260801","evidence\0.5.1-watch-preserve\proof-watch-preserve.json","4"
"structured",".json","441","2026-08-01T13:04:47.7879723-04:00","DF0E5E167BEB3AD789E27A78D64A737043F02AC1C8187B7D45236464F6A495EA","C:\Users\funny\Documents\AgentBridge-worktrees\gasper-vec901-903-proof-prep-20260801","evidence\0.5.1-material-perf\verification-matrix-0.5.1.json","4"
"structured",".json","2279","2026-08-01T13:04:47.7859673-04:00","EE31E5BF73D5304FB45A01C6962B1A6057F2BF19B63D60F2966D8F6D0F4A4292","C:\Users\funny\Documents\AgentBridge-worktrees\gasper-vec901-903-proof-prep-20260801","evidence\0.5.1-material-perf\proof-material-perf-tracks.json","4"
"structured",".json","2246","2026-08-01T13:04:47.7839452-04:00","94E62619E05F046451A7EC16D96AE794BA49C59365C66F17EEC6092B3A954000","C:\Users\funny\Documents\AgentBridge-worktrees\gasper-vec901-903-proof-prep-20260801","evidence\0.5.0-timeline-graph\verification-matrix-0.5.json","4"
"structured",".json","413","2026-08-01T13:04:47.7829449-04:00","709DA39162CA4E7F0534B050BE00E7706F75E1D517638463609C53749B9BFD8F","C:\Users\funny\Documents\AgentBridge-worktrees\gasper-vec901-903-proof-prep-20260801","evidence\0.5.0-timeline-graph\proof-easing-interrupt.json","4"
"structured",".json","1004","2026-08-01T13:04:47.7819453-04:00","CFF52174787448C48150655C52DBFCE6FAC264FAAAD1D2D1715049DB301B5722","C:\Users\funny\Documents\AgentBridge-worktrees\gasper-vec901-903-proof-prep-20260801","evidence\0.5.0-timeline-graph\proof-0.5-timeline-graph.json","4"
"structured",".json","1349","2026-08-01T13:04:47.7794355-04:00","7B2459705D9CE0D2E657B6BF9A70FDA512324BF40A4D62EEE46DCD4A07EC6CCC","C:\Users\funny\Documents\AgentBridge-worktrees\gasper-vec901-903-proof-prep-20260801","evidence\0.5.0-slice\proof-0.5.0-face-resources.json","4"
"structured",".json","784","2026-08-01T13:04:47.7764336-04:00","474FF194CCFB75902A350447B6F9AB81E0A90B50BC958122BCCC08DE0EBE1A48","C:\Users\funny\Documents\AgentBridge-worktrees\gasper-vec901-903-proof-prep-20260801","evidence\0.5.0-mesh-soft\proof-mesh-soft.json","4"
"structured",".json","508","2026-08-01T13:04:47.7733225-04:00","76A8E638639B73750756FC0B34C701AF57A9C61302DA341FB5FB318310C6A32B","C:\Users\funny\Documents\AgentBridge-worktrees\gasper-vec901-903-proof-prep-20260801","docs\triforce\state.json","4"
"structured",".json","1917","2026-08-01T13:04:47.7723231-04:00","5B423DAE4A3825E96C188B068B65EBF84CC862DC39D79E54D468A2C3A4AFD869","C:\Users\funny\Documents\AgentBridge-worktrees\gasper-vec901-903-proof-prep-20260801","docs\triforce\kernel.lock.json","4"
"structured",".json","695","2026-08-01T13:04:47.7557419-04:00","A8A7DC86E9F4847822669F99928F7CC59261A812932E398030BD973E55DA3B77","C:\Users\funny\Documents\AgentBridge-worktrees\gasper-vec901-903-proof-prep-20260801","docs\planops\state.json","4"
"structured",".json","202","2026-08-01T13:04:47.7529066-04:00","4222EEC3B6D6129696CE283DCD3F4FE1462782E5AC7E55133FEAB0E1B97C3BF9","C:\Users\funny\Documents\AgentBridge-worktrees\gasper-vec901-903-proof-prep-20260801","docs\planops\kernel.lock.json","4"
"structured",".json","947","2026-08-01T13:04:47.7456709-04:00","166E19BD4A405225D28ACCC1CCDF76759577B9505655B4132DD656DCF8DBE659","C:\Users\funny\Documents\AgentBridge-worktrees\gasper-vec901-903-proof-prep-20260801","docs\planops\books\GASPER_007_F_VISUAL_IDENTITY_RUNTIME_WIRING_RECOVERY_MEGABOOK.meta.json","4"
"structured",".json","2175","2026-08-01T13:04:47.7401563-04:00","9F62E609DB8DF683BCBA57820885ED78966A4E7D65CA8185F9ECFFE0C6F38E86","C:\Users\funny\Documents\AgentBridge-worktrees\gasper-vec901-903-proof-prep-20260801","docs\planops\books\007-gasper-studio-designops-convergence-and-interaction-authority-megabook.meta.json","4"
"structured",".json","7105","2026-08-01T13:04:47.7376505-04:00","5F217ACBC1A6F3428A6E17EFE7A8610056A2C76F4C1669D82F6A2925C79A0849","C:\Users\funny\Documents\AgentBridge-worktrees\gasper-vec901-903-proof-prep-20260801","docs\planops\books\006-gasper-studio-performance-grammar-behavioral-compiler-and-affect-lab-megabook.meta.json","4"
"structured",".json","872","2026-08-01T13:04:47.7341229-04:00","D6F3CFC31CF1D1481C9E7837BF21DA09DB145F0D5235CBD392BE2E64E8CD9857","C:\Users\funny\Documents\AgentBridge-worktrees\gasper-vec901-903-proof-prep-20260801","docs\planops\books\005-gasper-studio-final-form-recovery-native-authoring-and-living-animation-runtime-megabook.meta.json","4"
"structured",".json","913","2026-08-01T13:04:47.6085104-04:00","1ED0E3E3D2CBBEB0BF4E01B9D3C7731FF590DA2834B23FDEAE3B00A20E4F878A","C:\Users\funny\Documents\AgentBridge-worktrees\gasper-vec901-903-proof-prep-20260801","crates\gasper-studio\tauri.conf.json","4"
"structured",".json","933","2026-08-01T13:04:47.6008309-04:00","DB2AEAE47D3E3EC58FB0EE02AF586FB2531E65DB6E0E4A2D74686D7BC069DD82","C:\Users\funny\Documents\AgentBridge-worktrees\gasper-vec901-903-proof-prep-20260801","crates\gasper-studio\last-build-identity.json","4"
"structured",".json","116365","2026-08-01T13:04:47.5931722-04:00","74B3414A332C01CFF607209A2F8A17FFAB9B6F0C38179E55F387D988F98FF337","C:\Users\funny\Documents\AgentBridge-worktrees\gasper-vec901-903-proof-prep-20260801","crates\gasper-studio\gen\schemas\windows-schema.json","10"
"structured",".json","367","2026-08-01T13:04:47.5890968-04:00","276D1C2AAD23C847216A1D1C78DFFA1EA018CAAFC8D576630649A77A4222AD61","C:\Users\funny\Documents\AgentBridge-worktrees\gasper-vec901-903-proof-prep-20260801","crates\gasper-studio\gen\schemas\capabilities.json","5"
"structured",".json","66741","2026-08-01T13:04:47.5880929-04:00","E653B984D2A1FB2632DE7DFC267B1710CF3BAFD848DFCF4264F861548B33F0B8","C:\Users\funny\Documents\AgentBridge-worktrees\gasper-vec901-903-proof-prep-20260801","crates\gasper-studio\gen\schemas\acl-manifests.json","5"
"structured",".json","214","2026-08-01T13:04:47.5840810-04:00","4487EA282A312E45170CEAC9C5CFDD90F7B48C54FA9CE8F68A0C43A2DDEAFAB8","C:\Users\funny\Documents\AgentBridge-worktrees\gasper-vec901-903-proof-prep-20260801","crates\gasper-studio\frontend-build-stamp.json","2"
"structured",".json","464","2026-08-01T13:04:47.5830822-04:00","7DC84CCEB1E7AA79C98D9F4B2F05F2FA1C78A1D8A8B47BE92B2F4672139AB744","C:\Users\funny\Documents\AgentBridge-worktrees\gasper-vec901-903-proof-prep-20260801","crates\gasper-studio\capabilities\default.json","5"
"structured",".json","269","2026-08-01T13:04:47.5390370-04:00","E3987CC4E556EEB389AA4FDFB38BF819CC25EBBDEC203921B4E3DC6D16673F40","C:\Users\funny\Documents\AgentBridge-worktrees\gasper-vec901-903-proof-prep-20260801","crates\expression-core\expression-policy\transition-routes.json","4"
"structured",".json","1255","2026-08-01T13:04:47.5390370-04:00","10A03DECC9F0901AF938ABDCBC4C44C31921C3258DC171B017A316601C96459C","C:\Users\funny\Documents\AgentBridge-worktrees\gasper-vec901-903-proof-prep-20260801","crates\expression-core\expression-policy\semantic-chirality.json","4"
"structured",".json","218","2026-08-01T13:04:47.5370313-04:00","2B95EBE098380A7E63333C7F93D320FE082B5AE2A3E351A770949F8D969B6C68","C:\Users\funny\Documents\AgentBridge-worktrees\gasper-vec901-903-proof-prep-20260801","crates\expression-core\expression-policy\scene-bindings.json","4"
"structured",".json","471","2026-08-01T13:04:47.5365118-04:00","70648E4CA903BA6D6BC4882A9BEB887560B66D81B37FE05BFC350DD8E7C6FEEB","C:\Users\funny\Documents\AgentBridge-worktrees\gasper-vec901-903-proof-prep-20260801","crates\expression-core\expression-policy\motion-grammar.json","4"
"structured",".json","214","2026-08-01T13:04:47.5355023-04:00","2871EA9A2C5B04AD460398DD0F1FD5AA0FD27A6C192E8A18239F0CD3915AD4B7","C:\Users\funny\Documents\AgentBridge-worktrees\gasper-vec901-903-proof-prep-20260801","crates\expression-core\expression-policy\microvariation.json","4"
"structured",".json","1783","2026-08-01T13:04:47.5345021-04:00","6DEE93A6C1E322E5021E9C5BA326E2016EAE477FB59120C177FAC6655AC5D736","C:\Users\funny\Documents\AgentBridge-worktrees\gasper-vec901-903-proof-prep-20260801","crates\expression-core\expression-policy\manifest.json","4"
"structured",".json","263","2026-08-01T13:04:47.5335014-04:00","E7E2138E36D972F6ADA9054FE27DED750D07B24496391F88C0A8F5D2BB3DEA71","C:\Users\funny\Documents\AgentBridge-worktrees\gasper-vec901-903-proof-prep-20260801","crates\expression-core\expression-policy\identity-constraints.json","4"
"structured",".json","261","2026-08-01T13:04:47.5313240-04:00","1C305B92F18FA5F288E2F949921965B60B2DFD03F7B2C1AD3CC58F8B07C5080A","C:\Users\funny\Documents\AgentBridge-worktrees\gasper-vec901-903-proof-prep-20260801","crates\expression-core\expression-policy\fallback-policy.json","4"
"structured",".json","387","2026-08-01T13:04:47.5303202-04:00","DEE96E50E74FD02610680E6069BF276F12F3961E8BBF84F237478A81B41063F0","C:\Users\funny\Documents\AgentBridge-worktrees\gasper-vec901-903-proof-prep-20260801","crates\expression-core\expression-policy\embodiment-presence.json","4"
"structured",".json","1380","2026-08-01T13:04:47.5288130-04:00","5FEDF29073FA9B8178F09ADE46621204AB186966377201967B8A103CA0764B66","C:\Users\funny\Documents\AgentBridge-worktrees\gasper-vec901-903-proof-prep-20260801","crates\expression-core\expression-policy\control-projection.json","4"
"structured",".json","401","2026-08-01T13:04:47.5288130-04:00","18B5B4947020987315CDA49F7864B71ED542310C9C403FD58625DF552F2A5F84","C:\Users\funny\Documents\AgentBridge-worktrees\gasper-vec901-903-proof-prep-20260801","crates\expression-core\expression-policy\embodiment-comet.json","4"
"structured",".json","505","2026-08-01T13:04:47.5268120-04:00","0D460A870E349B85E2485595D0F60C5C0C4262E573279A79D790F793A5FA2C45","C:\Users\funny\Documents\AgentBridge-worktrees\gasper-vec901-903-proof-prep-20260801","crates\expression-core\expression-policy\appraisal-basis.json","4"
"structured",".json","741","2026-08-01T13:04:47.5258083-04:00","F9A7DD8CFBE95D6AFF49B26191A7E672AB3CF0360217E0105D40179C33050B8A","C:\Users\funny\Documents\AgentBridge-worktrees\gasper-vec901-903-proof-prep-20260801","crates\expression-core\expression-policy\anchor-registry.json","4"
"structured",".json","371","2026-08-01T13:04:47.5243047-04:00","5B8890F4DD9158920DDFC6FE8FE18B107A397DE6945655A4F474ADA42526EA10","C:\Users\funny\Documents\AgentBridge-worktrees\gasper-vec901-903-proof-prep-20260801","crates\expression-core\expression-policy\action-tendency-basis.json","4"
"structured",".json","804","2026-08-01T13:04:47.4935835-04:00","468353B2A8A347587753EA243AACCF9521E3F39C9EB8B2F6971B952E5F475898","C:\Users\funny\Documents\AgentBridge-worktrees\gasper-vec901-903-proof-prep-20260801","crates\desktop\tauri.conf.json","4"
"structured",".json","453","2026-08-01T13:04:47.4813756-04:00","5989807E6DC9E7DB80BBABE8B0EE3B780CD382D3E7F7CAF7FFEFE43CFB1BADEA","C:\Users\funny\Documents\AgentBridge-worktrees\gasper-vec901-903-proof-prep-20260801","crates\desktop\capabilities\default.json","4"
"structured",".json","803","2026-08-01T13:04:47.4759856-04:00","DF5BF84F4AAAE89ADE738260A107DC2D40532415A6969C09AE1DAD927E20FDC3","C:\Users\funny\Documents\AgentBridge-worktrees\gasper-vec901-903-proof-prep-20260801","contracts\CONTEXT_RECEIPT.schema.json","4"
"structured",".json","676","2026-08-01T13:04:47.4734813-04:00","009725A5830F46E23041B41EFCA276CF3866F86BEB84C91FE793D8BAD42D6EBF","C:\Users\funny\Documents\AgentBridge-worktrees\gasper-vec901-903-proof-prep-20260801","contracts\ACTION_PREFLIGHT.schema.json","4"
"structured",".json","5447","2026-08-01T13:04:47.4694726-04:00","7CAC477D9DA58C48133A1B00022FD22BD886CEC974F3835746E39D3BF47B8C17","C:\Users\funny\Documents\AgentBridge-worktrees\gasper-vec901-903-proof-prep-20260801","artifacts\vdim-os\proofs\presence-proof-latest.json","4"
"structured",".json","3574","2026-08-01T13:04:47.4658430-04:00","3CBC832C85E6CDC7992F089565C1D6C018D086FF0D41DE86381526EB8A20A22A","C:\Users\funny\Documents\AgentBridge-worktrees\gasper-vec901-903-proof-prep-20260801","artifacts\vdim-os\VDIM-W0-CANONICAL-REGISTRY.json","4"
"structured",".json","4987","2026-08-01T13:04:47.4638255-04:00","843D1DAA115AE85F16638790E89CF3E502A82C0100FD2B3F12DA829E0CB00840","C:\Users\funny\Documents\AgentBridge-worktrees\gasper-vec901-903-proof-prep-20260801","artifacts\vdim-os\VDIM-OS-001-SWARM-MANIFEST.json","4"
"structured",".json","554","2026-08-01T13:04:47.4588063-04:00","A905B47EB39BF3EC7B62F11AFDA120117C4E82F99005C1183E2CE94C7E963C24","C:\Users\funny\Documents\AgentBridge-worktrees\gasper-vec901-903-proof-prep-20260801","artifacts\terminal-pilot\worktree-purity.json","4"
"structured",".json","4273","2026-08-01T13:04:47.4578073-04:00","BAB2E04A336BEE81766E14D84F49ED035D77B8F6A76A9A25C226E31A26B1C00A","C:\Users\funny\Documents\AgentBridge-worktrees\gasper-vec901-903-proof-prep-20260801","artifacts\terminal-pilot\test-results.json","4"
"structured",".json","730","2026-08-01T13:04:47.4568077-04:00","30CCD6FE52A69CE2E782FCB72EFD403288914B929C6799ECD5DC6BE2632E86E7","C:\Users\funny\Documents\AgentBridge-worktrees\gasper-vec901-903-proof-prep-20260801","artifacts\terminal-pilot\session-authority.json","4"
"structured",".json","4475","2026-08-01T13:04:47.4372313-04:00","D83E2BED40541418A6F6F3D4F302DFD72CD1AB8BAD06098B90DF8A5ABB0BE2E1","C:\Users\funny\Documents\AgentBridge-worktrees\gasper-vec901-903-proof-prep-20260801","artifacts\terminal-pilot\proof.json","4"
"structured",".json","130","2026-08-01T13:04:47.4362277-04:00","58B2F5EE447D101A2D5D04D5B8DFA18F7EFBF7A58DDE70F6EF764B55993B1AC8","C:\Users\funny\Documents\AgentBridge-worktrees\gasper-vec901-903-proof-prep-20260801","artifacts\terminal-pilot\process-cleanup-proof.json","4"
"structured",".json","868","2026-08-01T13:04:47.4342141-04:00","EAC596D3AE654E28DB559D9526F8F60752299EB66EAF4DA1041E28F10F6324C2","C:\Users\funny\Documents\AgentBridge-worktrees\gasper-vec901-903-proof-prep-20260801","artifacts\terminal-pilot\manual-takeover-proof.json","4"
"structured",".json","254","2026-08-01T13:04:47.4332098-04:00","665CF2190FDB75DCEE3749A144A1036152AB7C3043CE4C477794E2CA6CDF4AF5","C:\Users\funny\Documents\AgentBridge-worktrees\gasper-vec901-903-proof-prep-20260801","artifacts\terminal-pilot\ipc-security.json","4"
"structured",".json","171","2026-08-01T13:04:47.4317061-04:00","77A8E322AEC08A3F10DC8D48785DEE498C93648389A410E8D98244BF9E2B588B","C:\Users\funny\Documents\AgentBridge-worktrees\gasper-vec901-903-proof-prep-20260801","artifacts\terminal-pilot\interrupt-proof.json","4"
"structured",".json","182","2026-08-01T13:04:47.4307018-04:00","8B233852C9E1FD3F7E9346D8073984AA2402756DCFC16D5417654F3AA0FD50C2","C:\Users\funny\Documents\AgentBridge-worktrees\gasper-vec901-903-proof-prep-20260801","artifacts\terminal-pilot\grok-lifecycle-proof.json","4"
"structured",".json","672","2026-08-01T13:04:47.4291973-04:00","26C8C76D9F94355D1BA64A871698245DB19AD847183A8768F7B0129C1C755A00","C:\Users\funny\Documents\AgentBridge-worktrees\gasper-vec901-903-proof-prep-20260801","artifacts\terminal-pilot\conpty-screen-proof.json","4"
"structured",".json","4240","2026-08-01T13:04:47.4236810-04:00","0425A62725880BD3E2E9843E8CA2460BE2ABB7FFE8C7F19E57858E40DB36FC86","C:\Users\funny\Documents\AgentBridge-worktrees\gasper-vec901-903-proof-prep-20260801","artifacts\repair\startup-soak-result.json","4"
"structured",".json","84235","2026-08-01T13:04:47.4181704-04:00","04DA0ECD71B6647C3E94F57C3DAF04EC0BBBFBE9353687B04D1F8E38F0190544","C:\Users\funny\Documents\AgentBridge-worktrees\gasper-vec901-903-proof-prep-20260801","artifacts\reddit-intelligence\raw\saved-loaded-unfiltered.json","4"
"structured",".json","24902","2026-08-01T13:04:47.4161655-04:00","85510D493BA9DC5B4B628CA52E78F1A993882E5B10A84DA4E6B6214FA52D517C","C:\Users\funny\Documents\AgentBridge-worktrees\gasper-vec901-903-proof-prep-20260801","artifacts\reddit-intelligence\raw\saved-last-10-days.json","4"
"structured",".json","64910","2026-08-01T13:04:47.4146632-04:00","BC0277B80A4D8504C2D78AD6C00E35EB38664A95ADAD65F1EDB5A889C03248DD","C:\Users\funny\Documents\AgentBridge-worktrees\gasper-vec901-903-proof-prep-20260801","artifacts\reddit-intelligence\deepdive-seven-summary.json","4"
"structured",".json","333589","2026-08-01T13:04:47.4136634-04:00","53D3466E8091C3B3F43FBDAF8C6F07FD3B4095EEFFBB927C4D43F4F933F6CFAA","C:\Users\funny\Documents\AgentBridge-worktrees\gasper-vec901-903-proof-prep-20260801","artifacts\reddit-intelligence\deepdive-seven-links.json","4"
"structured",".json","141356","2026-08-01T13:04:47.4106584-04:00","55CBB2F10D0190DB3F64662773C69CC33D079D4A8EC4B38332122024E935527D","C:\Users\funny\Documents\AgentBridge-worktrees\gasper-vec901-903-proof-prep-20260801","artifacts\reddit-intelligence\deepdive-five-links.json","4"
"structured",".json","8444","2026-08-01T13:04:47.4076545-04:00","FBD9A9A57F62122FDFC6CE9C090D9F39C28F1DD2BB4B9AEC4772B4B48EAC846B","C:\Users\funny\Documents\AgentBridge-worktrees\gasper-vec901-903-proof-prep-20260801","artifacts\pc-fabric-convergence-001\baseline\triforce-status.json","4"
"structured",".json","2932","2026-08-01T13:04:47.4056439-04:00","1C53D3B750E49290D35F0C308FF14FAABDBB306C3CD8204DD3B89249C3975DC7","C:\Users\funny\Documents\AgentBridge-worktrees\gasper-vec901-903-proof-prep-20260801","artifacts\pc-fabric-convergence-001\baseline\triforce-doctor.json","4"
"structured",".json","6490","2026-08-01T13:04:47.4051385-04:00","F1F6E630B9668E32346890717577A79CEFFA1291F26C6C328AFBE9AD1FB97FC6","C:\Users\funny\Documents\AgentBridge-worktrees\gasper-vec901-903-proof-prep-20260801","artifacts\pc-fabric-convergence-001\baseline\triforce-boot.json","4"
"structured",".json","1136","2026-08-01T13:04:47.4041376-04:00","4F48E4B33552CD384407ED11A760B0C7F2F16F5DE935E56C9C58B53617FD1EB6","C:\Users\funny\Documents\AgentBridge-worktrees\gasper-vec901-903-proof-prep-20260801","artifacts\pc-fabric-convergence-001\baseline\implementation-context-receipt.json","4"
"structured",".json","197","2026-08-01T13:04:47.4001357-04:00","C03FBBBA3231C0106B579D300242372350A79AF719567FB8A14B7FAF0F55A82C","C:\Users\funny\Documents\AgentBridge-worktrees\gasper-vec901-903-proof-prep-20260801","artifacts\pc-fabric-convergence-001\baseline\git-identity.json","4"
"structured",".json","1116","2026-08-01T13:04:47.3996287-04:00","04390D8D786F31D9E1DD046D7F196D4D53348F66C0CDCB602A69747CE83BA458","C:\Users\funny\Documents\AgentBridge-worktrees\gasper-vec901-903-proof-prep-20260801","artifacts\pc-fabric-convergence-001\baseline\deployment-context-receipt.json","4"
"structured",".json","288","2026-08-01T13:04:47.3976266-04:00","1B59CD533E2EC7A17EC0FF0BA7DFDBA4505BF523B9D795BA6E416E1F8DDB3D10","C:\Users\funny\Documents\AgentBridge-worktrees\gasper-vec901-903-proof-prep-20260801","artifacts\pc-fabric-convergence-001\baseline\context-check.json","4"
"structured",".json","10180","2026-08-01T13:04:47.3887617-04:00","795506EC3388EB185A7A10022B0A458B693003F236E43BD8CCF0038B3E5CFBED","C:\Users\funny\Documents\AgentBridge-worktrees\gasper-vec901-903-proof-prep-20260801","artifacts\operating-system-upgrade\OS-UPGRADE-001A-FEDERATION-BASELINE.json","4"
"structured",".json","5882","2026-08-01T13:04:47.3877627-04:00","23A559B70F8151A7F9365F7C73037C671859BFF6B8870C4D8F3CDF3AB2641A09","C:\Users\funny\Documents\AgentBridge-worktrees\gasper-vec901-903-proof-prep-20260801","artifacts\operating-system-upgrade\OS-UPGRADE-001-SWARM-MANIFEST.json","4"
"structured",".json","820","2026-08-01T13:04:47.3817375-04:00","E115D89556D806F60040F9E3A35EA1533F4E017708C418E0D4B75195B3A91FF2","C:\Users\funny\Documents\AgentBridge-worktrees\gasper-vec901-903-proof-prep-20260801","artifacts\mcp-hq-gasper-rapid-pilot\mcp-hq-gasper-rapid-pilot\proofs\PROGRAM-PROOF-LATEST.json","4"
"structured",".json","877","2026-08-01T13:04:47.3797292-04:00","82528291ED4B4622F58749A9CF42358542EA9D919284DD66565530ED14F59241","C:\Users\funny\Documents\AgentBridge-worktrees\gasper-vec901-903-proof-prep-20260801","artifacts\mcp-hq-gasper-rapid-pilot\mcp-hq-gasper-rapid-pilot\leases\W0-LEASES.json","4"
"structured",".json","3614","2026-08-01T13:04:47.3762145-04:00","C0BF04A18CCB81746E696ABEE73B44C4966EE110724DA16AF89A7EEDCE19CBFE","C:\Users\funny\Documents\AgentBridge-worktrees\gasper-vec901-903-proof-prep-20260801","artifacts\mcp-hq-gasper-rapid-pilot\mcp-hq-gasper-rapid-pilot\W0-FEDERATION-BASELINE.json","4"
"structured",".json","2658","2026-08-01T13:04:47.3747110-04:00","1B07DD2FA4EA5A175FFD990D4037999DF6038A3F24FEF9A147039F45B0B87B58","C:\Users\funny\Documents\AgentBridge-worktrees\gasper-vec901-903-proof-prep-20260801","artifacts\mcp-hq-gasper-rapid-pilot\mcp-hq-gasper-rapid-pilot\MCP-HQ-GASPER-RAPID-PILOT-SWARM-MANIFEST.json","4"
"structured",".json","744","2026-08-01T13:04:47.3705098-04:00","3475FC9E35C44A8309E41371E16F50668E7ABD4CB7B51689BC355190C1B6D5F4","C:\Users\funny\Documents\AgentBridge-worktrees\gasper-vec901-903-proof-prep-20260801","artifacts\hyperthread\receipts\GASPER-VISION-COMPLETION-TASK2-context-receipt.json","3"
"structured",".json","745","2026-08-01T13:04:47.3690052-04:00","1884CE7DC1F568ACE3799D2F2E09E4A353BB4BEF81B420BBA8F7815A8008940F","C:\Users\funny\Documents\AgentBridge-worktrees\gasper-vec901-903-proof-prep-20260801","artifacts\hyperthread\receipts\GASPER-VISION-COMPLETION-TASK1-context-receipt.json","3"
"structured",".json","1958","2026-08-01T13:04:47.3674972-04:00","58D1AAAF8C4DD518DC992A517338BA12C333FDD9EDABE44989BFB84A085A3183","C:\Users\funny\Documents\AgentBridge-worktrees\gasper-vec901-903-proof-prep-20260801","artifacts\hyperthread\plans\GASPER-VISION-COMPLETION-2026-07-31.plan.json","3"
"structured",".json","2614","2026-08-01T13:04:47.3664967-04:00","8DD1E3ACA97A46AF78C37D3BBDC740D7C82B30BE8D1374B65559B66BBB1B6D41","C:\Users\funny\Documents\AgentBridge-worktrees\gasper-vec901-903-proof-prep-20260801","artifacts\hyperthread\plans\GASPER-REAL-WORK.plan.json","8"
"structured",".json","18505","2026-08-01T13:04:47.3644885-04:00","4838F06F61BA1A11FFCE9FE3047AAF27F492FDA356559549A75F17CBB30F0E61","C:\Users\funny\Documents\AgentBridge-worktrees\gasper-vec901-903-proof-prep-20260801","artifacts\hyperthread\plans\GASPER-NEXT-DIRECTION-ALIGNMENT.plan.json","4"
"structured",".json","1871","2026-08-01T13:04:47.3629838-04:00","37D3454AFBEAC8155E347372D81CB46585C66F9870E52239533F760EBB1762EA","C:\Users\funny\Documents\AgentBridge-worktrees\gasper-vec901-903-proof-prep-20260801","artifacts\hyperthread\plans\AGENTBRIDGE-PC-FABRIC-CONVERGENCE-001-manifest.json","4"
"structured",".json","650461","2026-08-01T13:04:47.3599711-04:00","E86F2492EF8B5A7E0E67D9918B2E24152760DF33E17AEC45655E347A46F390AB","C:\Users\funny\Documents\AgentBridge-worktrees\gasper-vec901-903-proof-prep-20260801","artifacts\hyperthread\evidence\GASPER-VISION-COMPLETION-2026-07-31\task3-living-baseline\packaged-matrix-retry\MATRIX_DRIVE_SAMPLES.json","3"
"structured",".json","958662","2026-08-01T13:04:47.3569661-04:00","C653B1A9A303FCDBDCFC5BC4560F8C553092DBC7A7A20B8FD688980EEF606514","C:\Users\funny\Documents\AgentBridge-worktrees\gasper-vec901-903-proof-prep-20260801","artifacts\hyperthread\evidence\GASPER-VISION-COMPLETION-2026-07-31\task3-living-baseline\packaged-matrix-retry\MATRIX_DRIVE_RECEIPT.json","3"
"structured",".json","652083","2026-08-01T13:04:47.3364240-04:00","51801C93162C5FDF978F17BED32D40DAB82D05B9CD879F0F45D1E077EAC66E17","C:\Users\funny\Documents\AgentBridge-worktrees\gasper-vec901-903-proof-prep-20260801","artifacts\hyperthread\evidence\GASPER-VISION-COMPLETION-2026-07-31\task3-living-baseline\packaged-final\MATRIX_DRIVE_SAMPLES.json","3"
"structured",".json","960451","2026-08-01T13:04:47.3349059-04:00","7F424223D2031DA161B03F9E9ECA5A94E2575195E8D59F4E356160CE10697C49","C:\Users\funny\Documents\AgentBridge-worktrees\gasper-vec901-903-proof-prep-20260801","artifacts\hyperthread\evidence\GASPER-VISION-COMPLETION-2026-07-31\task3-living-baseline\packaged-final\MATRIX_DRIVE_RECEIPT.json","3"
"structured",".json","650934","2026-08-01T13:04:47.3288768-04:00","222ABC3247D2B2D974B7665AFE123F2CDE7B45388BF20C27BCF9C66E35AF348F","C:\Users\funny\Documents\AgentBridge-worktrees\gasper-vec901-903-proof-prep-20260801","artifacts\hyperthread\evidence\GASPER-VISION-COMPLETION-2026-07-31\task3-first-dependency\packaged-post-build\MATRIX_DRIVE_SAMPLES.json","3"
"structured",".json","961742","2026-08-01T13:04:47.3273696-04:00","C99E89901BEA97B3AFF6A4C2F6B809102E797064DEA5CB7CB202E65A0056F2DE","C:\Users\funny\Documents\AgentBridge-worktrees\gasper-vec901-903-proof-prep-20260801","artifacts\hyperthread\evidence\GASPER-VISION-COMPLETION-2026-07-31\task3-first-dependency\packaged-post-build\MATRIX_DRIVE_RECEIPT.json","3"
"structured",".json","650421","2026-08-01T13:04:47.3226657-04:00","6DC92EBC9ECBDA5B9BEB3991C8B8A3FDC19BFCB354BED1A882334BDD5B4364AD","C:\Users\funny\Documents\AgentBridge-worktrees\gasper-vec901-903-proof-prep-20260801","artifacts\hyperthread\evidence\GASPER-VISION-COMPLETION-2026-07-31\task3-first-dependency\packaged-final\MATRIX_DRIVE_SAMPLES.json","3"
"structured",".json","965044","2026-08-01T13:04:47.3191574-04:00","0B050FBB071490FFAE1FDD8703BF856B187F39C08F425B7425E8A44140CDE81E","C:\Users\funny\Documents\AgentBridge-worktrees\gasper-vec901-903-proof-prep-20260801","artifacts\hyperthread\evidence\GASPER-VISION-COMPLETION-2026-07-31\task3-first-dependency\packaged-final\MATRIX_DRIVE_RECEIPT.json","3"
"structured",".json","651573","2026-08-01T13:04:47.3156422-04:00","739123CD63A7A485B241629F53860F2DB4BD82F8A359C491D176BDB0FC5BA369","C:\Users\funny\Documents\AgentBridge-worktrees\gasper-vec901-903-proof-prep-20260801","artifacts\hyperthread\evidence\GASPER-VISION-COMPLETION-2026-07-31\task3-first-dependency\green-run\MATRIX_DRIVE_SAMPLES.json","3"
"structured",".json","960109","2026-08-01T13:04:47.3118082-04:00","19609F70AC274E5266346E4144D6B27166B9DF9FBC14DFD9194754253671EA87","C:\Users\funny\Documents\AgentBridge-worktrees\gasper-vec901-903-proof-prep-20260801","artifacts\hyperthread\evidence\GASPER-VISION-COMPLETION-2026-07-31\task3-first-dependency\green-run\MATRIX_DRIVE_RECEIPT.json","3"
"structured",".json","694","2026-08-01T13:04:47.2893328-04:00","C054EDE246C4D970FFFA3B6204D4755DB8F97CFF72FB0BA8276478EC1810C5CF","C:\Users\funny\Documents\AgentBridge-worktrees\gasper-vec901-903-proof-prep-20260801","artifacts\hyperthread\evidence\GASPER-VISION-COMPLETION-2026-07-31\task2-tss0\packaged\VERDICT.json","3"
"structured",".json","282846","2026-08-01T13:04:47.2882856-04:00","9F4FBCDCD2C732C6DCD880E531C1FC33F5201EE21C705EC01085EB45CCAEE9C9","C:\Users\funny\Documents\AgentBridge-worktrees\gasper-vec901-903-proof-prep-20260801","artifacts\hyperthread\evidence\GASPER-VISION-COMPLETION-2026-07-31\task2-tss0\packaged\TSS0_PACKAGED_PROOF.json","3"
"structured",".json","7260","2026-08-01T13:04:47.2779061-04:00","999D0A01F1F3BB09B2A2C34AD90362AB19E754331682AB871EF0276D31C39A11","C:\Users\funny\Documents\AgentBridge-worktrees\gasper-vec901-903-proof-prep-20260801","artifacts\hyperthread\evidence\GASPER-VISION-COMPLETION-2026-07-31\task1-authority\TASK1_RECEIPT.json","3"
"structured",".json","2834","2026-08-01T13:04:47.2540877-04:00","141B37A7C52EF43282AFF7C33916BC87910AD6AC045E0AB7980D9EA8FEBFD4A5","C:\Users\funny\Documents\AgentBridge-worktrees\gasper-vec901-903-proof-prep-20260801","artifacts\hyperthread\evidence\GASPER-VISION-COMPLETION-2026-07-31\task0-baseline\IDENTITY_SNAPSHOT.json","3"
"structured",".json","2977","2026-08-01T13:04:47.2525828-04:00","48065039D6EA2B1CB3350A77E47F6AC61B2EFC10E3062842253D666ECF72D82A","C:\Users\funny\Documents\AgentBridge-worktrees\gasper-vec901-903-proof-prep-20260801","artifacts\hyperthread\evidence\GASPER-VISION-COMPLETION-2026-07-31\task0-baseline\BASELINE_MANIFEST.json","3"
"structured",".json","5393","2026-08-01T13:04:47.2468364-04:00","0942E279AD836DC4DF672FE87B4BE3BDA983109E02848C2C8B02E373FE81DA38","C:\Users\funny\Documents\AgentBridge-worktrees\gasper-vec901-903-proof-prep-20260801","artifacts\hyperthread\evidence\GASPER-VECTOR-ORGANISM-COMPLETION-2026-07-31\VEC-602\RECEIPT.json","2"
"structured",".json","4806","2026-08-01T13:04:47.2442635-04:00","28A1CB7D9A336741A7A98BDFB50C185DCEA101661A01C5BD7688CEAC9A4D4897","C:\Users\funny\Documents\AgentBridge-worktrees\gasper-vec901-903-proof-prep-20260801","artifacts\hyperthread\evidence\GASPER-VECTOR-ORGANISM-COMPLETION-2026-07-31\VEC-501\RECEIPT.json","3"
"structured",".json","12457","2026-08-01T13:04:47.2402994-04:00","70C0060C2DF9AB2D77ADF118D804ADCCA7947C4E95FD5BA221AD72A1FB2C761B","C:\Users\funny\Documents\AgentBridge-worktrees\gasper-vec901-903-proof-prep-20260801","artifacts\hyperthread\evidence\GASPER-VECTOR-ORGANISM-COMPLETION-2026-07-31\VEC-401\no-raster-gate.json","3"
"structured",".json","3781","2026-08-01T13:04:47.2367919-04:00","BFE956390E5ECAD50DA94C7692349A16100A325F38FCC27B541E04E1FF1C2B8D","C:\Users\funny\Documents\AgentBridge-worktrees\gasper-vec901-903-proof-prep-20260801","artifacts\hyperthread\evidence\GASPER-VECTOR-ORGANISM-COMPLETION-2026-07-31\VEC-401\forbidden-api-scan.json","3"
"structured",".json","4946","2026-08-01T13:04:47.2367919-04:00","3C0EBA4C6366ED757E9C85620B4A099D000C13BFEF7D808631746336DDC7617F","C:\Users\funny\Documents\AgentBridge-worktrees\gasper-vec901-903-proof-prep-20260801","artifacts\hyperthread\evidence\GASPER-VECTOR-ORGANISM-COMPLETION-2026-07-31\VEC-401\hashes.json","5"
"structured",".json","2623","2026-08-01T13:04:47.2332776-04:00","F25DE144E3F5463A4FAD6CF5C2A6147FEEAEE3E9CE2CBA91E16BC839AF4DE451","C:\Users\funny\Documents\AgentBridge-worktrees\gasper-vec901-903-proof-prep-20260801","artifacts\hyperthread\evidence\GASPER-VECTOR-ORGANISM-COMPLETION-2026-07-31\VEC-401\VERIFICATION.json","3"
"structured",".json","18660","2026-08-01T13:04:47.2311724-04:00","9F404C3D8A0E94793915EC0701A45962EEC0AD2FE8AEE99CC5D5F2D6E9ED79FA","C:\Users\funny\Documents\AgentBridge-worktrees\gasper-vec901-903-proof-prep-20260801","artifacts\hyperthread\evidence\GASPER-VECTOR-ORGANISM-COMPLETION-2026-07-31\VEC-401\RECEIPT.json","3"
"structured",".json","626","2026-08-01T13:04:47.2292491-04:00","45B4A94D2EE04D57EB07BEA7594754B4AB18C7B6A0135167F940D5EE2F52BA23","C:\Users\funny\Documents\AgentBridge-worktrees\gasper-vec901-903-proof-prep-20260801","artifacts\hyperthread\evidence\GASPER-VECTOR-ORGANISM-COMPLETION-2026-07-31\VEC-401\OWNERSHIP.json","3"
"structured",".json","2325","2026-08-01T13:04:47.2272446-04:00","E3C530CD3BAF78247D612E75FB5868406BECAB7C79AE9C279A85ED1D35C0C7DC","C:\Users\funny\Documents\AgentBridge-worktrees\gasper-vec901-903-proof-prep-20260801","artifacts\hyperthread\evidence\GASPER-VECTOR-ORGANISM-COMPLETION-2026-07-31\VEC-302\replacement-plan.json","3"
"structured",".json","941","2026-08-01T13:04:47.2253560-04:00","2B1C89882FD0F5E2D3C23A04F1AFE264E0C576252CD1B3A7AC260C2128BE8DA5","C:\Users\funny\Documents\AgentBridge-worktrees\gasper-vec901-903-proof-prep-20260801","artifacts\hyperthread\evidence\GASPER-VECTOR-ORGANISM-COMPLETION-2026-07-31\VEC-302\r4-live-svg-visibility-invariant-baseline.json","3"
"structured",".json","745","2026-08-01T13:04:47.2233560-04:00","8A3FF5B3CF47157F59223E98389378D006B25689CD413A4E4E685AE8B3A76C85","C:\Users\funny\Documents\AgentBridge-worktrees\gasper-vec901-903-proof-prep-20260801","artifacts\hyperthread\evidence\GASPER-VECTOR-ORGANISM-COMPLETION-2026-07-31\VEC-302\live-svg-visibility-invariant-baseline.json","3"
"structured",".json","3781","2026-08-01T13:04:47.2203494-04:00","08544C0ACFBB6ACC49D41F3E57FA12D12DF05F53336C3CE1EAC4CB3E563F2AEA","C:\Users\funny\Documents\AgentBridge-worktrees\gasper-vec901-903-proof-prep-20260801","artifacts\hyperthread\evidence\GASPER-VECTOR-ORGANISM-COMPLETION-2026-07-31\VEC-302\forbidden-api-scan.json","3"
"structured",".json","5365","2026-08-01T13:04:47.2188443-04:00","E7836A8037C5A131BB79673EF1DDBAAFB7ECC91687169416DA9733DD9B4EDE21","C:\Users\funny\Documents\AgentBridge-worktrees\gasper-vec901-903-proof-prep-20260801","artifacts\hyperthread\evidence\GASPER-VECTOR-ORGANISM-COMPLETION-2026-07-31\VEC-302\filter-blend-inventory.json","3"
"structured",".json","675","2026-08-01T13:04:47.2178438-04:00","F4ECDCCA3252244698C8EA0E8909F37DD683F2F6828E32336D743FEE1CB013BC","C:\Users\funny\Documents\AgentBridge-worktrees\gasper-vec901-903-proof-prep-20260801","artifacts\hyperthread\evidence\GASPER-VECTOR-ORGANISM-COMPLETION-2026-07-31\VEC-302\candidate-script-baseline.json","3"
"structured",".json","12229","2026-08-01T13:04:47.2168466-04:00","6DEC8F204B5F767DFA57F6899BFAC436ABDFEF6603CEF7E21D3107DC43A0F816","C:\Users\funny\Documents\AgentBridge-worktrees\gasper-vec901-903-proof-prep-20260801","artifacts\hyperthread\evidence\GASPER-VECTOR-ORGANISM-COMPLETION-2026-07-31\VEC-302\RECEIPT.json","3"
"structured",".json","5359","2026-08-01T13:04:47.2077725-04:00","14DD11B39100D037AB085002BC25E36238F3358051D4A1A50DB21593310C1A0B","C:\Users\funny\Documents\AgentBridge-worktrees\gasper-vec901-903-proof-prep-20260801","artifacts\hyperthread\evidence\GASPER-VECTOR-ORGANISM-COMPLETION-2026-07-31\VEC-301\RECEIPT.json","3"
"structured",".json","364","2026-08-01T13:04:47.2037520-04:00","D9DF2CA46DD31432234370D89FD6BD7C45465E078646FE8741D2D8EE9E0A6B8A","C:\Users\funny\Documents\AgentBridge-worktrees\gasper-vec901-903-proof-prep-20260801","artifacts\hyperthread\evidence\GASPER-VECTOR-ORGANISM-COMPLETION-2026-07-31\VEC-201\hashes.json","3"
"structured",".json","313","2026-08-01T13:04:47.1511196-04:00","29C2F0766A6C43C0F40557BBA07A1E74673CE8BBB518C6758962DAC0F9B70B64","C:\Users\funny\Documents\AgentBridge-worktrees\gasper-vec901-903-proof-prep-20260801","artifacts\hyperthread\evidence\GASPER-VECTOR-ORGANISM-COMPLETION-2026-07-31\VEC-101\controller-raster-scan.json","3"
"structured",".json","2063","2026-08-01T13:04:47.1494703-04:00","EE20F43F6004C3B35D2A2E974D9DEC0B54B577E85D02493A9CE48A8D09D02C0E","C:\Users\funny\Documents\AgentBridge-worktrees\gasper-vec901-903-proof-prep-20260801","artifacts\hyperthread\evidence\GASPER-VECTOR-ORGANISM-COMPLETION-2026-07-31\VEC-101\RECEIPT.json","3"
"structured",".json","388","2026-08-01T13:04:47.1474695-04:00","B35FEA383A42343AF64F04E2C8CA874C146B962C82F73F9444B48B3F43DE30FC","C:\Users\funny\Documents\AgentBridge-worktrees\gasper-vec901-903-proof-prep-20260801","artifacts\hyperthread\evidence\GASPER-VECTOR-ORGANISM-COMPLETION-2026-07-31\VEC-000\task-suites-result.json","3"
"structured",".json","1593","2026-08-01T13:04:47.1454342-04:00","9363764C1EC195B340DC8C4A4FFAFDCE5C4BDC40EB10354485132501B68EA58C","C:\Users\funny\Documents\AgentBridge-worktrees\gasper-vec901-903-proof-prep-20260801","artifacts\hyperthread\evidence\GASPER-VECTOR-ORGANISM-COMPLETION-2026-07-31\VEC-000\preflight.json","3"
"structured",".json","1353","2026-08-01T13:04:47.0175200-04:00","5739D20BCC4030799280A22DC4F587DF9326C0DF59BF16CB11BF8D4E05A22ACA","C:\Users\funny\Documents\AgentBridge-worktrees\gasper-vec901-903-proof-prep-20260801","artifacts\hq-native-app-absorption\integration-grok-renewal-request.json","4"
"structured",".json","803","2026-08-01T13:04:47.0155149-04:00","73EF32798C0EF865CC20FBEA5FF7D5D29C646C8F6DD8B2ED52AE2F8FAE45658C","C:\Users\funny\Documents\AgentBridge-worktrees\gasper-vec901-903-proof-prep-20260801","artifacts\hq-native-app-absorption\integration-grok-launch-result.json","4"
"structured",".json","2016","2026-08-01T13:04:46.9988885-04:00","5DC2EBB0AA5C63787B101241924ACE7292B9D47D87711FCC131F39F4F94D98F3","C:\Users\funny\Documents\AgentBridge-worktrees\gasper-vec901-903-proof-prep-20260801","artifacts\hq-native-app-absorption\integration-grok-approval-request.json","4"
"structured",".json","1687","2026-08-01T13:04:46.9953785-04:00","2E1BD4DDA7B6E0C0CCF65B9D51610AF5F37EB07B730A88CFD1A78B0AA99EFB74","C:\Users\funny\Documents\AgentBridge-worktrees\gasper-vec901-903-proof-prep-20260801","artifacts\hq-native-app-absorption\grok-approval-request.json","4"
"structured",".json","474","2026-08-01T13:04:46.9265783-04:00","A769DA5C64D95C3ED7B608917DB2A96FF976051D900C0C944C4E54FF93C70F8D","C:\Users\funny\Documents\AgentBridge-worktrees\gasper-vec901-903-proof-prep-20260801","artifacts\hq-current\CURRENT.json","4"
"structured",".json","3884","2026-08-01T13:04:46.9240717-04:00","58F1E30422D126C158C284E93551D3E78B2176E3849C927DCC6D37F8D89C0761","C:\Users\funny\Documents\AgentBridge-worktrees\gasper-vec901-903-proof-prep-20260801","artifacts\hq-current\ARCHIVE-MANIFEST-2026-07-23.json","4"
"structured",".json","12326","2026-08-01T13:04:39.9699045-04:00","AD8AEC4233C6EF6AC92FC977BFC82AA7DE5FD7AD8036EDB3BC54A700D2A5FD90","C:\Users\funny\Documents\AgentBridge-worktrees\gasper-vec901-903-proof-prep-20260801","artifacts\gasper-release-closure\release-proof.json","4"
"structured",".json","675","2026-08-01T13:04:21.3687927-04:00","70ED9BEC55CCF930E33410B7153E428E39F00B1A12D696F70ECB19DC7E181940","C:\Users\funny\Documents\AgentBridge-worktrees\gasper-vec901-903-proof-prep-20260801","artifacts\gasper-completion\visual-qa\LATEST.json","4"
"structured",".json","657","2026-08-01T13:04:14.6082468-04:00","3CC21CA7CE0C39D1474DD895AFA8D833AB0570859C7F8D4915D48CEFCBAF3033","C:\Users\funny\Documents\AgentBridge-worktrees\gasper-vec901-903-proof-prep-20260801","artifacts\gasper-completion\visual-qa-r2\LATEST.json","4"
"structured",".json","6226","2026-08-01T13:04:14.6062463-04:00","7653DCF0186731202EB6EEFF20413A0EDF5A9A8D53CB4749DF015A2272981680","C:\Users\funny\Documents\AgentBridge-worktrees\gasper-vec901-903-proof-prep-20260801","artifacts\gasper-completion\owner-review\2026-07-22-031931\OWNER_VISUAL_REJECTION.json","4"
"structured",".json","4610","2026-08-01T13:04:14.6062463-04:00","BFA6AB93110977B7E95ADB4F4DEB76973B196E5CA65E4CE2A81934EE6FDD3FF6","C:\Users\funny\Documents\AgentBridge-worktrees\gasper-vec901-903-proof-prep-20260801","artifacts\gasper-completion\owner-review\2026-07-22-031931\OWNER_QUESTIONNAIRE.json","4"
"structured",".jsonl","755","2026-08-01T13:04:14.6037350-04:00","06DEF2AB701FA947D00E8F615AE7B9AA9C7A359E0CD6FB8A895DEF033AB7F694","C:\Users\funny\Documents\AgentBridge-worktrees\gasper-vec901-903-proof-prep-20260801","artifacts\gasper-completion\oath-correction\video-first-qa\redesign-poll-heartbeats.jsonl","4"
"structured",".json","593","2026-08-01T13:04:14.6037350-04:00","0ADC243ED35F5B31760545225F8655ED611404907CB10C9E1DDDF2CA2D894E84","C:\Users\funny\Documents\AgentBridge-worktrees\gasper-vec901-903-proof-prep-20260801","artifacts\gasper-completion\oath-correction\video-first-qa\heartbeats\HEARTBEAT-004.json","8"
"structured",".json","580","2026-08-01T13:04:14.6027304-04:00","101F436B152FD08307E75D993C91FB0D2F1CBB81863D009E3B395B32E54A1F94","C:\Users\funny\Documents\AgentBridge-worktrees\gasper-vec901-903-proof-prep-20260801","artifacts\gasper-completion\oath-correction\video-first-qa\heartbeats\HEARTBEAT-002.json","4"
"structured",".json","580","2026-08-01T13:04:14.6027304-04:00","C8B059610A9AD2951A2A4186CF03B5FDD802A33D6A5539A3FD77020FDF5B1F57","C:\Users\funny\Documents\AgentBridge-worktrees\gasper-vec901-903-proof-prep-20260801","artifacts\gasper-completion\oath-correction\video-first-qa\heartbeats\HEARTBEAT-003.json","4"
"structured",".json","1990","2026-08-01T13:04:14.6012257-04:00","CE7356393C8733441DA65A3052836165A12FE823F52E242AB31A3A6D12DEF515","C:\Users\funny\Documents\AgentBridge-worktrees\gasper-vec901-903-proof-prep-20260801","artifacts\gasper-completion\oath-correction\video-first-qa\REVIEW_PACKAGE.json","4"
"structured",".json","578","2026-08-01T13:04:14.6012257-04:00","5FBB28497C086E9A89B163193BD4D4A3A0F3CF01CC4D98C592E37988C2E1A3EE","C:\Users\funny\Documents\AgentBridge-worktrees\gasper-vec901-903-proof-prep-20260801","artifacts\gasper-completion\oath-correction\video-first-qa\heartbeats\HEARTBEAT-001.json","4"
"structured",".json","1904","2026-08-01T13:04:14.6012257-04:00","6D37BF8DF6FE5C0438CB95D9F90F5235003CC5EF3D7598CB7FF6E8759F52DB6E","C:\Users\funny\Documents\AgentBridge-worktrees\gasper-vec901-903-proof-prep-20260801","artifacts\gasper-completion\oath-correction\video-first-qa\REVIEWER_B.json","4"
"structured",".json","1886","2026-08-01T13:04:14.6002221-04:00","E881C3A4F423E5A81BDD43CF71102008A65C9418A66681F90FC2C4B2A9C3D30C","C:\Users\funny\Documents\AgentBridge-worktrees\gasper-vec901-903-proof-prep-20260801","artifacts\gasper-completion\oath-correction\video-first-qa\REVIEWER_A.json","4"
"structured",".json","831","2026-08-01T13:04:14.6002221-04:00","02F5B5802C4526E3AE7DCE5124224CC4F13149EF8B95D7908F3BA954E1FDEB50","C:\Users\funny\Documents\AgentBridge-worktrees\gasper-vec901-903-proof-prep-20260801","artifacts\gasper-completion\oath-correction\video-first-qa\REDESIGN_RESIDUAL.json","4"
"structured",".json","1110","2026-08-01T13:04:14.5992217-04:00","07974B4D43AF9F634D30752671B78609A9FF0D981F5B755D2212C99D1D6E0D16","C:\Users\funny\Documents\AgentBridge-worktrees\gasper-vec901-903-proof-prep-20260801","artifacts\gasper-completion\oath-correction\video-first-qa\REDESIGN_POLL_CONTRACT.json","4"
"structured",".json","4547","2026-08-01T13:04:14.5992217-04:00","C14C7786CF68033E9DDFCB187DC2E39B3846152ABA3EADD2CB94A3379C157883","C:\Users\funny\Documents\AgentBridge-worktrees\gasper-vec901-903-proof-prep-20260801","artifacts\gasper-completion\oath-correction\video-first-qa\REDESIGN_POLL.json","4"
"structured",".json","338","2026-08-01T13:04:14.5982226-04:00","E6ED316C813F933CA41FF311F83E13E4483B665D1C21CCCB2FBBAFFE671CA8B7","C:\Users\funny\Documents\AgentBridge-worktrees\gasper-vec901-903-proof-prep-20260801","artifacts\gasper-completion\oath-correction\video-first-qa\RECOMMENDATION.json","4"
"structured",".json","591","2026-08-01T13:04:14.5982226-04:00","C95694FF36A53CF5F0C9976EC2BD4772E53AEF172E3C87A0FD42DE889DE11C1B","C:\Users\funny\Documents\AgentBridge-worktrees\gasper-vec901-903-proof-prep-20260801","artifacts\gasper-completion\oath-correction\video-first-qa\HEARTBEAT-LATEST.json","8"
"structured",".json","579","2026-08-01T13:04:14.5956934-04:00","B02D8C5E9A3DD6568ADE7C9A694F0FB060C90747704645CB5918165B6CDAFF70","C:\Users\funny\Documents\AgentBridge-worktrees\gasper-vec901-903-proof-prep-20260801","artifacts\gasper-completion\oath-correction\video-first-qa\HEARTBEAT-003.json","4"
"structured",".json","578","2026-08-01T13:04:14.5956934-04:00","C2A30A65597468803B3496D075B863065FC3E60002CF3C9172668291CFAB558E","C:\Users\funny\Documents\AgentBridge-worktrees\gasper-vec901-903-proof-prep-20260801","artifacts\gasper-completion\oath-correction\video-first-qa\HEARTBEAT-004.json","4"
"structured",".json","578","2026-08-01T13:04:14.5956934-04:00","BBA2A979253F81F44144D51B01C5EFC09479C41CB53EE2154AFCA3F1A2649CB2","C:\Users\funny\Documents\AgentBridge-worktrees\gasper-vec901-903-proof-prep-20260801","artifacts\gasper-completion\oath-correction\video-first-qa\HEARTBEAT-002.json","4"
"structured",".json","8284","2026-08-01T13:04:14.5941891-04:00","7EFA39265ACDCB4926E3FA8A63D046C7D4D01AFCCC1132409B147EA6DA77A909","C:\Users\funny\Documents\AgentBridge-worktrees\gasper-vec901-903-proof-prep-20260801","artifacts\gasper-completion\oath-correction\video-first-qa\DONE.json","4"
"structured",".json","576","2026-08-01T13:04:14.5941891-04:00","4539A45091E6179A0EADBEE74F0FFF3C4733F3810F3DBCE4FA6153D706579E05","C:\Users\funny\Documents\AgentBridge-worktrees\gasper-vec901-903-proof-prep-20260801","artifacts\gasper-completion\oath-correction\video-first-qa\HEARTBEAT-001.json","4"
"structured",".json","5397","2026-08-01T13:04:14.5921845-04:00","38EC1260B5286620838941755EC10BA53C8C945CE027F497DDA88712E111EDFA","C:\Users\funny\Documents\AgentBridge-worktrees\gasper-vec901-903-proof-prep-20260801","artifacts\gasper-completion\oath-correction\facial-body\DONE.json","4"
"structured",".json","2710","2026-08-01T13:04:14.5911597-04:00","94EC3FFAA21BEF34916FCD23DF0DE0D90417F5112310525AB9FA12662797829A","C:\Users\funny\Documents\AgentBridge-worktrees\gasper-vec901-903-proof-prep-20260801","artifacts\gasper-completion\oath-correction\embodiment-transitions\reviewers\reviewer-b.json","4"
"structured",".json","6333","2026-08-01T13:04:14.5891504-04:00","EF2E71A3E6C92AD17486F1E8D429593A6DB91A3FE7ABCEA6AC1CF11D331636AF","C:\Users\funny\Documents\AgentBridge-worktrees\gasper-vec901-903-proof-prep-20260801","artifacts\gasper-completion\oath-correction\embodiment-transitions\DONE.json","4"
"structured",".json","2812","2026-08-01T13:04:14.5891504-04:00","4C985169A68CA076B876D4428E5E9ADA7F05427BB95D0E072EDF6D164D3E7816","C:\Users\funny\Documents\AgentBridge-worktrees\gasper-vec901-903-proof-prep-20260801","artifacts\gasper-completion\oath-correction\embodiment-transitions\reviewers\reviewer-a.json","4"
"structured",".json","4135","2026-08-01T13:04:14.5861407-04:00","06891186B740503B40D267EC843C19CC6B399D572BE203490FD5E818A9839450","C:\Users\funny\Documents\AgentBridge-worktrees\gasper-vec901-903-proof-prep-20260801","artifacts\gasper-completion\oath-correction\dais-studio\DONE.json","4"
"structured",".json","8386","2026-08-01T13:04:14.5816359-04:00","1D88E25D5071E9D2A79566BA8E1450DF96A40CBC802FFD06054F9AED3D0DAEF5","C:\Users\funny\Documents\AgentBridge-worktrees\gasper-vec901-903-proof-prep-20260801","artifacts\gasper-completion\oath-correction\character-eight-state\DONE.json","4"
"structured",".json","3500","2026-08-01T13:04:14.5796266-04:00","A0C00AD715C77BB480202EDB09F3C8A340C504CB8A94C07E5E0F0879B905F1AF","C:\Users\funny\Documents\AgentBridge-worktrees\gasper-vec901-903-proof-prep-20260801","artifacts\gasper-completion\oath-correction-r4\state-wake-continuity\DONE.json","4"
"structured",".json","415","2026-08-01T13:04:14.5786258-04:00","1079F7F914E1F2169BC6F8A22CC7CF2CFBA60C56C03635CB18A26EE1FC057E70","C:\Users\funny\Documents\AgentBridge-worktrees\gasper-vec901-903-proof-prep-20260801","artifacts\gasper-completion\oath-correction-r4\optical-legibility\state-relative-luminance.json","4"
"structured",".json","313","2026-08-01T13:04:14.5776270-04:00","D961575DFBB03B84550DCB3DBD02418FBF25F19AD3E5FE9CB8B4C40A3F6D0506","C:\Users\funny\Documents\AgentBridge-worktrees\gasper-vec901-903-proof-prep-20260801","artifacts\gasper-completion\oath-correction-r4\optical-legibility\reviewer-B-r2.json","4"
"structured",".json","5179","2026-08-01T13:04:14.5776270-04:00","775E9514C356336DDBB9895D4C7B6A4DA857A655ECE3D57DD636CBA74CCE7F2D","C:\Users\funny\Documents\AgentBridge-worktrees\gasper-vec901-903-proof-prep-20260801","artifacts\gasper-completion\oath-correction-r4\optical-legibility\reviewer-A-r2.json","4"
"structured",".json","276","2026-08-01T13:04:14.5741139-04:00","1F1A09657143D8BEEB0EAE6599EBAA27003199ABA0C6846F465EF92CB8D033A2","C:\Users\funny\Documents\AgentBridge-worktrees\gasper-vec901-903-proof-prep-20260801","artifacts\gasper-completion\oath-correction-r4\optical-legibility\DONE-readback.json","4"
"structured",".json","7023","2026-08-01T13:04:14.5741139-04:00","D0D0DC67A48567CA5B49378ADD86C7FE701BB02A32D5679FDEC41277A96DCEAD","C:\Users\funny\Documents\AgentBridge-worktrees\gasper-vec901-903-proof-prep-20260801","artifacts\gasper-completion\oath-correction-r4\optical-legibility\DONE.json","4"
"structured",".json","2824","2026-08-01T13:04:14.5711141-04:00","A3FB78839404993BC51C183B688E5541F98E6B9F6B2315070D45A52A28626BD5","C:\Users\funny\Documents\AgentBridge-worktrees\gasper-vec901-903-proof-prep-20260801","artifacts\gasper-completion\oath-correction-r4\integration-recapture\reviewers\structural-review.json","4"
"structured",".json","10860","2026-08-01T13:04:14.5701091-04:00","F326658CD0930CD68EB86A949D866F81FFD27220C73B459409E2F8A0B04596D3","C:\Users\funny\Documents\AgentBridge-worktrees\gasper-vec901-903-proof-prep-20260801","artifacts\gasper-completion\oath-correction-r4\integration-recapture\reviewers\evidence-review.json","8"
"structured",".json","457705","2026-08-01T13:04:14.5676045-04:00","3FA05F02C2BF3194A9BC850FBCA4DE0A9C506D2B2B0884F52FCDCB20F0B7FFFD","C:\Users\funny\Documents\AgentBridge-worktrees\gasper-vec901-903-proof-prep-20260801","artifacts\gasper-completion\oath-correction-r4\integration-recapture\r4-sheet-luminance.json","4"
"structured",".json","452848","2026-08-01T13:04:14.5655999-04:00","1D935FBB8759E712CB13BDA1A57B50A00FDD5648AD9CAB4EB737A34584B234C2","C:\Users\funny\Documents\AgentBridge-worktrees\gasper-vec901-903-proof-prep-20260801","artifacts\gasper-completion\oath-correction-r4\integration-recapture\r3-baseline-sheet-luminance.json","4"
"structured",".json","9052","2026-08-01T13:04:14.5565621-04:00","8EC49B0F9BB3BE3C93CC49A47AFF0EAB39F02DCABD3E5F0901D617E2701E2EE1","C:\Users\funny\Documents\AgentBridge-worktrees\gasper-vec901-903-proof-prep-20260801","artifacts\gasper-completion\oath-correction-r4\integration-recapture\marker-validation\optical-legibility-vitest.json","4"
"structured",".json","9498","2026-08-01T13:04:14.5565621-04:00","A0116C2ED7C48526A24E6E8B7198B4E6AAE97EDCDBFA931EC3F8F4AD38E12B74","C:\Users\funny\Documents\AgentBridge-worktrees\gasper-vec901-903-proof-prep-20260801","artifacts\gasper-completion\oath-correction-r4\integration-recapture\marker-validation\state-wake-continuity-vitest.json","4"
"structured",".json","5495","2026-08-01T13:04:14.5555566-04:00","5D65EDCC042A1070E6DBB583621573B3CE24927774DE0981ABE07926F6C46237","C:\Users\funny\Documents\AgentBridge-worktrees\gasper-vec901-903-proof-prep-20260801","artifacts\gasper-completion\oath-correction-r4\integration-recapture\marker-validation\expression-visibility-vitest.json","4"
"structured",".json","6921","2026-08-01T13:04:14.5540507-04:00","84AF935B832C0DFFE6E2112C834EAE866CAFD787FBDD660EA509FFD414AF61D6","C:\Users\funny\Documents\AgentBridge-worktrees\gasper-vec901-903-proof-prep-20260801","artifacts\gasper-completion\oath-correction-r4\integration-recapture\marker-poll\session-r4poll-mrwmd274-pa22n6\POLL_RESULT.json","12"
"structured",".jsonl","398","2026-08-01T13:04:14.5540507-04:00","BB38400F351B54A1FA4545A91D2DB4365E8B0F732E15B8FA75E72A1A03350E61","C:\Users\funny\Documents\AgentBridge-worktrees\gasper-vec901-903-proof-prep-20260801","artifacts\gasper-completion\oath-correction-r4\integration-recapture\marker-poll\session-r4poll-mrwmd274-pa22n6\heartbeats.jsonl","4"
"structured",".json","454","2026-08-01T13:04:14.5530451-04:00","5BBB7401411633AC41F6396534C7D9306EF1E235FD3A7C5E65135775DA1F218F","C:\Users\funny\Documents\AgentBridge-worktrees\gasper-vec901-903-proof-prep-20260801","artifacts\gasper-completion\oath-correction-r4\integration-recapture\marker-poll\session-r4poll-mrwmd274-pa22n6\HEARTBEAT-LATEST.json","12"
"structured",".jsonl","398","2026-08-01T13:04:14.5505327-04:00","AC9D4A3A93E318981428E9480220EAB2663D4EAE037D72F08559D5792A8C4213","C:\Users\funny\Documents\AgentBridge-worktrees\gasper-vec901-903-proof-prep-20260801","artifacts\gasper-completion\oath-correction-r4\integration-recapture\marker-poll\session-r4poll-mrwlt1ty-zmb1xh\heartbeats.jsonl","4"
"structured",".json","6921","2026-08-01T13:04:14.5490279-04:00","2E00C32948FDB27B86D7F57E8BD68D4397B27B9EB7FB02E58E050B447852A0EA","C:\Users\funny\Documents\AgentBridge-worktrees\gasper-vec901-903-proof-prep-20260801","artifacts\gasper-completion\oath-correction-r4\integration-recapture\marker-poll\session-r4poll-mrwlt1ty-zmb1xh\POLL_RESULT.json","8"
"structured",".json","454","2026-08-01T13:04:14.5479723-04:00","66F394EB32CD92D2B4D8DD05EBFFD89A5C8B55650DED098608BE2F06D81AC104","C:\Users\funny\Documents\AgentBridge-worktrees\gasper-vec901-903-proof-prep-20260801","artifacts\gasper-completion\oath-correction-r4\integration-recapture\marker-poll\session-r4poll-mrwlt1ty-zmb1xh\HEARTBEAT-001.json","12"
"structured",".json","6921","2026-08-01T13:04:14.5463897-04:00","42B405CC2BCBA9BB416225DDF4222B6F68219657585EBFFF89B7ED28C384AB70","C:\Users\funny\Documents\AgentBridge-worktrees\gasper-vec901-903-proof-prep-20260801","artifacts\gasper-completion\oath-correction-r4\integration-recapture\marker-poll\session-r4poll-mrwlqdp0-yck3mr\POLL_RESULT.json","8"
"structured",".jsonl","398","2026-08-01T13:04:14.5463897-04:00","61D1129C7CA860AD99A6D7018516B92A4CEE96A2B07D09832EDC282CB2CF854E","C:\Users\funny\Documents\AgentBridge-worktrees\gasper-vec901-903-proof-prep-20260801","artifacts\gasper-completion\oath-correction-r4\integration-recapture\marker-poll\session-r4poll-mrwlqdp0-yck3mr\heartbeats.jsonl","4"
"structured",".json","454","2026-08-01T13:04:14.5453832-04:00","F33297CF5B9AEF2012DDDF6EB8449F1FD5DAE099C35DB9398C39AAEE320CE97F","C:\Users\funny\Documents\AgentBridge-worktrees\gasper-vec901-903-proof-prep-20260801","artifacts\gasper-completion\oath-correction-r4\integration-recapture\marker-poll\session-r4poll-mrwlqdp0-yck3mr\HEARTBEAT-LATEST.json","12"
"structured",".jsonl","398","2026-08-01T13:04:14.5438776-04:00","668EAF8BB2A21E725AA041FDD56A66B382567AAB4BC7E2877E19A646A8AFAA31","C:\Users\funny\Documents\AgentBridge-worktrees\gasper-vec901-903-proof-prep-20260801","artifacts\gasper-completion\oath-correction-r4\integration-recapture\marker-poll\session-r4poll-mrwkwmz9-8mdxdw\heartbeats.jsonl","4"
"structured",".json","6921","2026-08-01T13:04:14.5433732-04:00","5A853090943541A5AD84A49E3FE193D601A7159B510101A38200CD1DD78A36D9","C:\Users\funny\Documents\AgentBridge-worktrees\gasper-vec901-903-proof-prep-20260801","artifacts\gasper-completion\oath-correction-r4\integration-recapture\marker-poll\session-r4poll-mrwkwmz9-8mdxdw\POLL_RESULT.json","8"
"structured",".json","454","2026-08-01T13:04:14.5423673-04:00","3420768A69F1057FB2EED20A6D531FBEAE78A1C8AF8E0A73D424F950629B0F59","C:\Users\funny\Documents\AgentBridge-worktrees\gasper-vec901-903-proof-prep-20260801","artifacts\gasper-completion\oath-correction-r4\integration-recapture\marker-poll\session-r4poll-mrwkwmz9-8mdxdw\HEARTBEAT-LATEST.json","12"
"structured",".json","6921","2026-08-01T13:04:14.5402581-04:00","6795DA5A77C381EBF545496B02270896A150E21787883743445DDEF3AC6D1661","C:\Users\funny\Documents\AgentBridge-worktrees\gasper-vec901-903-proof-prep-20260801","artifacts\gasper-completion\oath-correction-r4\integration-recapture\marker-poll\session-r4poll-mrwk37iq-byzzyv\POLL_RESULT.json","8"
"structured",".jsonl","398","2026-08-01T13:04:14.5402581-04:00","63592BBAD399B1C01A3CECEB7AACAC49B5A6AC5E39025226EA5E614B0DB14890","C:\Users\funny\Documents\AgentBridge-worktrees\gasper-vec901-903-proof-prep-20260801","artifacts\gasper-completion\oath-correction-r4\integration-recapture\marker-poll\session-r4poll-mrwk37iq-byzzyv\heartbeats.jsonl","4"
"structured",".json","454","2026-08-01T13:04:14.5387524-04:00","ED95238B453DE281A0DCF8FA5B2A764966D6B06B5E3D346B345E76CB93D1DE8E","C:\Users\funny\Documents\AgentBridge-worktrees\gasper-vec901-903-proof-prep-20260801","artifacts\gasper-completion\oath-correction-r4\integration-recapture\marker-poll\session-r4poll-mrwk37iq-byzzyv\HEARTBEAT-001.json","12"
"structured",".jsonl","398","2026-08-01T13:04:14.5377529-04:00","71157049AA6B4AEF5CABF77FEFDE1C3D7479A6245808EC7C6F19C0D90FC9810B","C:\Users\funny\Documents\AgentBridge-worktrees\gasper-vec901-903-proof-prep-20260801","artifacts\gasper-completion\oath-correction-r4\integration-recapture\marker-poll\session-r4poll-mrwk07x4-uwajq1\heartbeats.jsonl","4"
"structured",".json","6921","2026-08-01T13:04:14.5367461-04:00","B4A48C1E173CCFAC4F35626D0AFE7F84295F58260F4C44C501D5485B6300DEFC","C:\Users\funny\Documents\AgentBridge-worktrees\gasper-vec901-903-proof-prep-20260801","artifacts\gasper-completion\oath-correction-r4\integration-recapture\marker-poll\session-r4poll-mrwk07x4-uwajq1\POLL_RESULT.json","8"
"structured",".json","454","2026-08-01T13:04:14.5357424-04:00","8A576871AFFF9A2820FE026899E9D006922917D394FA4529BC0A3F763A59E9E5","C:\Users\funny\Documents\AgentBridge-worktrees\gasper-vec901-903-proof-prep-20260801","artifacts\gasper-completion\oath-correction-r4\integration-recapture\marker-poll\session-r4poll-mrwk07x4-uwajq1\HEARTBEAT-001.json","12"
"structured",".jsonl","398","2026-08-01T13:04:14.5342375-04:00","DDDF0F6AC80D6B6ACB2C7DEC7665248EB1CE75D77EBFDE5DEB6885DF18044812","C:\Users\funny\Documents\AgentBridge-worktrees\gasper-vec901-903-proof-prep-20260801","artifacts\gasper-completion\oath-correction-r4\integration-recapture\marker-poll\session-r4poll-mrwjql78-pad0e5\heartbeats.jsonl","4"
"structured",".json","6921","2026-08-01T13:04:14.5330093-04:00","CAA017D4ED9243D176B710BDDD081C00DC5295B53DA111F3646E9150603F33B2","C:\Users\funny\Documents\AgentBridge-worktrees\gasper-vec901-903-proof-prep-20260801","artifacts\gasper-completion\oath-correction-r4\integration-recapture\marker-poll\session-r4poll-mrwjql78-pad0e5\POLL_RESULT.json","8"
"structured",".json","454","2026-08-01T13:04:14.5323948-04:00","D43B6228E44641757A9D406E3C940068E6EC23A59FA3B287F2D0D9D668AEA8F0","C:\Users\funny\Documents\AgentBridge-worktrees\gasper-vec901-903-proof-prep-20260801","artifacts\gasper-completion\oath-correction-r4\integration-recapture\marker-poll\session-r4poll-mrwjql78-pad0e5\HEARTBEAT-LATEST.json","12"
"structured",".json","6918","2026-08-01T13:04:14.5293801-04:00","0A5CAF0F4A40F135717925341579B8A8898F39B3AD1B9E0C894A5E84FC9B98C1","C:\Users\funny\Documents\AgentBridge-worktrees\gasper-vec901-903-proof-prep-20260801","artifacts\gasper-completion\oath-correction-r4\integration-recapture\marker-poll\session-r4poll-mrwcxa4a-hq6don\POLL_RESULT.json","8"
"structured",".jsonl","396","2026-08-01T13:04:14.5293801-04:00","B11A0C161558C3F14068F3E5BD2A83D6CC60627A5F4AC866115E39F5565438E2","C:\Users\funny\Documents\AgentBridge-worktrees\gasper-vec901-903-proof-prep-20260801","artifacts\gasper-completion\oath-correction-r4\integration-recapture\marker-poll\session-r4poll-mrwcxa4a-hq6don\heartbeats.jsonl","4"
"structured",".json","452","2026-08-01T13:04:14.5283790-04:00","6D9F539F7BE73630FF58171C13B4E820A4524A2242A0274DD8BC41FC46FA2811","C:\Users\funny\Documents\AgentBridge-worktrees\gasper-vec901-903-proof-prep-20260801","artifacts\gasper-completion\oath-correction-r4\integration-recapture\marker-poll\session-r4poll-mrwcxa4a-hq6don\HEARTBEAT-001.json","12"
"structured",".json","6918","2026-08-01T13:04:14.5263273-04:00","E6DDED56E6A5B9D49797CFA418AC7082EFC8BD880D7FBFA697D6A95641D40BD4","C:\Users\funny\Documents\AgentBridge-worktrees\gasper-vec901-903-proof-prep-20260801","artifacts\gasper-completion\oath-correction-r4\integration-recapture\marker-poll\session-r4poll-mrwctz5m-gzv135\POLL_RESULT.json","8"
"structured",".jsonl","396","2026-08-01T13:04:14.5263273-04:00","01B6C8F1B394E6157854AD58716630630E291A3BCBAAB37D9CBC346BB744B6C1","C:\Users\funny\Documents\AgentBridge-worktrees\gasper-vec901-903-proof-prep-20260801","artifacts\gasper-completion\oath-correction-r4\integration-recapture\marker-poll\session-r4poll-mrwctz5m-gzv135\heartbeats.jsonl","4"
"structured",".json","452","2026-08-01T13:04:14.5253222-04:00","9EC2BD5641D35CDE3FBF156E48D436D77D13F8B586B81F7E6C094D1309F66323","C:\Users\funny\Documents\AgentBridge-worktrees\gasper-vec901-903-proof-prep-20260801","artifacts\gasper-completion\oath-correction-r4\integration-recapture\marker-poll\session-r4poll-mrwctz5m-gzv135\HEARTBEAT-001.json","12"
"structured",".jsonl","14318","2026-08-01T13:04:14.5238180-04:00","2807173E7AA5A74AB88AAC83E4E650278930E9EDE298A30C279FD567706055D2","C:\Users\funny\Documents\AgentBridge-worktrees\gasper-vec901-903-proof-prep-20260801","artifacts\gasper-completion\oath-correction-r4\integration-recapture\marker-poll\session-r4poll-mrwcq1t6-0pq2yk\heartbeats.jsonl","4"
"structured",".json","847","2026-08-01T13:04:14.5238180-04:00","E456B1AEF9D3A5BFCC6118804FCC9D876138B25C47FE096B01B8EF03A4762896","C:\Users\funny\Documents\AgentBridge-worktrees\gasper-vec901-903-proof-prep-20260801","artifacts\gasper-completion\oath-correction-r4\integration-recapture\marker-poll\session-r4poll-mrwcq1t6-0pq2yk\RESIDUAL.json","8"
"structured",".json","29599","2026-08-01T13:04:14.5228181-04:00","16A71A2CBCA6866095C9B2CDCCD4CB4FF41B641465585F43FE45F2E02AB46FB1","C:\Users\funny\Documents\AgentBridge-worktrees\gasper-vec901-903-proof-prep-20260801","artifacts\gasper-completion\oath-correction-r4\integration-recapture\marker-poll\session-r4poll-mrwcq1t6-0pq2yk\POLL_RESULT.json","8"
"structured",".json","944","2026-08-01T13:04:14.5228181-04:00","D406824E5D301299CD14041D4944F36D27242D24B7BC6D8FFEF18C4E1FAD4498","C:\Users\funny\Documents\AgentBridge-worktrees\gasper-vec901-903-proof-prep-20260801","artifacts\gasper-completion\oath-correction-r4\integration-recapture\marker-poll\session-r4poll-mrwcq1t6-0pq2yk\HEARTBEAT-LATEST.json","12"
"structured",".json","913","2026-08-01T13:04:14.5218183-04:00","90D8996E4034C65EF80BCD6A39166ADE9DF54FCBC197CFC4E368DBC30916D177","C:\Users\funny\Documents\AgentBridge-worktrees\gasper-vec901-903-proof-prep-20260801","artifacts\gasper-completion\oath-correction-r4\integration-recapture\marker-poll\session-r4poll-mrwcq1t6-0pq2yk\HEARTBEAT-020.json","4"
"structured",".json","914","2026-08-01T13:04:14.5208123-04:00","6F4B62E2F340F7FF63FDAF3997FBC6C6AABF11CB90B263909B24B1D186564CAC","C:\Users\funny\Documents\AgentBridge-worktrees\gasper-vec901-903-proof-prep-20260801","artifacts\gasper-completion\oath-correction-r4\integration-recapture\marker-poll\session-r4poll-mrwcq1t6-0pq2yk\HEARTBEAT-019.json","4"
"structured",".json","914","2026-08-01T13:04:14.5208123-04:00","DCE700005A4F16DCE5C92F2B67CDE5962DEEFE6356F47EB1A4F7DCAD4AFFE8D6","C:\Users\funny\Documents\AgentBridge-worktrees\gasper-vec901-903-proof-prep-20260801","artifacts\gasper-completion\oath-correction-r4\integration-recapture\marker-poll\session-r4poll-mrwcq1t6-0pq2yk\HEARTBEAT-018.json","4"
"structured",".json","914","2026-08-01T13:04:14.5193085-04:00","2D6A8BE4F0503474F99DE3B49D072CDE40E6E2EB438CC5BD8EB8E4E4C5C8E7A8","C:\Users\funny\Documents\AgentBridge-worktrees\gasper-vec901-903-proof-prep-20260801","artifacts\gasper-completion\oath-correction-r4\integration-recapture\marker-poll\session-r4poll-mrwcq1t6-0pq2yk\HEARTBEAT-016.json","4"
"structured",".json","914","2026-08-01T13:04:14.5193085-04:00","C2B68288E2A3350CD2B1A32345622BABF1E7D473D35BB19CF5E4B57A5A632F56","C:\Users\funny\Documents\AgentBridge-worktrees\gasper-vec901-903-proof-prep-20260801","artifacts\gasper-completion\oath-correction-r4\integration-recapture\marker-poll\session-r4poll-mrwcq1t6-0pq2yk\HEARTBEAT-017.json","4"
"structured",".json","914","2026-08-01T13:04:14.5183085-04:00","1DE7473CC9744C9D335C0714E03EDC7B25A7EAEAAA7804136210E922CD2FF9E4","C:\Users\funny\Documents\AgentBridge-worktrees\gasper-vec901-903-proof-prep-20260801","artifacts\gasper-completion\oath-correction-r4\integration-recapture\marker-poll\session-r4poll-mrwcq1t6-0pq2yk\HEARTBEAT-015.json","4"
"structured",".json","914","2026-08-01T13:04:14.5173040-04:00","6B598337D73FA7FE0D0F83F63885DDE8B2F5E2827AE51BF527800218B87118E6","C:\Users\funny\Documents\AgentBridge-worktrees\gasper-vec901-903-proof-prep-20260801","artifacts\gasper-completion\oath-correction-r4\integration-recapture\marker-poll\session-r4poll-mrwcq1t6-0pq2yk\HEARTBEAT-013.json","4"
"structured",".json","914","2026-08-01T13:04:14.5173040-04:00","450749AB3FF9CA31D8319C9790688E39C7B3785CA818AFAD267581080EDAA0CC","C:\Users\funny\Documents\AgentBridge-worktrees\gasper-vec901-903-proof-prep-20260801","artifacts\gasper-completion\oath-correction-r4\integration-recapture\marker-poll\session-r4poll-mrwcq1t6-0pq2yk\HEARTBEAT-014.json","4"
"structured",".json","914","2026-08-01T13:04:14.5163032-04:00","AA230BCB6AF973F4A67E8F79B4E42C5E15C96CFE25CFEEB3FE7BFE15657271AF","C:\Users\funny\Documents\AgentBridge-worktrees\gasper-vec901-903-proof-prep-20260801","artifacts\gasper-completion\oath-correction-r4\integration-recapture\marker-poll\session-r4poll-mrwcq1t6-0pq2yk\HEARTBEAT-011.json","4"
"structured",".json","914","2026-08-01T13:04:14.5163032-04:00","5F13D7DCEDBE48A742C8E842A8BF7537E0443ED5D038F1939D9F3164BC9B9268","C:\Users\funny\Documents\AgentBridge-worktrees\gasper-vec901-903-proof-prep-20260801","artifacts\gasper-completion\oath-correction-r4\integration-recapture\marker-poll\session-r4poll-mrwcq1t6-0pq2yk\HEARTBEAT-012.json","4"
"structured",".json","913","2026-08-01T13:04:14.5152988-04:00","D67636E0DD952ADD3723484AB48571EF80464AA662540279ECDA9EA573839D70","C:\Users\funny\Documents\AgentBridge-worktrees\gasper-vec901-903-proof-prep-20260801","artifacts\gasper-completion\oath-correction-r4\integration-recapture\marker-poll\session-r4poll-mrwcq1t6-0pq2yk\HEARTBEAT-009.json","4"
"structured",".json","914","2026-08-01T13:04:14.5152988-04:00","7C46B3DEACB369DFDA88E4CC57C61F0D34BC2163BC71611A450024C0A6A4BEB9","C:\Users\funny\Documents\AgentBridge-worktrees\gasper-vec901-903-proof-prep-20260801","artifacts\gasper-completion\oath-correction-r4\integration-recapture\marker-poll\session-r4poll-mrwcq1t6-0pq2yk\HEARTBEAT-010.json","4"
"structured",".json","913","2026-08-01T13:04:14.5147812-04:00","0A95218EAD8F4954398B4DA0A9FECBACCDFA7CAE79F63155FD6972DC13C94797","C:\Users\funny\Documents\AgentBridge-worktrees\gasper-vec901-903-proof-prep-20260801","artifacts\gasper-completion\oath-correction-r4\integration-recapture\marker-poll\session-r4poll-mrwcq1t6-0pq2yk\HEARTBEAT-008.json","4"
"structured",".json","913","2026-08-01T13:04:14.5132132-04:00","59E33BA0D2D889233BB8904FC88B547B54CB3B75DDD43A80EC49A60B52ABA1D5","C:\Users\funny\Documents\AgentBridge-worktrees\gasper-vec901-903-proof-prep-20260801","artifacts\gasper-completion\oath-correction-r4\integration-recapture\marker-poll\session-r4poll-mrwcq1t6-0pq2yk\HEARTBEAT-007.json","4"
"structured",".json","913","2026-08-01T13:04:14.5132132-04:00","40A0A8472C1DC55A476EE1114BDAD6A09A0C8B173FB73607341D163F8806E648","C:\Users\funny\Documents\AgentBridge-worktrees\gasper-vec901-903-proof-prep-20260801","artifacts\gasper-completion\oath-correction-r4\integration-recapture\marker-poll\session-r4poll-mrwcq1t6-0pq2yk\HEARTBEAT-004.json","4"
"structured",".json","913","2026-08-01T13:04:14.5132132-04:00","7CC39DAE65179C0EE5658BDBCACE897B5E7D74BA81D3DC1A2455946D878D7EC1","C:\Users\funny\Documents\AgentBridge-worktrees\gasper-vec901-903-proof-prep-20260801","artifacts\gasper-completion\oath-correction-r4\integration-recapture\marker-poll\session-r4poll-mrwcq1t6-0pq2yk\HEARTBEAT-005.json","4"
"structured",".json","913","2026-08-01T13:04:14.5132132-04:00","C00DCF7352F0B713850A40933D57681A67F59A00FB9E36DEFD5921A9F02515EA","C:\Users\funny\Documents\AgentBridge-worktrees\gasper-vec901-903-proof-prep-20260801","artifacts\gasper-completion\oath-correction-r4\integration-recapture\marker-poll\session-r4poll-mrwcq1t6-0pq2yk\HEARTBEAT-006.json","4"
"structured",".json","913","2026-08-01T13:04:14.5122110-04:00","D14E2DB62C074ED6025C6A82E4939BA0A7D83C36A3BF5703B880DBE1D72FE9A9","C:\Users\funny\Documents\AgentBridge-worktrees\gasper-vec901-903-proof-prep-20260801","artifacts\gasper-completion\oath-correction-r4\integration-recapture\marker-poll\session-r4poll-mrwcq1t6-0pq2yk\HEARTBEAT-003.json","4"
"structured",".json","913","2026-08-01T13:04:14.5112121-04:00","F3D58C7C4430327DE4B421C0DD52810AFE2145192B38751256653842C1F0E865","C:\Users\funny\Documents\AgentBridge-worktrees\gasper-vec901-903-proof-prep-20260801","artifacts\gasper-completion\oath-correction-r4\integration-recapture\marker-poll\session-r4poll-mrwcq1t6-0pq2yk\HEARTBEAT-002.json","4"
"structured",".json","910","2026-08-01T13:04:14.5102070-04:00","0ECFE53F1112674529AB61D4E90556030669AB5AA038C037DEBB675CD991F724","C:\Users\funny\Documents\AgentBridge-worktrees\gasper-vec901-903-proof-prep-20260801","artifacts\gasper-completion\oath-correction-r4\integration-recapture\marker-poll\session-r4poll-mrwcq1t6-0pq2yk\HEARTBEAT-001.json","4"
"structured",".jsonl","83518","2026-08-01T13:04:14.5087021-04:00","759045957AF3AAB236EC81CB5162F12F0016C14B9F1A6411FD090DFF23BD5446","C:\Users\funny\Documents\AgentBridge-worktrees\gasper-vec901-903-proof-prep-20260801","artifacts\gasper-completion\oath-correction-r4\integration-recapture\marker-poll\session-r4poll-mrwb4ii8-2ygu1c\heartbeats.jsonl","4"
"structured",".json","1075","2026-08-01T13:04:14.5087021-04:00","DD64D8354733D7EF96681F5C9339F82F5693F5D9E8FF8BB1C5E6047F972A0B3C","C:\Users\funny\Documents\AgentBridge-worktrees\gasper-vec901-903-proof-prep-20260801","artifacts\gasper-completion\oath-correction-r4\integration-recapture\marker-poll\session-r4poll-mrwb4ii8-2ygu1c\HEARTBEAT-LATEST.json","8"
"structured",".json","1075","2026-08-01T13:04:14.5066449-04:00","C621B711572773CCAAFCBD7E5692F30C15E18A90941D93F63D9690E1B5EC4F10","C:\Users\funny\Documents\AgentBridge-worktrees\gasper-vec901-903-proof-prep-20260801","artifacts\gasper-completion\oath-correction-r4\integration-recapture\marker-poll\session-r4poll-mrwb4ii8-2ygu1c\HEARTBEAT-106.json","4"
"structured",".json","1075","2026-08-01T13:04:14.5066449-04:00","C235103D25EC3E5811F747DEC1E979B46D696698DF9CF8BE66272D8905ACEE59","C:\Users\funny\Documents\AgentBridge-worktrees\gasper-vec901-903-proof-prep-20260801","artifacts\gasper-completion\oath-correction-r4\integration-recapture\marker-poll\session-r4poll-mrwb4ii8-2ygu1c\HEARTBEAT-105.json","4"
"structured",".json","1075","2026-08-01T13:04:14.5056396-04:00","5B7CA0CD347ACE645CA72EB8B948C948D662D16F5B1A5B4C35833B78DE3C2BE6","C:\Users\funny\Documents\AgentBridge-worktrees\gasper-vec901-903-proof-prep-20260801","artifacts\gasper-completion\oath-correction-r4\integration-recapture\marker-poll\session-r4poll-mrwb4ii8-2ygu1c\HEARTBEAT-104.json","4"
"structured",".json","1075","2026-08-01T13:04:14.5037225-04:00","0C32BD9EEBA7712EE3481C6428EEF23396E4DF1467852012A9EE478A4DA692D4","C:\Users\funny\Documents\AgentBridge-worktrees\gasper-vec901-903-proof-prep-20260801","artifacts\gasper-completion\oath-correction-r4\integration-recapture\marker-poll\session-r4poll-mrwb4ii8-2ygu1c\HEARTBEAT-101.json","4"
"structured",".json","1075","2026-08-01T13:04:14.5037225-04:00","458FB0D19E408083E102AFF8CB74654B471DFE4487D49DE167FD83E0EA2C2DAD","C:\Users\funny\Documents\AgentBridge-worktrees\gasper-vec901-903-proof-prep-20260801","artifacts\gasper-completion\oath-correction-r4\integration-recapture\marker-poll\session-r4poll-mrwb4ii8-2ygu1c\HEARTBEAT-103.json","4"
"structured",".json","1075","2026-08-01T13:04:14.5037225-04:00","3D2709745B2E89CAC0972D17574CB9D56DCA4ED0E14BB72D171285B5CCE393EE","C:\Users\funny\Documents\AgentBridge-worktrees\gasper-vec901-903-proof-prep-20260801","artifacts\gasper-completion\oath-correction-r4\integration-recapture\marker-poll\session-r4poll-mrwb4ii8-2ygu1c\HEARTBEAT-102.json","4"
"structured",".json","1075","2026-08-01T13:04:14.5027237-04:00","18388D92DC3C29E67E7026AB859E71256935651F791B2142D473721B239CAF3A","C:\Users\funny\Documents\AgentBridge-worktrees\gasper-vec901-903-proof-prep-20260801","artifacts\gasper-completion\oath-correction-r4\integration-recapture\marker-poll\session-r4poll-mrwb4ii8-2ygu1c\HEARTBEAT-100.json","4"
"structured",".json","1074","2026-08-01T13:04:14.5027237-04:00","DAE4C31FDC0B90A1FC834145614537BB49A5CFD22361A11D29FDCFDED7F1522B","C:\Users\funny\Documents\AgentBridge-worktrees\gasper-vec901-903-proof-prep-20260801","artifacts\gasper-completion\oath-correction-r4\integration-recapture\marker-poll\session-r4poll-mrwb4ii8-2ygu1c\HEARTBEAT-099.json","4"
"structured",".json","1074","2026-08-01T13:04:14.5017247-04:00","B80A4FE81CE927A9C5990C45D9CB4F89CAEE5D6F551BB196B998CAF07A05B37D","C:\Users\funny\Documents\AgentBridge-worktrees\gasper-vec901-903-proof-prep-20260801","artifacts\gasper-completion\oath-correction-r4\integration-recapture\marker-poll\session-r4poll-mrwb4ii8-2ygu1c\HEARTBEAT-097.json","4"
"structured",".json","1074","2026-08-01T13:04:14.5017247-04:00","1BA922D9D4193361F799B4B48915E14BB772190D5E34D21AFC19FB96FFB0A634","C:\Users\funny\Documents\AgentBridge-worktrees\gasper-vec901-903-proof-prep-20260801","artifacts\gasper-completion\oath-correction-r4\integration-recapture\marker-poll\session-r4poll-mrwb4ii8-2ygu1c\HEARTBEAT-098.json","4"
"structured",".json","1074","2026-08-01T13:04:14.5007246-04:00","CF73F6EFD3E6413423258BBE5703BDC7BAB01EC61B9904ED72FC3578BD7F8FAB","C:\Users\funny\Documents\AgentBridge-worktrees\gasper-vec901-903-proof-prep-20260801","artifacts\gasper-completion\oath-correction-r4\integration-recapture\marker-poll\session-r4poll-mrwb4ii8-2ygu1c\HEARTBEAT-095.json","4"
"structured",".json","1074","2026-08-01T13:04:14.5007246-04:00","BE20EDD884196821B72342B2D505C35FA51F6B55E5F3976DB755B3E25282056B","C:\Users\funny\Documents\AgentBridge-worktrees\gasper-vec901-903-proof-prep-20260801","artifacts\gasper-completion\oath-correction-r4\integration-recapture\marker-poll\session-r4poll-mrwb4ii8-2ygu1c\HEARTBEAT-096.json","4"
"structured",".json","1074","2026-08-01T13:04:14.4997184-04:00","4AB3EB8A3A013C0FC38167DAD80F9A8391C0B9CAC2ED3FBFD5AAB7894F855AF2","C:\Users\funny\Documents\AgentBridge-worktrees\gasper-vec901-903-proof-prep-20260801","artifacts\gasper-completion\oath-correction-r4\integration-recapture\marker-poll\session-r4poll-mrwb4ii8-2ygu1c\HEARTBEAT-094.json","4"
"structured",".json","1074","2026-08-01T13:04:14.4997184-04:00","1469F79D5B15F3DA644E65ADE9EEC2C3B782D422B421B7CD1420C342DEF12369","C:\Users\funny\Documents\AgentBridge-worktrees\gasper-vec901-903-proof-prep-20260801","artifacts\gasper-completion\oath-correction-r4\integration-recapture\marker-poll\session-r4poll-mrwb4ii8-2ygu1c\HEARTBEAT-093.json","4"
"structured",".json","1074","2026-08-01T13:04:14.4992145-04:00","1462D84860C7CB0A273AE19E177DC2EA324827C58A8C58D9BF1E71EF3F1EBA2B","C:\Users\funny\Documents\AgentBridge-worktrees\gasper-vec901-903-proof-prep-20260801","artifacts\gasper-completion\oath-correction-r4\integration-recapture\marker-poll\session-r4poll-mrwb4ii8-2ygu1c\HEARTBEAT-092.json","4"
"structured",".json","1074","2026-08-01T13:04:14.4982149-04:00","352164374BE556A15063F891CCBFA21311600C4DA7DE7B3BE27229619C5C65BC","C:\Users\funny\Documents\AgentBridge-worktrees\gasper-vec901-903-proof-prep-20260801","artifacts\gasper-completion\oath-correction-r4\integration-recapture\marker-poll\session-r4poll-mrwb4ii8-2ygu1c\HEARTBEAT-091.json","4"
"structured",".json","1074","2026-08-01T13:04:14.4982149-04:00","6CE07261A48A91E0C84E0FF1F5D5D7A68EB3AFAA9D0AFF8CEFC83371B66041C0","C:\Users\funny\Documents\AgentBridge-worktrees\gasper-vec901-903-proof-prep-20260801","artifacts\gasper-completion\oath-correction-r4\integration-recapture\marker-poll\session-r4poll-mrwb4ii8-2ygu1c\HEARTBEAT-090.json","4"
"structured",".json","1074","2026-08-01T13:04:14.4972097-04:00","262A706B83FF6042D25998C7632807F39441FD93530CF0FFED5A4F2A5B36FB48","C:\Users\funny\Documents\AgentBridge-worktrees\gasper-vec901-903-proof-prep-20260801","artifacts\gasper-completion\oath-correction-r4\integration-recapture\marker-poll\session-r4poll-mrwb4ii8-2ygu1c\HEARTBEAT-089.json","4"
"structured",".json","1074","2026-08-01T13:04:14.4972097-04:00","96CDE092E78B9B03F049E760ED7FDB4DB9C0B192F48CEC233E4A8C49DA734857","C:\Users\funny\Documents\AgentBridge-worktrees\gasper-vec901-903-proof-prep-20260801","artifacts\gasper-completion\oath-correction-r4\integration-recapture\marker-poll\session-r4poll-mrwb4ii8-2ygu1c\HEARTBEAT-088.json","4"
"structured",".json","1074","2026-08-01T13:04:14.4956901-04:00","3628C294B3718291E576EE50DE6E46E272C490DF5E8CFB141592392579927F09","C:\Users\funny\Documents\AgentBridge-worktrees\gasper-vec901-903-proof-prep-20260801","artifacts\gasper-completion\oath-correction-r4\integration-recapture\marker-poll\session-r4poll-mrwb4ii8-2ygu1c\HEARTBEAT-087.json","4"
"structured",".json","1074","2026-08-01T13:04:14.4956901-04:00","2BDE817E14EE982EBBECCD8284F008728E8D7312654535E3FECA205AF21D9044","C:\Users\funny\Documents\AgentBridge-worktrees\gasper-vec901-903-proof-prep-20260801","artifacts\gasper-completion\oath-correction-r4\integration-recapture\marker-poll\session-r4poll-mrwb4ii8-2ygu1c\HEARTBEAT-086.json","4"
"structured",".json","1075","2026-08-01T13:04:14.4941859-04:00","0AA63C1C0D8D28282952AAA4908C81FD22068839E532285CF87252F0BB40F725","C:\Users\funny\Documents\AgentBridge-worktrees\gasper-vec901-903-proof-prep-20260801","artifacts\gasper-completion\oath-correction-r4\integration-recapture\marker-poll\session-r4poll-mrwb4ii8-2ygu1c\HEARTBEAT-084.json","4"
"structured",".json","1075","2026-08-01T13:04:14.4941859-04:00","AEA28DC453E8DF64687B2FD48D750A2E7BAAED2A67CAC3569D3B0A510E65A848","C:\Users\funny\Documents\AgentBridge-worktrees\gasper-vec901-903-proof-prep-20260801","artifacts\gasper-completion\oath-correction-r4\integration-recapture\marker-poll\session-r4poll-mrwb4ii8-2ygu1c\HEARTBEAT-085.json","4"
"structured",".json","1075","2026-08-01T13:04:14.4936806-04:00","C1A6EA0C5F32DC8C22775BA20224E6D3075F0098ABC8431F5B58FEB040897429","C:\Users\funny\Documents\AgentBridge-worktrees\gasper-vec901-903-proof-prep-20260801","artifacts\gasper-completion\oath-correction-r4\integration-recapture\marker-poll\session-r4poll-mrwb4ii8-2ygu1c\HEARTBEAT-083.json","4"
"structured",".json","1075","2026-08-01T13:04:14.4926794-04:00","1DD5776FCD9AFE7550552A295F2F0370292D05D630985490D20CE256FA920505","C:\Users\funny\Documents\AgentBridge-worktrees\gasper-vec901-903-proof-prep-20260801","artifacts\gasper-completion\oath-correction-r4\integration-recapture\marker-poll\session-r4poll-mrwb4ii8-2ygu1c\HEARTBEAT-081.json","4"
"structured",".json","1075","2026-08-01T13:04:14.4926794-04:00","756A3EBC70231AEE1E609F0E1E5A6C676091CB7B64AC37D34D42C965454A6015","C:\Users\funny\Documents\AgentBridge-worktrees\gasper-vec901-903-proof-prep-20260801","artifacts\gasper-completion\oath-correction-r4\integration-recapture\marker-poll\session-r4poll-mrwb4ii8-2ygu1c\HEARTBEAT-082.json","4"
"structured",".json","1075","2026-08-01T13:04:14.4916811-04:00","5CD06FBDADC1093343472D7B385B18FD76578FF66EFDBF16CFF212CB87D035BB","C:\Users\funny\Documents\AgentBridge-worktrees\gasper-vec901-903-proof-prep-20260801","artifacts\gasper-completion\oath-correction-r4\integration-recapture\marker-poll\session-r4poll-mrwb4ii8-2ygu1c\HEARTBEAT-080.json","4"
"structured",".json","1075","2026-08-01T13:04:14.4906795-04:00","F625C2FDB7756DE841CA5843E7DDE8B3EE5935EF96B3FDF6481EA28A20F30BCE","C:\Users\funny\Documents\AgentBridge-worktrees\gasper-vec901-903-proof-prep-20260801","artifacts\gasper-completion\oath-correction-r4\integration-recapture\marker-poll\session-r4poll-mrwb4ii8-2ygu1c\HEARTBEAT-079.json","4"
"structured",".json","1075","2026-08-01T13:04:14.4906795-04:00","E649CC1B1FFE7FDD35991C96EA6779E2CF9EFBFC2073931850D4D68841536B4F","C:\Users\funny\Documents\AgentBridge-worktrees\gasper-vec901-903-proof-prep-20260801","artifacts\gasper-completion\oath-correction-r4\integration-recapture\marker-poll\session-r4poll-mrwb4ii8-2ygu1c\HEARTBEAT-078.json","4"
"structured",".json","1075","2026-08-01T13:04:14.4894147-04:00","C2442E7F5313EA2B0819950277804B78F3291E16AAA18DA6D926D0CC40CD3B66","C:\Users\funny\Documents\AgentBridge-worktrees\gasper-vec901-903-proof-prep-20260801","artifacts\gasper-completion\oath-correction-r4\integration-recapture\marker-poll\session-r4poll-mrwb4ii8-2ygu1c\HEARTBEAT-077.json","4"
"structured",".json","1075","2026-08-01T13:04:14.4894147-04:00","3E71BA57301222B04830F917D4DDFE7EE321CB01C05171FDCBD46D4A107BB61E","C:\Users\funny\Documents\AgentBridge-worktrees\gasper-vec901-903-proof-prep-20260801","artifacts\gasper-completion\oath-correction-r4\integration-recapture\marker-poll\session-r4poll-mrwb4ii8-2ygu1c\HEARTBEAT-076.json","4"
"structured",".json","1075","2026-08-01T13:04:14.4884089-04:00","4DAD969F28C9623CFC02791CC9C3751C91712348E92549E3BB8DD979D5A1393D","C:\Users\funny\Documents\AgentBridge-worktrees\gasper-vec901-903-proof-prep-20260801","artifacts\gasper-completion\oath-correction-r4\integration-recapture\marker-poll\session-r4poll-mrwb4ii8-2ygu1c\HEARTBEAT-075.json","4"
"structured",".json","1075","2026-08-01T13:04:14.4867249-04:00","2249DDDE3E71F34458EF12404D34103E3C4C8D15F506799BF408955E56C7CD28","C:\Users\funny\Documents\AgentBridge-worktrees\gasper-vec901-903-proof-prep-20260801","artifacts\gasper-completion\oath-correction-r4\integration-recapture\marker-poll\session-r4poll-mrwb4ii8-2ygu1c\HEARTBEAT-073.json","4"
"structured",".json","1075","2026-08-01T13:04:14.4867249-04:00","F4363FE48417D13CD3CA064601D81BF573C3C88CC0EC8BDD0C3D72CDD353F6EB","C:\Users\funny\Documents\AgentBridge-worktrees\gasper-vec901-903-proof-prep-20260801","artifacts\gasper-completion\oath-correction-r4\integration-recapture\marker-poll\session-r4poll-mrwb4ii8-2ygu1c\HEARTBEAT-074.json","4"
"structured",".json","1075","2026-08-01T13:04:14.4857193-04:00","9D898304EEAE16492442B097E6C79F290F7D44457749DFF7B7AD3D6AC18AA679","C:\Users\funny\Documents\AgentBridge-worktrees\gasper-vec901-903-proof-prep-20260801","artifacts\gasper-completion\oath-correction-r4\integration-recapture\marker-poll\session-r4poll-mrwb4ii8-2ygu1c\HEARTBEAT-072.json","4"
"structured",".json","1075","2026-08-01T13:04:14.4852150-04:00","33304F3973582249E5D3F084CAAC69A353E3F1C54D1AAA7A2DFF80AD28491906","C:\Users\funny\Documents\AgentBridge-worktrees\gasper-vec901-903-proof-prep-20260801","artifacts\gasper-completion\oath-correction-r4\integration-recapture\marker-poll\session-r4poll-mrwb4ii8-2ygu1c\HEARTBEAT-071.json","4"
"structured",".json","1075","2026-08-01T13:04:14.4842135-04:00","E1D821A875A7FDC06258AC119C7ED2D782C72D79AE2047377377D1A9A3B46026","C:\Users\funny\Documents\AgentBridge-worktrees\gasper-vec901-903-proof-prep-20260801","artifacts\gasper-completion\oath-correction-r4\integration-recapture\marker-poll\session-r4poll-mrwb4ii8-2ygu1c\HEARTBEAT-069.json","4"
"structured",".json","1075","2026-08-01T13:04:14.4842135-04:00","44E82F439E8937B2528BE9BDB7CA007839D2765DC1FEFFCFC42FD6BD25CE255E","C:\Users\funny\Documents\AgentBridge-worktrees\gasper-vec901-903-proof-prep-20260801","artifacts\gasper-completion\oath-correction-r4\integration-recapture\marker-poll\session-r4poll-mrwb4ii8-2ygu1c\HEARTBEAT-070.json","4"
"structured",".json","1075","2026-08-01T13:04:14.4832079-04:00","F7F5D132F322539A1814BF7D41C50093370FC8F1838A62DBF8AD9F6332898EF0","C:\Users\funny\Documents\AgentBridge-worktrees\gasper-vec901-903-proof-prep-20260801","artifacts\gasper-completion\oath-correction-r4\integration-recapture\marker-poll\session-r4poll-mrwb4ii8-2ygu1c\HEARTBEAT-068.json","4"
"structured",".json","1075","2026-08-01T13:04:14.4827040-04:00","AC3FFF507E837F85B72613FD41639A796D48A98FF92EA43776C41E173F1B2C88","C:\Users\funny\Documents\AgentBridge-worktrees\gasper-vec901-903-proof-prep-20260801","artifacts\gasper-completion\oath-correction-r4\integration-recapture\marker-poll\session-r4poll-mrwb4ii8-2ygu1c\HEARTBEAT-067.json","4"
"structured",".json","1075","2026-08-01T13:04:14.4817049-04:00","DCB3B9992D69C825E85DAA00955AF0C3AB13FE6B711C372F90FA704D576D2DDF","C:\Users\funny\Documents\AgentBridge-worktrees\gasper-vec901-903-proof-prep-20260801","artifacts\gasper-completion\oath-correction-r4\integration-recapture\marker-poll\session-r4poll-mrwb4ii8-2ygu1c\HEARTBEAT-065.json","4"
"structured",".json","1075","2026-08-01T13:04:14.4817049-04:00","181EE7444A09D9BA4BFCC3EA8E390DCED9BE139CB7F015776CC06A9C98B41E4E","C:\Users\funny\Documents\AgentBridge-worktrees\gasper-vec901-903-proof-prep-20260801","artifacts\gasper-completion\oath-correction-r4\integration-recapture\marker-poll\session-r4poll-mrwb4ii8-2ygu1c\HEARTBEAT-066.json","4"
"structured",".json","1075","2026-08-01T13:04:14.4806982-04:00","13FF2A39A0DAF9779BDF315F3AC42DB9897221601A83DCBD3819D0D48F867C23","C:\Users\funny\Documents\AgentBridge-worktrees\gasper-vec901-903-proof-prep-20260801","artifacts\gasper-completion\oath-correction-r4\integration-recapture\marker-poll\session-r4poll-mrwb4ii8-2ygu1c\HEARTBEAT-063.json","4"
"structured",".json","1075","2026-08-01T13:04:14.4806982-04:00","AEE313F42E147E0E4138FAEA8F3496351A8CE1BA1AB2D1B2701076F0BCF008B3","C:\Users\funny\Documents\AgentBridge-worktrees\gasper-vec901-903-proof-prep-20260801","artifacts\gasper-completion\oath-correction-r4\integration-recapture\marker-poll\session-r4poll-mrwb4ii8-2ygu1c\HEARTBEAT-064.json","4"
"structured",".json","1075","2026-08-01T13:04:14.4796918-04:00","0ABD4ACC583D699BE8B47D634EAA3D4FFEA4659225FD1B6E9B01F0ED1698BB11","C:\Users\funny\Documents\AgentBridge-worktrees\gasper-vec901-903-proof-prep-20260801","artifacts\gasper-completion\oath-correction-r4\integration-recapture\marker-poll\session-r4poll-mrwb4ii8-2ygu1c\HEARTBEAT-061.json","4"
"structured",".json","1075","2026-08-01T13:04:14.4796918-04:00","CD0D2D39F5FCD21CD8BA530B7209C030984B1C70D3B8FD1DF08156748C64F8BB","C:\Users\funny\Documents\AgentBridge-worktrees\gasper-vec901-903-proof-prep-20260801","artifacts\gasper-completion\oath-correction-r4\integration-recapture\marker-poll\session-r4poll-mrwb4ii8-2ygu1c\HEARTBEAT-062.json","4"
"structured",".json","1075","2026-08-01T13:04:14.4786904-04:00","997EBBC77C41905203485D57F5267BC9483F662499D8344E731893D432B9DAEF","C:\Users\funny\Documents\AgentBridge-worktrees\gasper-vec901-903-proof-prep-20260801","artifacts\gasper-completion\oath-correction-r4\integration-recapture\marker-poll\session-r4poll-mrwb4ii8-2ygu1c\HEARTBEAT-059.json","4"
"structured",".json","1075","2026-08-01T13:04:14.4786904-04:00","7AE63657FC22607954C4B43B006FA0A18DDD84E37E4B3753FED82F9E2CB7684B","C:\Users\funny\Documents\AgentBridge-worktrees\gasper-vec901-903-proof-prep-20260801","artifacts\gasper-completion\oath-correction-r4\integration-recapture\marker-poll\session-r4poll-mrwb4ii8-2ygu1c\HEARTBEAT-060.json","4"
"structured",".json","1075","2026-08-01T13:04:14.4776147-04:00","378F49FD1855A36556CF4A490FACA5219A0A73C6FF5F1F228B5D5EE34D8337DD","C:\Users\funny\Documents\AgentBridge-worktrees\gasper-vec901-903-proof-prep-20260801","artifacts\gasper-completion\oath-correction-r4\integration-recapture\marker-poll\session-r4poll-mrwb4ii8-2ygu1c\HEARTBEAT-058.json","4"
"structured",".json","1075","2026-08-01T13:04:14.4776147-04:00","4C2F9A1A5B29D0D895CC694AD43F80B6B810E841BF20A489751E37DDA2443352","C:\Users\funny\Documents\AgentBridge-worktrees\gasper-vec901-903-proof-prep-20260801","artifacts\gasper-completion\oath-correction-r4\integration-recapture\marker-poll\session-r4poll-mrwb4ii8-2ygu1c\HEARTBEAT-057.json","4"
"structured",".json","1075","2026-08-01T13:04:14.4766150-04:00","3514E8B59F74CDEC03070EB7AD25BFF6794D44920CF78821833DD623D2578451","C:\Users\funny\Documents\AgentBridge-worktrees\gasper-vec901-903-proof-prep-20260801","artifacts\gasper-completion\oath-correction-r4\integration-recapture\marker-poll\session-r4poll-mrwb4ii8-2ygu1c\HEARTBEAT-056.json","4"
"structured",".json","1075","2026-08-01T13:04:14.4766150-04:00","21ECAE952E724D1C26AB881E8CC7A12802F3700BA6DAF63AB0507C9613B6E76E","C:\Users\funny\Documents\AgentBridge-worktrees\gasper-vec901-903-proof-prep-20260801","artifacts\gasper-completion\oath-correction-r4\integration-recapture\marker-poll\session-r4poll-mrwb4ii8-2ygu1c\HEARTBEAT-055.json","4"
"structured",".json","1075","2026-08-01T13:04:14.4755602-04:00","9D2C6721D49A774733EDD48CF04C7127C9821038FA15CA856C04EA2FBBD4AA17","C:\Users\funny\Documents\AgentBridge-worktrees\gasper-vec901-903-proof-prep-20260801","artifacts\gasper-completion\oath-correction-r4\integration-recapture\marker-poll\session-r4poll-mrwb4ii8-2ygu1c\HEARTBEAT-054.json","4"
"structured",".json","1075","2026-08-01T13:04:14.4755602-04:00","D74B7D85B4F19070BE6B29DFFB86BC073DE07D13C07C2738CB9FF29C6E9CD94F","C:\Users\funny\Documents\AgentBridge-worktrees\gasper-vec901-903-proof-prep-20260801","artifacts\gasper-completion\oath-correction-r4\integration-recapture\marker-poll\session-r4poll-mrwb4ii8-2ygu1c\HEARTBEAT-053.json","4"
"structured",".json","1075","2026-08-01T13:04:14.4745613-04:00","64F9F27C5812B9FCF4F356B18FA4DF12D5B2197F527FB676B0E53AD88A644946","C:\Users\funny\Documents\AgentBridge-worktrees\gasper-vec901-903-proof-prep-20260801","artifacts\gasper-completion\oath-correction-r4\integration-recapture\marker-poll\session-r4poll-mrwb4ii8-2ygu1c\HEARTBEAT-052.json","4"
"structured",".json","1075","2026-08-01T13:04:14.4745613-04:00","D324C015B8AAB6E2932F896454E6E928E7A3059C82DB800E1C3EA400EFB983A3","C:\Users\funny\Documents\AgentBridge-worktrees\gasper-vec901-903-proof-prep-20260801","artifacts\gasper-completion\oath-correction-r4\integration-recapture\marker-poll\session-r4poll-mrwb4ii8-2ygu1c\HEARTBEAT-051.json","4"
"structured",".json","1074","2026-08-01T13:04:14.4735599-04:00","394324FD4BF2C53C7CAEBBF66AF23C429A55346A74B3112EB17D2315697FAAE8","C:\Users\funny\Documents\AgentBridge-worktrees\gasper-vec901-903-proof-prep-20260801","artifacts\gasper-completion\oath-correction-r4\integration-recapture\marker-poll\session-r4poll-mrwb4ii8-2ygu1c\HEARTBEAT-050.json","4"
"structured",".json","1074","2026-08-01T13:04:14.4735599-04:00","8A29F0783B1F17C292BA1A4C05466E96471D057F04DFAD61631ACDE704A13810","C:\Users\funny\Documents\AgentBridge-worktrees\gasper-vec901-903-proof-prep-20260801","artifacts\gasper-completion\oath-correction-r4\integration-recapture\marker-poll\session-r4poll-mrwb4ii8-2ygu1c\HEARTBEAT-049.json","4"
"structured",".json","1074","2026-08-01T13:04:14.4722289-04:00","92E9B103AA00D417BB1437933A3DD3C4C4053E210C5B9B2B35FA208A7DF79A3B","C:\Users\funny\Documents\AgentBridge-worktrees\gasper-vec901-903-proof-prep-20260801","artifacts\gasper-completion\oath-correction-r4\integration-recapture\marker-poll\session-r4poll-mrwb4ii8-2ygu1c\HEARTBEAT-046.json","4"
"structured",".json","1074","2026-08-01T13:04:14.4722289-04:00","0E7C48503DA0FC14B2CE3FD8AAC0C4192BFA714A54331086F83CF3C5BF7A6183","C:\Users\funny\Documents\AgentBridge-worktrees\gasper-vec901-903-proof-prep-20260801","artifacts\gasper-completion\oath-correction-r4\integration-recapture\marker-poll\session-r4poll-mrwb4ii8-2ygu1c\HEARTBEAT-048.json","4"
"structured",".json","1074","2026-08-01T13:04:14.4722289-04:00","40AE0221883743D7F72C0F41296BDB7C336EE7D54A530913E1F644AFE7D6B802","C:\Users\funny\Documents\AgentBridge-worktrees\gasper-vec901-903-proof-prep-20260801","artifacts\gasper-completion\oath-correction-r4\integration-recapture\marker-poll\session-r4poll-mrwb4ii8-2ygu1c\HEARTBEAT-047.json","4"
"structured",".json","1074","2026-08-01T13:04:14.4712273-04:00","1BEED7E94FC6C20C34BE487CACE6BED6AD0A78C490EB3F43DD7A874ED9DA31CC","C:\Users\funny\Documents\AgentBridge-worktrees\gasper-vec901-903-proof-prep-20260801","artifacts\gasper-completion\oath-correction-r4\integration-recapture\marker-poll\session-r4poll-mrwb4ii8-2ygu1c\HEARTBEAT-045.json","4"
"structured",".json","1074","2026-08-01T13:04:14.4702271-04:00","EF6378D0C832C41E5ED303F1B1C539449AF32758897E35CE1F8A9A9AD62BA9EF","C:\Users\funny\Documents\AgentBridge-worktrees\gasper-vec901-903-proof-prep-20260801","artifacts\gasper-completion\oath-correction-r4\integration-recapture\marker-poll\session-r4poll-mrwb4ii8-2ygu1c\HEARTBEAT-044.json","4"
"structured",".json","1074","2026-08-01T13:04:14.4692266-04:00","C4E58EE2C2D6D63F5FDCEE611C983303CA37E3D6602070579B25F2EEAC89AB87","C:\Users\funny\Documents\AgentBridge-worktrees\gasper-vec901-903-proof-prep-20260801","artifacts\gasper-completion\oath-correction-r4\integration-recapture\marker-poll\session-r4poll-mrwb4ii8-2ygu1c\HEARTBEAT-043.json","4"
"structured",".json","1074","2026-08-01T13:04:14.4692266-04:00","BB6534495834008A08E901EF2FBD898E95DEBD2A506D490D3067DC9A1AFDC4F0","C:\Users\funny\Documents\AgentBridge-worktrees\gasper-vec901-903-proof-prep-20260801","artifacts\gasper-completion\oath-correction-r4\integration-recapture\marker-poll\session-r4poll-mrwb4ii8-2ygu1c\HEARTBEAT-042.json","4"
"structured",".json","1074","2026-08-01T13:04:14.4682290-04:00","68D569370E84B03F69DD2E07D59D912594BA026BAD0D870EE2EA7C19B58066B4","C:\Users\funny\Documents\AgentBridge-worktrees\gasper-vec901-903-proof-prep-20260801","artifacts\gasper-completion\oath-correction-r4\integration-recapture\marker-poll\session-r4poll-mrwb4ii8-2ygu1c\HEARTBEAT-041.json","4"
"structured",".json","1074","2026-08-01T13:04:14.4672230-04:00","C82B1E2073B2F813E848B776809C3AC33078840A65097033DF786CDD7E367328","C:\Users\funny\Documents\AgentBridge-worktrees\gasper-vec901-903-proof-prep-20260801","artifacts\gasper-completion\oath-correction-r4\integration-recapture\marker-poll\session-r4poll-mrwb4ii8-2ygu1c\HEARTBEAT-040.json","4"
"structured",".json","1074","2026-08-01T13:04:14.4672230-04:00","43A210AF2B7B9E8500F18CCF2B0442215AF0B84E59846881F0A852239F73F594","C:\Users\funny\Documents\AgentBridge-worktrees\gasper-vec901-903-proof-prep-20260801","artifacts\gasper-completion\oath-correction-r4\integration-recapture\marker-poll\session-r4poll-mrwb4ii8-2ygu1c\HEARTBEAT-039.json","4"
"structured",".json","1074","2026-08-01T13:04:14.4657144-04:00","D56EA988FF0FA0A41AD9E238376321D9879BDC3F5E041BD35295049D96884024","C:\Users\funny\Documents\AgentBridge-worktrees\gasper-vec901-903-proof-prep-20260801","artifacts\gasper-completion\oath-correction-r4\integration-recapture\marker-poll\session-r4poll-mrwb4ii8-2ygu1c\HEARTBEAT-038.json","4"
"structured",".json","1074","2026-08-01T13:04:14.4657144-04:00","F9DC62A27BD2D971554490139A65F26008C0603B06830396E5AC1B63357726CC","C:\Users\funny\Documents\AgentBridge-worktrees\gasper-vec901-903-proof-prep-20260801","artifacts\gasper-completion\oath-correction-r4\integration-recapture\marker-poll\session-r4poll-mrwb4ii8-2ygu1c\HEARTBEAT-037.json","4"
"structured",".json","1074","2026-08-01T13:04:14.4641426-04:00","20DDE48D0CE40490F815822D6D4B6F9176EFF124A98627FE65D9E212EBB00884","C:\Users\funny\Documents\AgentBridge-worktrees\gasper-vec901-903-proof-prep-20260801","artifacts\gasper-completion\oath-correction-r4\integration-recapture\marker-poll\session-r4poll-mrwb4ii8-2ygu1c\HEARTBEAT-036.json","4"
"structured",".json","1074","2026-08-01T13:04:14.4641426-04:00","D7870BA57BA8B3DD614B133E5F5F8E2FE4F47C498AD432480BFB6ACD55019281","C:\Users\funny\Documents\AgentBridge-worktrees\gasper-vec901-903-proof-prep-20260801","artifacts\gasper-completion\oath-correction-r4\integration-recapture\marker-poll\session-r4poll-mrwb4ii8-2ygu1c\HEARTBEAT-034.json","4"
"structured",".json","1074","2026-08-01T13:04:14.4641426-04:00","0CCB277E27456D1C8807A1010EB78F28414B0B71BF42D0C7329F9B3FE50DEFD0","C:\Users\funny\Documents\AgentBridge-worktrees\gasper-vec901-903-proof-prep-20260801","artifacts\gasper-completion\oath-correction-r4\integration-recapture\marker-poll\session-r4poll-mrwb4ii8-2ygu1c\HEARTBEAT-035.json","4"
"structured",".json","1074","2026-08-01T13:04:14.4631424-04:00","2E561687575016AA78D9ED122C059BC21EE130648F4EC2AAAAF6E570CC36B061","C:\Users\funny\Documents\AgentBridge-worktrees\gasper-vec901-903-proof-prep-20260801","artifacts\gasper-completion\oath-correction-r4\integration-recapture\marker-poll\session-r4poll-mrwb4ii8-2ygu1c\HEARTBEAT-033.json","4"
"structured",".json","1074","2026-08-01T13:04:14.4631424-04:00","631E7AB18B1AC1BDA71C6B19A2A13E46CBAD1CA13F8E99BE6AB70FF694DC04C8","C:\Users\funny\Documents\AgentBridge-worktrees\gasper-vec901-903-proof-prep-20260801","artifacts\gasper-completion\oath-correction-r4\integration-recapture\marker-poll\session-r4poll-mrwb4ii8-2ygu1c\HEARTBEAT-032.json","4"
"structured",".json","1074","2026-08-01T13:04:14.4621412-04:00","1088F4B63A47BFBB7E75E9BD6B625628FD7F0DD4B96952979329503BE6757CA0","C:\Users\funny\Documents\AgentBridge-worktrees\gasper-vec901-903-proof-prep-20260801","artifacts\gasper-completion\oath-correction-r4\integration-recapture\marker-poll\session-r4poll-mrwb4ii8-2ygu1c\HEARTBEAT-031.json","4"
"structured",".json","1074","2026-08-01T13:04:14.4610931-04:00","3B5F2EFEFA6CF1A87C98168D166675CF778778DC936009BA9AE0E1FA29342BDD","C:\Users\funny\Documents\AgentBridge-worktrees\gasper-vec901-903-proof-prep-20260801","artifacts\gasper-completion\oath-correction-r4\integration-recapture\marker-poll\session-r4poll-mrwb4ii8-2ygu1c\HEARTBEAT-030.json","4"
"structured",".json","1074","2026-08-01T13:04:14.4600940-04:00","EB97A9700A7D927808B77CB58697BB4CD949D4FFF082FBE409DE05D05057ECB0","C:\Users\funny\Documents\AgentBridge-worktrees\gasper-vec901-903-proof-prep-20260801","artifacts\gasper-completion\oath-correction-r4\integration-recapture\marker-poll\session-r4poll-mrwb4ii8-2ygu1c\HEARTBEAT-028.json","4"
"structured",".json","1074","2026-08-01T13:04:14.4600940-04:00","2C8C29C2C1489B12390DCE592BFBCE1952738570B7E25026960832CDBE435B01","C:\Users\funny\Documents\AgentBridge-worktrees\gasper-vec901-903-proof-prep-20260801","artifacts\gasper-completion\oath-correction-r4\integration-recapture\marker-poll\session-r4poll-mrwb4ii8-2ygu1c\HEARTBEAT-029.json","4"
"structured",".json","1074","2026-08-01T13:04:14.4590888-04:00","DAD103A27026FA2A9F555B662DEE58D8797523FFD4E3EC1785094B7D5A62C6D9","C:\Users\funny\Documents\AgentBridge-worktrees\gasper-vec901-903-proof-prep-20260801","artifacts\gasper-completion\oath-correction-r4\integration-recapture\marker-poll\session-r4poll-mrwb4ii8-2ygu1c\HEARTBEAT-027.json","4"
"structured",".json","1074","2026-08-01T13:04:14.4580876-04:00","B05BA7C248306B905906BB47E46324D988C5D852C977B298F1E2946775C679C1","C:\Users\funny\Documents\AgentBridge-worktrees\gasper-vec901-903-proof-prep-20260801","artifacts\gasper-completion\oath-correction-r4\integration-recapture\marker-poll\session-r4poll-mrwb4ii8-2ygu1c\HEARTBEAT-026.json","4"
"structured",".json","1068","2026-08-01T13:04:14.4570878-04:00","A74672101B2593BF1D60318777FCA149129E22A627F9CD2D17E93065E3DA4730","C:\Users\funny\Documents\AgentBridge-worktrees\gasper-vec901-903-proof-prep-20260801","artifacts\gasper-completion\oath-correction-r4\integration-recapture\marker-poll\session-r4poll-mrwb4ii8-2ygu1c\HEARTBEAT-024.json","4"
"structured",".json","1068","2026-08-01T13:04:14.4570878-04:00","747AB803177AB4D0125430CA581F5EA3E449F5ED517F7F53FECA9FF0C3953665","C:\Users\funny\Documents\AgentBridge-worktrees\gasper-vec901-903-proof-prep-20260801","artifacts\gasper-completion\oath-correction-r4\integration-recapture\marker-poll\session-r4poll-mrwb4ii8-2ygu1c\HEARTBEAT-025.json","4"
"structured",".json","1062","2026-08-01T13:04:14.4560820-04:00","2EAED6991A8FEE55664A3DF92E41BBCB4CE746961F44D9284987C0FFF748EEDB","C:\Users\funny\Documents\AgentBridge-worktrees\gasper-vec901-903-proof-prep-20260801","artifacts\gasper-completion\oath-correction-r4\integration-recapture\marker-poll\session-r4poll-mrwb4ii8-2ygu1c\HEARTBEAT-022.json","4"
"structured",".json","1062","2026-08-01T13:04:14.4560820-04:00","941A089D08F088E2782FEBE5B6482A1DF1E5008E81F5CB762D93B1826E9D88D0","C:\Users\funny\Documents\AgentBridge-worktrees\gasper-vec901-903-proof-prep-20260801","artifacts\gasper-completion\oath-correction-r4\integration-recapture\marker-poll\session-r4poll-mrwb4ii8-2ygu1c\HEARTBEAT-021.json","4"
"structured",".json","1062","2026-08-01T13:04:14.4560820-04:00","ED05D7339FA45F1E399296ADBDEEDBABB68A6D22165397429184FD48C9C654FB","C:\Users\funny\Documents\AgentBridge-worktrees\gasper-vec901-903-proof-prep-20260801","artifacts\gasper-completion\oath-correction-r4\integration-recapture\marker-poll\session-r4poll-mrwb4ii8-2ygu1c\HEARTBEAT-023.json","4"
"structured",".json","1062","2026-08-01T13:04:14.4545780-04:00","25A16E0E06F54BBF4542B5ACA574F93ADB7F82D437F7F30C1E35013B60175483","C:\Users\funny\Documents\AgentBridge-worktrees\gasper-vec901-903-proof-prep-20260801","artifacts\gasper-completion\oath-correction-r4\integration-recapture\marker-poll\session-r4poll-mrwb4ii8-2ygu1c\HEARTBEAT-019.json","4"
"structured",".json","1062","2026-08-01T13:04:14.4545780-04:00","C30D4B5B7A5190F28F62027E12ED0560A4B37ACB0D53CF9D4627C2D84C523C1A","C:\Users\funny\Documents\AgentBridge-worktrees\gasper-vec901-903-proof-prep-20260801","artifacts\gasper-completion\oath-correction-r4\integration-recapture\marker-poll\session-r4poll-mrwb4ii8-2ygu1c\HEARTBEAT-020.json","4"
"structured",".json","1062","2026-08-01T13:04:14.4535769-04:00","DF8F9BD199D1EF44BF7BF3D425BF388C30F043CCF5D91E3C4A51A29D328C105D","C:\Users\funny\Documents\AgentBridge-worktrees\gasper-vec901-903-proof-prep-20260801","artifacts\gasper-completion\oath-correction-r4\integration-recapture\marker-poll\session-r4poll-mrwb4ii8-2ygu1c\HEARTBEAT-018.json","4"
"structured",".json","1062","2026-08-01T13:04:14.4525727-04:00","09F1445E12716BB9F997FAC992E868A6F87ECEC5D91A6F10CD9768CEE954BD36","C:\Users\funny\Documents\AgentBridge-worktrees\gasper-vec901-903-proof-prep-20260801","artifacts\gasper-completion\oath-correction-r4\integration-recapture\marker-poll\session-r4poll-mrwb4ii8-2ygu1c\HEARTBEAT-017.json","4"
"structured",".json","1062","2026-08-01T13:04:14.4525727-04:00","5DF5F20A7FA39AD5BD3A9DE2359184B84BBAAFDE696E1179845EDE6C3BF10EAA","C:\Users\funny\Documents\AgentBridge-worktrees\gasper-vec901-903-proof-prep-20260801","artifacts\gasper-completion\oath-correction-r4\integration-recapture\marker-poll\session-r4poll-mrwb4ii8-2ygu1c\HEARTBEAT-016.json","4"
"structured",".json","1062","2026-08-01T13:04:14.4515685-04:00","54A5A706A724559FDF587B9A0A071A72FB59DBC842AC44A94B4B565962527878","C:\Users\funny\Documents\AgentBridge-worktrees\gasper-vec901-903-proof-prep-20260801","artifacts\gasper-completion\oath-correction-r4\integration-recapture\marker-poll\session-r4poll-mrwb4ii8-2ygu1c\HEARTBEAT-015.json","4"
"structured",".json","1062","2026-08-01T13:04:14.4515685-04:00","B7E28D32F05996137FF0D35F690FC11A3DED1FA28C28749D5C2953DF5BB7963D","C:\Users\funny\Documents\AgentBridge-worktrees\gasper-vec901-903-proof-prep-20260801","artifacts\gasper-completion\oath-correction-r4\integration-recapture\marker-poll\session-r4poll-mrwb4ii8-2ygu1c\HEARTBEAT-014.json","4"
"structured",".json","1062","2026-08-01T13:04:14.4510641-04:00","3B12E80424CB04C596680D03540867DB9105DDEAE5ECA7BD1E25E71BFE84E26E","C:\Users\funny\Documents\AgentBridge-worktrees\gasper-vec901-903-proof-prep-20260801","artifacts\gasper-completion\oath-correction-r4\integration-recapture\marker-poll\session-r4poll-mrwb4ii8-2ygu1c\HEARTBEAT-013.json","4"
"structured",".json","1062","2026-08-01T13:04:14.4500583-04:00","CE3D5BAFCC2C214C2D5FD659C7FBF86C5E2EB3ABCD3A96566C21535556AFD0FD","C:\Users\funny\Documents\AgentBridge-worktrees\gasper-vec901-903-proof-prep-20260801","artifacts\gasper-completion\oath-correction-r4\integration-recapture\marker-poll\session-r4poll-mrwb4ii8-2ygu1c\HEARTBEAT-012.json","4"
"structured",".json","1062","2026-08-01T13:04:14.4500583-04:00","88B958922C53578CB3BA11CD6B8E589700638A7E7EFA87BE6BADA348A0C9E1F6","C:\Users\funny\Documents\AgentBridge-worktrees\gasper-vec901-903-proof-prep-20260801","artifacts\gasper-completion\oath-correction-r4\integration-recapture\marker-poll\session-r4poll-mrwb4ii8-2ygu1c\HEARTBEAT-011.json","4"
"structured",".json","1061","2026-08-01T13:04:14.4485532-04:00","5CE2334FA0E0DD32750110F9342FB7297EA7697E7CB45E6E9222931D9C570EB3","C:\Users\funny\Documents\AgentBridge-worktrees\gasper-vec901-903-proof-prep-20260801","artifacts\gasper-completion\oath-correction-r4\integration-recapture\marker-poll\session-r4poll-mrwb4ii8-2ygu1c\HEARTBEAT-008.json","4"
"structured",".json","1061","2026-08-01T13:04:14.4485532-04:00","C9FD358312E5E4464856ADA15143687238C713EC07A836D929DA00A5785694E8","C:\Users\funny\Documents\AgentBridge-worktrees\gasper-vec901-903-proof-prep-20260801","artifacts\gasper-completion\oath-correction-r4\integration-recapture\marker-poll\session-r4poll-mrwb4ii8-2ygu1c\HEARTBEAT-009.json","4"
"structured",".json","1062","2026-08-01T13:04:14.4485532-04:00","12E7E979DFBA61014650C05ED07C8F93B55269840596DF83A97304197CE29F5F","C:\Users\funny\Documents\AgentBridge-worktrees\gasper-vec901-903-proof-prep-20260801","artifacts\gasper-completion\oath-correction-r4\integration-recapture\marker-poll\session-r4poll-mrwb4ii8-2ygu1c\HEARTBEAT-010.json","4"
"structured",".json","1061","2026-08-01T13:04:14.4475529-04:00","203EEF6FDDEC2E6923238E7913D1A02B5BA6BB9CDCF80EECF6FED8CD366DC53C","C:\Users\funny\Documents\AgentBridge-worktrees\gasper-vec901-903-proof-prep-20260801","artifacts\gasper-completion\oath-correction-r4\integration-recapture\marker-poll\session-r4poll-mrwb4ii8-2ygu1c\HEARTBEAT-006.json","4"
"structured",".json","1061","2026-08-01T13:04:14.4475529-04:00","6EB18E4D76734AB1CAA8DD389AF38743E5217EE70B20533012A77B6789B132CE","C:\Users\funny\Documents\AgentBridge-worktrees\gasper-vec901-903-proof-prep-20260801","artifacts\gasper-completion\oath-correction-r4\integration-recapture\marker-poll\session-r4poll-mrwb4ii8-2ygu1c\HEARTBEAT-007.json","4"
"structured",".json","1060","2026-08-01T13:04:14.4465521-04:00","A3706ECBD81D1A411917DE358866E6FBB4F86A329DE6FE6B3083DC7EE446F009","C:\Users\funny\Documents\AgentBridge-worktrees\gasper-vec901-903-proof-prep-20260801","artifacts\gasper-completion\oath-correction-r4\integration-recapture\marker-poll\session-r4poll-mrwb4ii8-2ygu1c\HEARTBEAT-005.json","4"
"structured",".json","1060","2026-08-01T13:04:14.4455483-04:00","AA7A93B6CA25BC832F5A98C80AA1341D39D4B46E5BE400E6E91DCFB9857D2298","C:\Users\funny\Documents\AgentBridge-worktrees\gasper-vec901-903-proof-prep-20260801","artifacts\gasper-completion\oath-correction-r4\integration-recapture\marker-poll\session-r4poll-mrwb4ii8-2ygu1c\HEARTBEAT-004.json","4"
"structured",".json","1060","2026-08-01T13:04:14.4450447-04:00","A08E5F8D5C73C89CA196A655B5715029B37F732B83A2A07275E1311ED86C4DD0","C:\Users\funny\Documents\AgentBridge-worktrees\gasper-vec901-903-proof-prep-20260801","artifacts\gasper-completion\oath-correction-r4\integration-recapture\marker-poll\session-r4poll-mrwb4ii8-2ygu1c\HEARTBEAT-003.json","4"
"structured",".json","1060","2026-08-01T13:04:14.4435409-04:00","59E068AD908AB8C2925F17A9B0ED55FC5306EF8ACA967D5ABD98188BA2EEF51C","C:\Users\funny\Documents\AgentBridge-worktrees\gasper-vec901-903-proof-prep-20260801","artifacts\gasper-completion\oath-correction-r4\integration-recapture\marker-poll\session-r4poll-mrwb4ii8-2ygu1c\HEARTBEAT-002.json","4"
"structured",".json","1056","2026-08-01T13:04:14.4425409-04:00","7F579CCCEE0E6443E5144583B4934045BD25DED240783147BD24C1DB0AC0DFB7","C:\Users\funny\Documents\AgentBridge-worktrees\gasper-vec901-903-proof-prep-20260801","artifacts\gasper-completion\oath-correction-r4\integration-recapture\marker-poll\session-r4poll-mrwb4ii8-2ygu1c\HEARTBEAT-001.json","4"
"structured",".jsonl","4617","2026-08-01T13:04:14.4415409-04:00","2015C45FCC03E29D1EE18CC125CD94FF3146C2CC202A9F7148068730ADCCDC69","C:\Users\funny\Documents\AgentBridge-worktrees\gasper-vec901-903-proof-prep-20260801","artifacts\gasper-completion\oath-correction-r4\integration-recapture\marker-poll\session-r4poll-mrwb2jsm-1jmtke\heartbeats.jsonl","4"
"structured",".json","993","2026-08-01T13:04:14.4405403-04:00","CFE9A5DB50453ACCFC17BF67473A9074FF19EB75B32002D76235B148F97B1B5B","C:\Users\funny\Documents\AgentBridge-worktrees\gasper-vec901-903-proof-prep-20260801","artifacts\gasper-completion\oath-correction-r4\integration-recapture\marker-poll\session-r4poll-mrwb2jsm-1jmtke\RESIDUAL.json","8"
"structured",".json","1093","2026-08-01T13:04:14.4395358-04:00","4F4560756D5F776DA4D34B2688AA1E1E1F2F4021B0E4F10A5C798668C0B8DCF2","C:\Users\funny\Documents\AgentBridge-worktrees\gasper-vec901-903-proof-prep-20260801","artifacts\gasper-completion\oath-correction-r4\integration-recapture\marker-poll\session-r4poll-mrwb2jsm-1jmtke\HEARTBEAT-LATEST.json","12"
"structured",".json","11595","2026-08-01T13:04:14.4395358-04:00","DEA0301C244E7D544E40C705260125C1B22FE05687281EBB92EE716AA094A85D","C:\Users\funny\Documents\AgentBridge-worktrees\gasper-vec901-903-proof-prep-20260801","artifacts\gasper-completion\oath-correction-r4\integration-recapture\marker-poll\session-r4poll-mrwb2jsm-1jmtke\POLL_RESULT.json","8"
"structured",".json","1055","2026-08-01T13:04:14.4380311-04:00","45884B39892D0EFF97D7B1BB626921725CD82AEF366F11CC236E442AC5F8203E","C:\Users\funny\Documents\AgentBridge-worktrees\gasper-vec901-903-proof-prep-20260801","artifacts\gasper-completion\oath-correction-r4\integration-recapture\marker-poll\session-r4poll-mrwb2jsm-1jmtke\HEARTBEAT-005.json","4"
"structured",".json","1054","2026-08-01T13:04:14.4380311-04:00","20484FDC41572841F6A39B11AA2BEFB1BAD45CD5037AFEF12EFBB42AF348CD2F","C:\Users\funny\Documents\AgentBridge-worktrees\gasper-vec901-903-proof-prep-20260801","artifacts\gasper-completion\oath-correction-r4\integration-recapture\marker-poll\session-r4poll-mrwb2jsm-1jmtke\HEARTBEAT-004.json","4"
"structured",".json","1054","2026-08-01T13:04:14.4370305-04:00","8E1CBDE57AFEEA0997CD510BC7A548C6C360B9338578C5002922F50598029445","C:\Users\funny\Documents\AgentBridge-worktrees\gasper-vec901-903-proof-prep-20260801","artifacts\gasper-completion\oath-correction-r4\integration-recapture\marker-poll\session-r4poll-mrwb2jsm-1jmtke\HEARTBEAT-003.json","4"
"structured",".json","1055","2026-08-01T13:04:14.4360261-04:00","CEECF66A216EAC54D5BA901CECA40A8797F7A796F2767A7663BBDDAD1ED06BFA","C:\Users\funny\Documents\AgentBridge-worktrees\gasper-vec901-903-proof-prep-20260801","artifacts\gasper-completion\oath-correction-r4\integration-recapture\marker-poll\session-r4poll-mrwb2jsm-1jmtke\HEARTBEAT-002.json","4"
"structured",".json","1052","2026-08-01T13:04:14.4360261-04:00","780E584A9B5ECEF9F9B82713A0A5FCA37AA0697CA8F4052AC2209504500AD643","C:\Users\funny\Documents\AgentBridge-worktrees\gasper-vec901-903-proof-prep-20260801","artifacts\gasper-completion\oath-correction-r4\integration-recapture\marker-poll\session-r4poll-mrwb2jsm-1jmtke\HEARTBEAT-001.json","4"
"structured",".json","310","2026-08-01T13:04:14.4138726-04:00","749E319B9336982864F8F395A2D849035D55E38C71072B4A09105DCB72F2A919","C:\Users\funny\Documents\AgentBridge-worktrees\gasper-vec901-903-proof-prep-20260801","artifacts\gasper-completion\oath-correction-r4\integration-recapture\marker-poll\LATEST_SESSION.json","4"
"structured",".json","230","2026-08-01T13:04:14.4088514-04:00","E69A2AE3813F99E08C5B0C155572CA0D936FE49325C4140CFF6C4CE125A16290","C:\Users\funny\Documents\AgentBridge-worktrees\gasper-vec901-903-proof-prep-20260801","artifacts\gasper-completion\oath-correction-r4\integration-recapture\TEMPORAL_FACE_GATE.json","4"
"structured",".json","20094","2026-08-01T13:04:14.4078512-04:00","28D0CF762306C93BF84CB0AFC4B44F7D2AC9168DD2F6CDABEBB9D44465DBA70A","C:\Users\funny\Documents\AgentBridge-worktrees\gasper-vec901-903-proof-prep-20260801","artifacts\gasper-completion\oath-correction-r4\integration-recapture\STRUCTURAL_TESTS.json","4"
"structured",".json","191183","2026-08-01T13:04:14.4068451-04:00","D8A1D5BF085F8148E67BD17B3EB4CC6F8D62BE74B442A1CBFFA12BF400DAA0C8","C:\Users\funny\Documents\AgentBridge-worktrees\gasper-vec901-903-proof-prep-20260801","artifacts\gasper-completion\oath-correction-r4\integration-recapture\RUNTIME_COMPOSITING_DIAGNOSTIC.json","4"
"structured",".json","990","2026-08-01T13:04:14.4068451-04:00","97908A4B44FFFDD80DD7FCC07FFA707D56BE7E1232CAD9D3D54DF01857692D66","C:\Users\funny\Documents\AgentBridge-worktrees\gasper-vec901-903-proof-prep-20260801","artifacts\gasper-completion\oath-correction-r4\integration-recapture\SIGNATURE_PREDICATES.json","4"
"structured",".json","3829","2026-08-01T13:04:14.4058407-04:00","43D8C75255E0F401C776AC1DA8DFEE25EC304DE865A5459476E27753AF4519B2","C:\Users\funny\Documents\AgentBridge-worktrees\gasper-vec901-903-proof-prep-20260801","artifacts\gasper-completion\oath-correction-r4\integration-recapture\REVIEW_ATLAS.json","4"
"structured",".json","24283","2026-08-01T13:04:14.4053362-04:00","A3164B5319A30AF64F25C8B5E3D9DFC762FE5F923F33462DD39E9C25B1AEB004","C:\Users\funny\Documents\AgentBridge-worktrees\gasper-vec901-903-proof-prep-20260801","artifacts\gasper-completion\oath-correction-r4\integration-recapture\RECAPTURE_GATE.json","4"
"structured",".json","766","2026-08-01T13:04:14.4043352-04:00","030D3D9D35439FDC67A968584A2D60A68DD3C54EF64001F59ACE74A7DA48745C","C:\Users\funny\Documents\AgentBridge-worktrees\gasper-vec901-903-proof-prep-20260801","artifacts\gasper-completion\oath-correction-r4\integration-recapture\REBUILD.json","4"
"structured",".json","63562","2026-08-01T13:04:14.4043352-04:00","5AEE24F2355C075DD07D77CAE82E0B514386E80EA2F8BAFE013388B1876D6E44","C:\Users\funny\Documents\AgentBridge-worktrees\gasper-vec901-903-proof-prep-20260801","artifacts\gasper-completion\oath-correction-r4\integration-recapture\R3_LOCAL_PREDICATES.json","4"
"structured",".json","5019","2026-08-01T13:04:14.4033358-04:00","036C2FA469AF1F7C66A5AB723EC7518FDE8073D82B0476AA31891AD32191F62F","C:\Users\funny\Documents\AgentBridge-worktrees\gasper-vec901-903-proof-prep-20260801","artifacts\gasper-completion\oath-correction-r4\integration-recapture\R3_BASELINE_COMPARE.json","4"
"structured",".json","1145","2026-08-01T13:04:14.4023359-04:00","58A940C6E645D51A25A6635B189AAAB5EAD695947D163C62B050A08641D5BEAE","C:\Users\funny\Documents\AgentBridge-worktrees\gasper-vec901-903-proof-prep-20260801","artifacts\gasper-completion\oath-correction-r4\integration-recapture\PRODUCT_VERDICT.json","4"
"structured",".json","649213","2026-08-01T13:04:14.4023359-04:00","CE471F206EE1B6E8C65A2260E04A5A48BC7F5FF006168E64787F76C30BB148F0","C:\Users\funny\Documents\AgentBridge-worktrees\gasper-vec901-903-proof-prep-20260801","artifacts\gasper-completion\oath-correction-r4\integration-recapture\PROBE_OPTICAL_METRICS.json","4"
"structured",".json","12220","2026-08-01T13:04:14.4003254-04:00","3228BB947060D1E22359142E1638BF8D11BBA15F70A481AEC646F4584B6CCAD4","C:\Users\funny\Documents\AgentBridge-worktrees\gasper-vec901-903-proof-prep-20260801","artifacts\gasper-completion\oath-correction-r4\integration-recapture\PROBE_EXPRESSION_VECTORS_16.json","4"
"structured",".json","44732","2026-08-01T13:04:14.3988199-04:00","2859E8387C939AF9F60134EFE396681576788ED558BCD3F07D4CBEC669991F00","C:\Users\funny\Documents\AgentBridge-worktrees\gasper-vec901-903-proof-prep-20260801","artifacts\gasper-completion\oath-correction-r4\integration-recapture\PREDICATE_CALIBRATION.json","4"
"structured",".json","12212","2026-08-01T13:04:14.3988199-04:00","A541F2B18C28B2A301CD26385133C46A681CE0CC1182B8762453E04485D2F23B","C:\Users\funny\Documents\AgentBridge-worktrees\gasper-vec901-903-proof-prep-20260801","artifacts\gasper-completion\oath-correction-r4\integration-recapture\PROBE_EXPRESSION_VECTORS.json","4"
"structured",".json","80","2026-08-01T13:04:14.3978202-04:00","69D817427E7B144880B9A6FA0EEE13612AE517EE885CC82750EE3D09263DF0F8","C:\Users\funny\Documents\AgentBridge-worktrees\gasper-vec901-903-proof-prep-20260801","artifacts\gasper-completion\oath-correction-r4\integration-recapture\POLL_DECISION.json","4"
"structured",".json","11817","2026-08-01T13:04:14.3978202-04:00","180C511456E24B9BEB6842EA03447C90BDA3959B1A42D951944FBA09D7F5A7D8","C:\Users\funny\Documents\AgentBridge-worktrees\gasper-vec901-903-proof-prep-20260801","artifacts\gasper-completion\oath-correction-r4\integration-recapture\PIXEL_BLACKOUT_GATE.json","4"
"structured",".json","229","2026-08-01T13:04:14.3968200-04:00","11293676977C9C88FC9F6241A3E07B32FEEF671B8FA9AB68AAAD4CDA8BCE7EB2","C:\Users\funny\Documents\AgentBridge-worktrees\gasper-vec901-903-proof-prep-20260801","artifacts\gasper-completion\oath-correction-r4\integration-recapture\PERFORMANCE_HONESTY.json","4"
"structured",".json","677","2026-08-01T13:04:14.3958138-04:00","DA5B5C6C527763E03E6F0D0F1704CD380B5E13637FB89722F65152441FA52F7E","C:\Users\funny\Documents\AgentBridge-worktrees\gasper-vec901-903-proof-prep-20260801","artifacts\gasper-completion\oath-correction-r4\integration-recapture\PACKAGE_LAUNCH.json","4"
"structured",".json","1782","2026-08-01T13:04:14.3943107-04:00","0FA7CB873834BD47DFACB5F213CC3D54C4F64140CA677E9A41F137908D5807C0","C:\Users\funny\Documents\AgentBridge-worktrees\gasper-vec901-903-proof-prep-20260801","artifacts\gasper-completion\oath-correction-r4\integration-recapture\ORCHESTRATOR_SUMMARY.json","4"
"structured",".json","790","2026-08-01T13:04:14.3943107-04:00","238A5B90D3333F9C189D7252E1D9BC2AAF629D25D85A7C2266C546B4C0FA6DB9","C:\Users\funny\Documents\AgentBridge-worktrees\gasper-vec901-903-proof-prep-20260801","artifacts\gasper-completion\oath-correction-r4\integration-recapture\PACKAGE_CLEANUP.json","4"
"structured",".json","288","2026-08-01T13:04:14.3933099-04:00","A68C489146DC0E36233F4EFF8DF7011281E903BFD1CA22E83DAF5F06F72FF9BE","C:\Users\funny\Documents\AgentBridge-worktrees\gasper-vec901-903-proof-prep-20260801","artifacts\gasper-completion\oath-correction-r4\integration-recapture\ORCHESTRATOR_RESIDUAL.json","4"
"structured",".json","270","2026-08-01T13:04:14.3923093-04:00","B405CBAAE385D9258CD5D87D7998F878FB8B1EED74B6116B20E21653C75EDC7C","C:\Users\funny\Documents\AgentBridge-worktrees\gasper-vec901-903-proof-prep-20260801","artifacts\gasper-completion\oath-correction-r4\integration-recapture\GEOMETRY_PREDICATES.json","4"
"structured",".json","3146","2026-08-01T13:04:14.3923093-04:00","A61A82AE2D69637EAF97EEF2B717BB8A0F53BB0B329C4EA78951F51F8490CDE3","C:\Users\funny\Documents\AgentBridge-worktrees\gasper-vec901-903-proof-prep-20260801","artifacts\gasper-completion\oath-correction-r4\integration-recapture\EXPRESSION_SEPARABILITY.json","4"
"structured",".json","4997","2026-08-01T13:04:14.3913103-04:00","12F74E52AABA11F02545683E00B07B2FBA152AFC102ED9B85A6BC3F5AEE49AAF","C:\Users\funny\Documents\AgentBridge-worktrees\gasper-vec901-903-proof-prep-20260801","artifacts\gasper-completion\oath-correction-r4\integration-recapture\CAPTURE_RECEIPT.json","4"
"structured",".json","4393","2026-08-01T13:04:14.3903041-04:00","4C4DEFB842B0B47ABC507A1D5E2C73EEBA1804434EDCC532DBCBC349A652BA1E","C:\Users\funny\Documents\AgentBridge-worktrees\gasper-vec901-903-proof-prep-20260801","artifacts\gasper-completion\oath-correction-r4\expression-visibility\six-expression-signatures.json","4"
"structured",".json","962","2026-08-01T13:04:14.3887842-04:00","5EFCB4E73B75DE1396B936F9D98100B785FE724219E97E7F4B3A263F16BD0F68","C:\Users\funny\Documents\AgentBridge-worktrees\gasper-vec901-903-proof-prep-20260801","artifacts\gasper-completion\oath-correction-r4\expression-visibility\animate-route-sample.json","4"
"structured",".json","1690","2026-08-01T13:04:14.3887842-04:00","9E75D4D555129486B5D5DB453718CA9B0E6565BB0D4E3BE54CE2BA1F69214CC3","C:\Users\funny\Documents\AgentBridge-worktrees\gasper-vec901-903-proof-prep-20260801","artifacts\gasper-completion\oath-correction-r4\expression-visibility\expression-route-sequences.json","4"
"structured",".json","8902","2026-08-01T13:04:14.3887842-04:00","727B202B7DEAD391A18A3B166F78CFA3E892FC3FAB182A14E47FAAA022731806","C:\Users\funny\Documents\AgentBridge-worktrees\gasper-vec901-903-proof-prep-20260801","artifacts\gasper-completion\oath-correction-r4\expression-visibility\document-geometry-signatures.json","4"
"structured",".json","6857","2026-08-01T13:04:14.3872779-04:00","B9857456B6B4E8738DCF2E30568D437F72D98553FDBDAEE8AC0CFD46DB51C776","C:\Users\funny\Documents\AgentBridge-worktrees\gasper-vec901-903-proof-prep-20260801","artifacts\gasper-completion\oath-correction-r4\expression-visibility\DONE.json","4"
"structured",".json","7552","2026-08-01T13:04:14.3862785-04:00","924FAAA4AD94CCC7B62156E97AC0035295F748FEA66CF69197295111429B24F0","C:\Users\funny\Documents\AgentBridge-worktrees\gasper-vec901-903-proof-prep-20260801","artifacts\gasper-completion\oath-correction-r3\whole-face-morphology\DONE.json","4"
"structured",".json","1689","2026-08-01T13:04:14.3817029-04:00","9E6A1400CA76F3810CDB6C2C300FDACF734436EC978454102D7BECDAAAF74952","C:\Users\funny\Documents\AgentBridge-worktrees\gasper-vec901-903-proof-prep-20260801","artifacts\gasper-completion\oath-correction-r3\production-authority\production-authority-trace.json","4"
"structured",".json","2282","2026-08-01T13:04:14.3817029-04:00","6CF1AFE2D6D307005EC240B9C5BC5F53A0EC0644380550AE51692C2E1AE99F35","C:\Users\funny\Documents\AgentBridge-worktrees\gasper-vec901-903-proof-prep-20260801","artifacts\gasper-completion\oath-correction-r3\production-authority\inspection-seal-fields.json","4"
"structured",".json","2854","2026-08-01T13:04:14.3806961-04:00","0C7CBD56F7F3136030873B3287DDE3452FEEA03747D9CC63F0AAF92FCE883D23","C:\Users\funny\Documents\AgentBridge-worktrees\gasper-vec901-903-proof-prep-20260801","artifacts\gasper-completion\oath-correction-r3\production-authority\PRE_REVIEW_DONE.json","4"
"structured",".json","1001","2026-08-01T13:04:14.3806961-04:00","306EF00DE57920C161095C45E63FE26936E3B68E093D24D106C37A94615C3C50","C:\Users\funny\Documents\AgentBridge-worktrees\gasper-vec901-903-proof-prep-20260801","artifacts\gasper-completion\oath-correction-r3\production-authority\SEAL_FIELDS.json","4"
"structured",".json","5388","2026-08-01T13:04:14.3796873-04:00","B901C6C6A3585F5D35634B5416037D38819C7C2E04D576C1936890CB13D49CB1","C:\Users\funny\Documents\AgentBridge-worktrees\gasper-vec901-903-proof-prep-20260801","artifacts\gasper-completion\oath-correction-r3\production-authority\DONE.json","4"
"structured",".jsonl","29667","2026-08-01T13:04:14.3766885-04:00","CEF6597E318660EDAA04FAD8C0B586F3336C9F63E6FA6341A5D1E74632672FB3","C:\Users\funny\Documents\AgentBridge-worktrees\gasper-vec901-903-proof-prep-20260801","artifacts\gasper-completion\oath-correction-r3\integration-recapture\marker-poll\heartbeats.jsonl","4"
"structured",".json","475","2026-08-01T13:04:14.3756816-04:00","6F1627C7E57D73EF0E7B14BC886049AA03CC49CA2F09EFEB6BE5DE1F08AD3E56","C:\Users\funny\Documents\AgentBridge-worktrees\gasper-vec901-903-proof-prep-20260801","artifacts\gasper-completion\oath-correction-r3\integration-recapture\marker-poll\RESIDUAL.json","4"
"structured",".json","578","2026-08-01T13:04:14.3741672-04:00","38580F9C53F8492FBC210506D0D063A1A600B9314A4C8DBF42F2D2D960BDC00E","C:\Users\funny\Documents\AgentBridge-worktrees\gasper-vec901-903-proof-prep-20260801","artifacts\gasper-completion\oath-correction-r3\integration-recapture\marker-poll\HEARTBEAT-LATEST.json","8"
"structured",".json","50413","2026-08-01T13:04:14.3741672-04:00","8F4FA613DD8AE121108E911BA8B9A6D9179AA2B0595FC23BD19B988950536C9C","C:\Users\funny\Documents\AgentBridge-worktrees\gasper-vec901-903-proof-prep-20260801","artifacts\gasper-completion\oath-correction-r3\integration-recapture\marker-poll\POLL_RESULT.json","4"
"structured",".json","541","2026-08-01T13:04:14.3726633-04:00","DBA92450243A8A642C44A962C4CD24A94F74DA376EC12635C6AB36FFF4C4EB0C","C:\Users\funny\Documents\AgentBridge-worktrees\gasper-vec901-903-proof-prep-20260801","artifacts\gasper-completion\oath-correction-r3\integration-recapture\marker-poll\HEARTBEAT-040.json","4"
"structured",".json","541","2026-08-01T13:04:14.3726633-04:00","FC266A31BA77CEB1ABE4F0A976DB7E9FA659D437C20788599645EAD427CF60C9","C:\Users\funny\Documents\AgentBridge-worktrees\gasper-vec901-903-proof-prep-20260801","artifacts\gasper-completion\oath-correction-r3\integration-recapture\marker-poll\HEARTBEAT-039.json","4"
"structured",".json","711","2026-08-01T13:04:14.3716632-04:00","186D6C2596295FD3ABAA6F5230BDFFE0329777AFBE7AAA92790824AC3FBEF8CB","C:\Users\funny\Documents\AgentBridge-worktrees\gasper-vec901-903-proof-prep-20260801","artifacts\gasper-completion\oath-correction-r3\integration-recapture\marker-poll\HEARTBEAT-038.json","4"
"structured",".json","712","2026-08-01T13:04:14.3706636-04:00","414580FC9F50BFFF21DC068F78A3F5EAE5513D73DD11534FBA2AAF5D84A76DDA","C:\Users\funny\Documents\AgentBridge-worktrees\gasper-vec901-903-proof-prep-20260801","artifacts\gasper-completion\oath-correction-r3\integration-recapture\marker-poll\HEARTBEAT-037.json","4"
"structured",".json","712","2026-08-01T13:04:14.3706636-04:00","2CF894F4D702B9DAEC443A9F7F925DD396C04E476AD2087338006EE6AF062B5D","C:\Users\funny\Documents\AgentBridge-worktrees\gasper-vec901-903-proof-prep-20260801","artifacts\gasper-completion\oath-correction-r3\integration-recapture\marker-poll\HEARTBEAT-036.json","4"
"structured",".json","712","2026-08-01T13:04:14.3696633-04:00","1B0048EF7EFC4266708B1256DD32915CE856217CA91FA792000B457EE7D20AD5","C:\Users\funny\Documents\AgentBridge-worktrees\gasper-vec901-903-proof-prep-20260801","artifacts\gasper-completion\oath-correction-r3\integration-recapture\marker-poll\HEARTBEAT-035.json","4"
"structured",".json","711","2026-08-01T13:04:14.3686590-04:00","84C2DB1382DA76744F36B23D810B6EBE2352C38B2C7B47641FFD6522AE0C8F3D","C:\Users\funny\Documents\AgentBridge-worktrees\gasper-vec901-903-proof-prep-20260801","artifacts\gasper-completion\oath-correction-r3\integration-recapture\marker-poll\HEARTBEAT-034.json","4"
"structured",".json","711","2026-08-01T13:04:14.3686590-04:00","4656D092A81FBFBA2EB5B354B4A11EF0313EC8283AC68BF25C92B1800B1EF76C","C:\Users\funny\Documents\AgentBridge-worktrees\gasper-vec901-903-proof-prep-20260801","artifacts\gasper-completion\oath-correction-r3\integration-recapture\marker-poll\HEARTBEAT-033.json","4"
"structured",".json","711","2026-08-01T13:04:14.3671539-04:00","BD479DE9F3DDA1058394D9521A4B538C216C4BEC28E31934FA1E8D1369A26B9E","C:\Users\funny\Documents\AgentBridge-worktrees\gasper-vec901-903-proof-prep-20260801","artifacts\gasper-completion\oath-correction-r3\integration-recapture\marker-poll\HEARTBEAT-032.json","4"
"structured",".json","711","2026-08-01T13:04:14.3671539-04:00","5885216CF4E029855156DFD5624A20CCA30D6540511303D85C1649B734920D6B","C:\Users\funny\Documents\AgentBridge-worktrees\gasper-vec901-903-proof-prep-20260801","artifacts\gasper-completion\oath-correction-r3\integration-recapture\marker-poll\HEARTBEAT-031.json","4"
"structured",".json","711","2026-08-01T13:04:14.3661475-04:00","F9939F1B3DD838BDE1022181FD3BBFFCC7FDCBB565DBFD816C6433CD721F1C17","C:\Users\funny\Documents\AgentBridge-worktrees\gasper-vec901-903-proof-prep-20260801","artifacts\gasper-completion\oath-correction-r3\integration-recapture\marker-poll\HEARTBEAT-030.json","4"
"structured",".json","711","2026-08-01T13:04:14.3656427-04:00","FBBD3FEC47C19B765B4F96ADCE4E1D53E61FD02808237C8EAE50CD51B5549DFA","C:\Users\funny\Documents\AgentBridge-worktrees\gasper-vec901-903-proof-prep-20260801","artifacts\gasper-completion\oath-correction-r3\integration-recapture\marker-poll\HEARTBEAT-029.json","4"
"structured",".json","711","2026-08-01T13:04:14.3646415-04:00","B7127961108971FDC180A66A5DA8BE573D8C2D2244B3FF0C739364703DEAF0B3","C:\Users\funny\Documents\AgentBridge-worktrees\gasper-vec901-903-proof-prep-20260801","artifacts\gasper-completion\oath-correction-r3\integration-recapture\marker-poll\HEARTBEAT-028.json","4"
"structured",".json","711","2026-08-01T13:04:14.3636370-04:00","F99960CC6A4CE1410178DC98A4457AFBD3DA5CD6A29EBCA1A6511BA45CBA4BE3","C:\Users\funny\Documents\AgentBridge-worktrees\gasper-vec901-903-proof-prep-20260801","artifacts\gasper-completion\oath-correction-r3\integration-recapture\marker-poll\HEARTBEAT-027.json","4"
"structured",".json","711","2026-08-01T13:04:14.3636370-04:00","DE9E8BA6F304918C10116FAD843FFA516F668D36397286795610E458361F6BE1","C:\Users\funny\Documents\AgentBridge-worktrees\gasper-vec901-903-proof-prep-20260801","artifacts\gasper-completion\oath-correction-r3\integration-recapture\marker-poll\HEARTBEAT-026.json","4"
"structured",".json","711","2026-08-01T13:04:14.3616004-04:00","5940416E01904F6700326C2BECC8C788A8E7A7C984BA440907B911A6354716C6","C:\Users\funny\Documents\AgentBridge-worktrees\gasper-vec901-903-proof-prep-20260801","artifacts\gasper-completion\oath-correction-r3\integration-recapture\marker-poll\HEARTBEAT-024.json","4"
"structured",".json","711","2026-08-01T13:04:14.3616004-04:00","66A52F0B370343D35D1D14ADA6218C5052162AB01D5F06B50FCBB4E797A77964","C:\Users\funny\Documents\AgentBridge-worktrees\gasper-vec901-903-proof-prep-20260801","artifacts\gasper-completion\oath-correction-r3\integration-recapture\marker-poll\HEARTBEAT-025.json","4"
"structured",".json","711","2026-08-01T13:04:14.3605948-04:00","654C2D9ACC20B56370361C400574E6087070C57ADAB64724BBB0C998583557A6","C:\Users\funny\Documents\AgentBridge-worktrees\gasper-vec901-903-proof-prep-20260801","artifacts\gasper-completion\oath-correction-r3\integration-recapture\marker-poll\HEARTBEAT-022.json","4"
"structured",".json","711","2026-08-01T13:04:14.3605948-04:00","80B559A81563361D99DFA1615D9ABC5463893BC4368A6706980392EEF64D5F12","C:\Users\funny\Documents\AgentBridge-worktrees\gasper-vec901-903-proof-prep-20260801","artifacts\gasper-completion\oath-correction-r3\integration-recapture\marker-poll\HEARTBEAT-023.json","4"
"structured",".json","711","2026-08-01T13:04:14.3590895-04:00","D02D78F751ADCAF4EE097C220AFBDD23EFE1EFCDA72A8B85F094A84019C87C52","C:\Users\funny\Documents\AgentBridge-worktrees\gasper-vec901-903-proof-prep-20260801","artifacts\gasper-completion\oath-correction-r3\integration-recapture\marker-poll\HEARTBEAT-019.json","4"
"structured",".json","711","2026-08-01T13:04:14.3590895-04:00","D128A52B15692BBF51C26FAD53619BCB70C71FC19A40CF44217361D9DFCCF588","C:\Users\funny\Documents\AgentBridge-worktrees\gasper-vec901-903-proof-prep-20260801","artifacts\gasper-completion\oath-correction-r3\integration-recapture\marker-poll\HEARTBEAT-020.json","4"
"structured",".json","711","2026-08-01T13:04:14.3590895-04:00","81771C3C51090ED1C930772DB56BBFB5A82389B558AA6BF448F8993420C20380","C:\Users\funny\Documents\AgentBridge-worktrees\gasper-vec901-903-proof-prep-20260801","artifacts\gasper-completion\oath-correction-r3\integration-recapture\marker-poll\HEARTBEAT-021.json","4"
"structured",".json","711","2026-08-01T13:04:14.3580820-04:00","C44297B58199C1AFC826F209B4A17E9FDEE81F6BBFD31DA766430061B3902C16","C:\Users\funny\Documents\AgentBridge-worktrees\gasper-vec901-903-proof-prep-20260801","artifacts\gasper-completion\oath-correction-r3\integration-recapture\marker-poll\HEARTBEAT-018.json","4"
"structured",".json","711","2026-08-01T13:04:14.3565785-04:00","686E3B2AA7F6CE9895FA16D80807C649C8D21BCCF9C92E5A4AB5C9C1515FDC68","C:\Users\funny\Documents\AgentBridge-worktrees\gasper-vec901-903-proof-prep-20260801","artifacts\gasper-completion\oath-correction-r3\integration-recapture\marker-poll\HEARTBEAT-017.json","4"
"structured",".json","711","2026-08-01T13:04:14.3565785-04:00","957FCBB5EE4376F8DC5031F24444DD6ED83A43DED4BA7466FCABFCF94236E688","C:\Users\funny\Documents\AgentBridge-worktrees\gasper-vec901-903-proof-prep-20260801","artifacts\gasper-completion\oath-correction-r3\integration-recapture\marker-poll\HEARTBEAT-016.json","4"
"structured",".json","711","2026-08-01T13:04:14.3555729-04:00","8368D9D22582D8C60CA3D7A0585B45880E5EC565D3DFFB9096A1D1A86FC38F7F","C:\Users\funny\Documents\AgentBridge-worktrees\gasper-vec901-903-proof-prep-20260801","artifacts\gasper-completion\oath-correction-r3\integration-recapture\marker-poll\HEARTBEAT-015.json","4"
"structured",".json","711","2026-08-01T13:04:14.3555729-04:00","6023C30A2DD3D935EBA469BB719F68A2FF9DD6D7DFFF09CF2AD4F254793EA1DE","C:\Users\funny\Documents\AgentBridge-worktrees\gasper-vec901-903-proof-prep-20260801","artifacts\gasper-completion\oath-correction-r3\integration-recapture\marker-poll\HEARTBEAT-014.json","4"
"structured",".json","711","2026-08-01T13:04:14.3540678-04:00","ED24FA4252DEC11D69274E06AD2B09D4F1F41EDCFA075CEE216368F9EF62A5E5","C:\Users\funny\Documents\AgentBridge-worktrees\gasper-vec901-903-proof-prep-20260801","artifacts\gasper-completion\oath-correction-r3\integration-recapture\marker-poll\HEARTBEAT-013.json","4"
"structured",".json","705","2026-08-01T13:04:14.3530673-04:00","D42836083FBE1010041DE10D90E7B037579B51F4D96394B0343B4DBBC94F30D1","C:\Users\funny\Documents\AgentBridge-worktrees\gasper-vec901-903-proof-prep-20260801","artifacts\gasper-completion\oath-correction-r3\integration-recapture\marker-poll\HEARTBEAT-012.json","4"
"structured",".json","1001","2026-08-01T13:04:14.3530673-04:00","95E1B29EAB74E9EC52D8D0465DE63EA73E78762D74B3AC212096218D7ADD88EC","C:\Users\funny\Documents\AgentBridge-worktrees\gasper-vec901-903-proof-prep-20260801","artifacts\gasper-completion\oath-correction-r3\integration-recapture\marker-poll\HEARTBEAT-011.json","4"
"structured",".json","1001","2026-08-01T13:04:14.3520623-04:00","4FE8A4A171CED3F403124DB3890D2322FB8638BBA0B231B26F24B3749AA675D4","C:\Users\funny\Documents\AgentBridge-worktrees\gasper-vec901-903-proof-prep-20260801","artifacts\gasper-completion\oath-correction-r3\integration-recapture\marker-poll\HEARTBEAT-010.json","4"
"structured",".json","1000","2026-08-01T13:04:14.3505581-04:00","C59FC98AC299C1C59FA266934B0852A25B932752CA2B3AA3192BD132E62FC0AD","C:\Users\funny\Documents\AgentBridge-worktrees\gasper-vec901-903-proof-prep-20260801","artifacts\gasper-completion\oath-correction-r3\integration-recapture\marker-poll\HEARTBEAT-009.json","4"
"structured",".json","1000","2026-08-01T13:04:14.3505581-04:00","C4B96F90498904F837077006289EEC56AAC43E404070715507E408E146789C54","C:\Users\funny\Documents\AgentBridge-worktrees\gasper-vec901-903-proof-prep-20260801","artifacts\gasper-completion\oath-correction-r3\integration-recapture\marker-poll\HEARTBEAT-008.json","4"
"structured",".json","1001","2026-08-01T13:04:14.3505581-04:00","4B2F6DAC8681E65C985861D4BDF6EC45544CB19006BA5E5AC652445E74442D6D","C:\Users\funny\Documents\AgentBridge-worktrees\gasper-vec901-903-proof-prep-20260801","artifacts\gasper-completion\oath-correction-r3\integration-recapture\marker-poll\HEARTBEAT-007.json","4"
"structured",".json","1001","2026-08-01T13:04:14.3495530-04:00","EE77A7C1B03D5D3E11F7AB33765E2D71485C685482EF5A0C940C1AE74AF9E11C","C:\Users\funny\Documents\AgentBridge-worktrees\gasper-vec901-903-proof-prep-20260801","artifacts\gasper-completion\oath-correction-r3\integration-recapture\marker-poll\HEARTBEAT-005.json","4"
"structured",".json","1001","2026-08-01T13:04:14.3495530-04:00","9CA7F53CF01E314CBF4426CC1A3AC541BDA0290D86E0B33C50FA772619F5C7AF","C:\Users\funny\Documents\AgentBridge-worktrees\gasper-vec901-903-proof-prep-20260801","artifacts\gasper-completion\oath-correction-r3\integration-recapture\marker-poll\HEARTBEAT-006.json","4"
"structured",".json","1194","2026-08-01T13:04:14.3485498-04:00","BDFF8DC169F8BC8F7168B9FC43FD2B3B5DDA2D82FCCA0A8A26FE9B5C36AA8DFF","C:\Users\funny\Documents\AgentBridge-worktrees\gasper-vec901-903-proof-prep-20260801","artifacts\gasper-completion\oath-correction-r3\integration-recapture\marker-poll\HEARTBEAT-003.json","4"
"structured",".json","1194","2026-08-01T13:04:14.3485498-04:00","15AE932BD830504DE1203EDF8DE0C1DC32DD898A54AD71B995515809AD4E36AD","C:\Users\funny\Documents\AgentBridge-worktrees\gasper-vec901-903-proof-prep-20260801","artifacts\gasper-completion\oath-correction-r3\integration-recapture\marker-poll\HEARTBEAT-004.json","4"
"structured",".json","1194","2026-08-01T13:04:14.3475503-04:00","99C970D3F751A3B357D071BF8DDFAF5629797405E551110ADBFF513B021FE3FF","C:\Users\funny\Documents\AgentBridge-worktrees\gasper-vec901-903-proof-prep-20260801","artifacts\gasper-completion\oath-correction-r3\integration-recapture\marker-poll\HEARTBEAT-002.json","4"
"structured",".json","1190","2026-08-01T13:04:14.3465459-04:00","532AB92B112204945D71894193E68B89029CF2CC32E5DFE1F75F19A9BA4EA1B1","C:\Users\funny\Documents\AgentBridge-worktrees\gasper-vec901-903-proof-prep-20260801","artifacts\gasper-completion\oath-correction-r3\integration-recapture\marker-poll\HEARTBEAT-001.json","4"
"structured",".json","1161","2026-08-01T13:04:14.3393191-04:00","48DE1DC70DE0926599F54B37F146C3D5F6EB6C375191896C47F6B4B4A81543DF","C:\Users\funny\Documents\AgentBridge-worktrees\gasper-vec901-903-proof-prep-20260801","artifacts\gasper-completion\oath-correction-r3\integration-recapture\RECAPTURE_GATE.json","4"
"structured",".json","474","2026-08-01T13:04:14.3393191-04:00","9693190EF2E9A11A84780BFD0198E0C1772628189DE7D2DA87DA1BA46E50116E","C:\Users\funny\Documents\AgentBridge-worktrees\gasper-vec901-903-proof-prep-20260801","artifacts\gasper-completion\oath-correction-r3\integration-recapture\SIGNATURE_PREDICATES.json","4"
"structured",".json","629","2026-08-01T13:04:14.3393191-04:00","19D1BF3583101F702D6EA5C9B0EA88B2E6D66985B4B42C5D3B2B6201286E4D7E","C:\Users\funny\Documents\AgentBridge-worktrees\gasper-vec901-903-proof-prep-20260801","artifacts\gasper-completion\oath-correction-r3\integration-recapture\REBUILD.json","4"
"structured",".json","486","2026-08-01T13:04:14.3383132-04:00","1FD06DC618C0A1C97DADE2ECD3A52BE9D13D27BF69AAACFBFC60B0A91AB9F64F","C:\Users\funny\Documents\AgentBridge-worktrees\gasper-vec901-903-proof-prep-20260801","artifacts\gasper-completion\oath-correction-r3\integration-recapture\PRODUCT_VERDICT.json","4"
"structured",".json","10324","2026-08-01T13:04:14.3383132-04:00","36D6B3A17191216B859E3128DCFABD262174C76CF46D64AA0610D1B820E471B6","C:\Users\funny\Documents\AgentBridge-worktrees\gasper-vec901-903-proof-prep-20260801","artifacts\gasper-completion\oath-correction-r3\integration-recapture\MARKER_SCAN_POST_CLOSE.json","4"
"structured",".json","1898","2026-08-01T13:04:14.3368072-04:00","F059BE66B343DC301861187618FF4C8247E1557CF2649171EC00199B3F8EDB6E","C:\Users\funny\Documents\AgentBridge-worktrees\gasper-vec901-903-proof-prep-20260801","artifacts\gasper-completion\oath-correction-r3\integration-recapture\DELEGATED_EXTERNAL_ARCHITECT_REVIEW.json","4"
"structured",".json","281","2026-08-01T13:04:14.3368072-04:00","17C51013956774FA23C0B29C1C25E75750D4C52D5DC4F7D5F0982B1CAACD51B2","C:\Users\funny\Documents\AgentBridge-worktrees\gasper-vec901-903-proof-prep-20260801","artifacts\gasper-completion\oath-correction-r3\integration-recapture\GEOMETRY_PREDICATES.json","4"
"structured",".json","5386","2026-08-01T13:04:14.3368072-04:00","E98FFC63694B3414028560F39D36C3E9D70CB9B392DF156339FC6E5B5F25A361","C:\Users\funny\Documents\AgentBridge-worktrees\gasper-vec901-903-proof-prep-20260801","artifacts\gasper-completion\oath-correction-r3\integration-recapture\FINAL_VERDICT.json","4"
"structured",".json","716","2026-08-01T13:04:14.3358026-04:00","6D2CD31ED6EC9244CD3AF18AF8150724BEED6B231F27A462334C33393A57F9D3","C:\Users\funny\Documents\AgentBridge-worktrees\gasper-vec901-903-proof-prep-20260801","artifacts\gasper-completion\oath-correction-r3\integration-recapture\CAPTURE_RECEIPT.json","4"
"structured",".json","5262","2026-08-01T13:04:14.3332988-04:00","0D9C087364EE262E3B27C02C3E840B3EB0AE918C329AA96673281463727E738C","C:\Users\funny\Documents\AgentBridge-worktrees\gasper-vec901-903-proof-prep-20260801","artifacts\gasper-completion\oath-correction-r3\energy-transition-continuity\DONE.json","4"
"structured",".json","3846","2026-08-01T13:04:14.3312996-04:00","F38F90690CB11693E58366D9D1F3912D49BECDFC833861C717C9B60F736DFF71","C:\Users\funny\Documents\AgentBridge-worktrees\gasper-vec901-903-proof-prep-20260801","artifacts\gasper-completion\oath-correction-r3\dais-framing-product\IMPLEMENTATION.json","4"
"structured",".json","4578","2026-08-01T13:04:14.3312996-04:00","0D9DE18F11B9244FB721EBC41E14DDDD03F0B31C9B33B40EB25A44B0295D5239","C:\Users\funny\Documents\AgentBridge-worktrees\gasper-vec901-903-proof-prep-20260801","artifacts\gasper-completion\oath-correction-r3\dais-framing-product\DONE.json","4"
"structured",".json","4535","2026-08-01T13:04:14.3287869-04:00","5419863209880D8E76039DC3D0CB92C6E7128DECCBA5AA94BDC2EEF34C847E63","C:\Users\funny\Documents\AgentBridge-worktrees\gasper-vec901-903-proof-prep-20260801","artifacts\gasper-completion\oath-correction-r2\rendered-authority\reviewer-B-r2.json","4"
"structured",".json","10233","2026-08-01T13:04:14.3287869-04:00","05566F531DD676BA37260AEA013FCB6FE402C68989C465063CCEFAD38136D0CE","C:\Users\funny\Documents\AgentBridge-worktrees\gasper-vec901-903-proof-prep-20260801","artifacts\gasper-completion\oath-correction-r2\rendered-authority\reviewer-B.json","4"
"structured",".json","6052","2026-08-01T13:04:14.3277873-04:00","1038984960C5465BE5C4386FB1C85A589963980C28C28B197782D444398C9CCA","C:\Users\funny\Documents\AgentBridge-worktrees\gasper-vec901-903-proof-prep-20260801","artifacts\gasper-completion\oath-correction-r2\rendered-authority\reviewer-A.json","4"
"structured",".json","3656","2026-08-01T13:04:14.3277873-04:00","7DB97F00FD58FFA80E0D0F2389F0A0A0B589881FF7BDEDF8A6F148A11BEC8A46","C:\Users\funny\Documents\AgentBridge-worktrees\gasper-vec901-903-proof-prep-20260801","artifacts\gasper-completion\oath-correction-r2\rendered-authority\reviewer-A-r2.json","4"
"structured",".json","190933","2026-08-01T13:04:14.3267876-04:00","1C7B29EDE23CE04D20A46442DDC3BEAA1DCF82CA9C1E8FF4B7E582F602994F19","C:\Users\funny\Documents\AgentBridge-worktrees\gasper-vec901-903-proof-prep-20260801","artifacts\gasper-completion\oath-correction-r2\rendered-authority\eight-state-geometry.json","4"
"structured",".json","1041","2026-08-01T13:04:14.3246994-04:00","1BC38C3799B2CC1F9228EDD7A9D7107DAA79818EBF083EC6BD6D857711258BB1","C:\Users\funny\Documents\AgentBridge-worktrees\gasper-vec901-903-proof-prep-20260801","artifacts\gasper-completion\oath-correction-r2\rendered-authority\OVERRIDE_POINTS.json","4"
"structured",".json","5220","2026-08-01T13:04:14.3236992-04:00","0B281DCBEBE07C2BD6511798D4B2F13764E053530A3B8CC20EEA3622555C613B","C:\Users\funny\Documents\AgentBridge-worktrees\gasper-vec901-903-proof-prep-20260801","artifacts\gasper-completion\oath-correction-r2\rendered-authority\DONE.json","4"
"structured",".json","7322","2026-08-01T13:04:14.3227011-04:00","457E306EFD6733CE00504646DD22A7F57FD5F2B9294CBD769C05F631314F34EC","C:\Users\funny\Documents\AgentBridge-worktrees\gasper-vec901-903-proof-prep-20260801","artifacts\gasper-completion\oath-correction-r2\facial-binding\DONE.json","4"
"structured",".jsonl","372","2026-08-01T13:04:14.3217016-04:00","4D2664E28F467A1BA668CFDB8374CD19A63F649E76D515788F34F2AB8DBA9D4A","C:\Users\funny\Documents\AgentBridge-worktrees\gasper-vec901-903-proof-prep-20260801","artifacts\gasper-completion\oath-correction-r2\evidence-recapture\redesign-poll-heartbeats.jsonl","4"
"structured",".json","832","2026-08-01T13:04:14.3206955-04:00","46EEEBC7A674CF8FCC97D529D16C959595F7B313C88F6ABC1E7B639D5FA51B6F","C:\Users\funny\Documents\AgentBridge-worktrees\gasper-vec901-903-proof-prep-20260801","artifacts\gasper-completion\oath-correction-r2\evidence-recapture\REDESIGN_RESIDUAL.json","4"
"structured",".json","1978","2026-08-01T13:04:14.3206955-04:00","16FFF44A29173F9E2F786DC28501AF22831AC61398D29A12DA9A6CCB84505451","C:\Users\funny\Documents\AgentBridge-worktrees\gasper-vec901-903-proof-prep-20260801","artifacts\gasper-completion\oath-correction-r2\evidence-recapture\REVIEW_PACKAGE.json","4"
"structured",".json","5032","2026-08-01T13:04:14.3191815-04:00","7B16118849A5162D1680E4704E0DC54C573F2F68636AECE12268E368136A9455","C:\Users\funny\Documents\AgentBridge-worktrees\gasper-vec901-903-proof-prep-20260801","artifacts\gasper-completion\oath-correction-r2\evidence-recapture\REDESIGN_POLL.json","4"
"structured",".json","308","2026-08-01T13:04:14.3191815-04:00","2A01B6CC37BF24882F0EE083F8820F5E85D41E1EDDF7AD35C852B65AF1B4C805","C:\Users\funny\Documents\AgentBridge-worktrees\gasper-vec901-903-proof-prep-20260801","artifacts\gasper-completion\oath-correction-r2\evidence-recapture\HEARTBEAT-LATEST.json","8"
"structured",".json","313","2026-08-01T13:04:14.3176769-04:00","57726142C5400981AD6039A70949238DEB53A7D9510BBC77FB15D1455EBC275B","C:\Users\funny\Documents\AgentBridge-worktrees\gasper-vec901-903-proof-prep-20260801","artifacts\gasper-completion\oath-correction-r2\evidence-recapture\HEARTBEAT-016.json","4"
"structured",".json","317","2026-08-01T13:04:14.3176769-04:00","95ACF911071871554BFD872791375BD395724BF0BC788EC9633FE0BB2485FD52","C:\Users\funny\Documents\AgentBridge-worktrees\gasper-vec901-903-proof-prep-20260801","artifacts\gasper-completion\oath-correction-r2\evidence-recapture\HEARTBEAT-015.json","4"
"structured",".json","318","2026-08-01T13:04:14.3166765-04:00","6357BF78535848E5C0203147E207EA2B477A0F89C5444CD96F16C7F158C05FB8","C:\Users\funny\Documents\AgentBridge-worktrees\gasper-vec901-903-proof-prep-20260801","artifacts\gasper-completion\oath-correction-r2\evidence-recapture\HEARTBEAT-013.json","4"
"structured",".json","318","2026-08-01T13:04:14.3166765-04:00","AB6E88CD24533459213BE05D34BCEE49CB043A49ED78FC46FD593CF441D72824","C:\Users\funny\Documents\AgentBridge-worktrees\gasper-vec901-903-proof-prep-20260801","artifacts\gasper-completion\oath-correction-r2\evidence-recapture\HEARTBEAT-012.json","4"
"structured",".json","318","2026-08-01T13:04:14.3166765-04:00","6796276B454E7EB28F06F41397969CEEE907CC187FDC0E1C26FA10635894CD2C","C:\Users\funny\Documents\AgentBridge-worktrees\gasper-vec901-903-proof-prep-20260801","artifacts\gasper-completion\oath-correction-r2\evidence-recapture\HEARTBEAT-014.json","4"
"structured",".json","317","2026-08-01T13:04:14.3156549-04:00","606F9DAC64A413F9E9199F2C0D8884DE47D3481AA774530D461A91CA046912FA","C:\Users\funny\Documents\AgentBridge-worktrees\gasper-vec901-903-proof-prep-20260801","artifacts\gasper-completion\oath-correction-r2\evidence-recapture\HEARTBEAT-010.json","4"
"structured",".json","318","2026-08-01T13:04:14.3156549-04:00","C0705F6CFC49D37B57548236B249174F9A01ED1E158A76795CC2A0647AD29E49","C:\Users\funny\Documents\AgentBridge-worktrees\gasper-vec901-903-proof-prep-20260801","artifacts\gasper-completion\oath-correction-r2\evidence-recapture\HEARTBEAT-011.json","4"
"structured",".json","316","2026-08-01T13:04:14.3146550-04:00","E8182F3CC922CC34C977B1F94030EDEB9EF4F2272F819BBC1A152C9A4F3979C3","C:\Users\funny\Documents\AgentBridge-worktrees\gasper-vec901-903-proof-prep-20260801","artifacts\gasper-completion\oath-correction-r2\evidence-recapture\HEARTBEAT-009.json","4"
"structured",".json","316","2026-08-01T13:04:14.3146550-04:00","4DDAFB30B3A3F992E8292BA65BAF8E571410F929E1A68EFF90AADFBE7DA7D535","C:\Users\funny\Documents\AgentBridge-worktrees\gasper-vec901-903-proof-prep-20260801","artifacts\gasper-completion\oath-correction-r2\evidence-recapture\HEARTBEAT-008.json","4"
"structured",".json","316","2026-08-01T13:04:14.3136518-04:00","258C89384AB5FD0A78716866C6A1C508CC02734E0164C481BB42137D67E60415","C:\Users\funny\Documents\AgentBridge-worktrees\gasper-vec901-903-proof-prep-20260801","artifacts\gasper-completion\oath-correction-r2\evidence-recapture\HEARTBEAT-007.json","4"
"structured",".json","316","2026-08-01T13:04:14.3136518-04:00","EE3641A6C50EDC802226015B87A670C735577CED1FB101161A218E5F69F57841","C:\Users\funny\Documents\AgentBridge-worktrees\gasper-vec901-903-proof-prep-20260801","artifacts\gasper-completion\oath-correction-r2\evidence-recapture\HEARTBEAT-006.json","4"
"structured",".json","317","2026-08-01T13:04:14.3131339-04:00","950337A0AB650580052F63A4450F4AFC5A3424BC164EF746FD09B29B66704491","C:\Users\funny\Documents\AgentBridge-worktrees\gasper-vec901-903-proof-prep-20260801","artifacts\gasper-completion\oath-correction-r2\evidence-recapture\HEARTBEAT-005.json","4"
"structured",".json","317","2026-08-01T13:04:14.3116284-04:00","5D39825832CD764F0F907A2FEE03405808FE4FCEE544F2FE4050B40FC262CD3B","C:\Users\funny\Documents\AgentBridge-worktrees\gasper-vec901-903-proof-prep-20260801","artifacts\gasper-completion\oath-correction-r2\evidence-recapture\HEARTBEAT-004.json","4"
"structured",".json","317","2026-08-01T13:04:14.3116284-04:00","0FB8E675092225930CF12CF7500B2ADA5753296481867FD9637025D9061EEBDC","C:\Users\funny\Documents\AgentBridge-worktrees\gasper-vec901-903-proof-prep-20260801","artifacts\gasper-completion\oath-correction-r2\evidence-recapture\HEARTBEAT-003.json","4"
"structured",".json","296","2026-08-01T13:04:14.3106298-04:00","459D80B963A21E9C1E181B75F426B46EEDF2B95463D95FF0A526B9DDACF870BB","C:\Users\funny\Documents\AgentBridge-worktrees\gasper-vec901-903-proof-prep-20260801","artifacts\gasper-completion\oath-correction-r2\evidence-recapture\HEARTBEAT-001.json","4"
"structured",".json","5432","2026-08-01T13:04:14.3096234-04:00","68FCB1C923831F1C38E82209D8E73DF77EFED5A694875C19A03B5AA8A5DCD9F5","C:\Users\funny\Documents\AgentBridge-worktrees\gasper-vec901-903-proof-prep-20260801","artifacts\gasper-completion\oath-correction-r2\evidence-recapture\DONE.json","4"
"structured",".json","2681","2026-08-01T13:04:14.3081092-04:00","CB38FCBCDF4B45F795E4C82181B8AB06609FEC7C80B5D7B2D48504688E3239E9","C:\Users\funny\Documents\AgentBridge-worktrees\gasper-vec901-903-proof-prep-20260801","artifacts\gasper-completion\oath-correction-r2\embodiment-binding\reviewers\reviewer-b.json","4"
"structured",".json","5084","2026-08-01T13:04:14.3066041-04:00","80FF2A15D40BACDF61E0EA733567D7C7B4010E499759F95D7E003AFB69991F52","C:\Users\funny\Documents\AgentBridge-worktrees\gasper-vec901-903-proof-prep-20260801","artifacts\gasper-completion\oath-correction-r2\embodiment-binding\reviewers\reviewer-a.json","4"
"structured",".json","5888","2026-08-01T13:04:14.3055975-04:00","FFC25FE1AD196C18DA050FB920166C2C47A99ABE2F71BDAB7C0F4F300EC8E644","C:\Users\funny\Documents\AgentBridge-worktrees\gasper-vec901-903-proof-prep-20260801","artifacts\gasper-completion\oath-correction-r2\embodiment-binding\geometry-snapshot-proof.json","4"
"structured",".json","7866","2026-08-01T13:04:14.3020878-04:00","E5423CAC9E612510C4C23B09F5D565A394567DE64ABBD74F798B210684E8DFEF","C:\Users\funny\Documents\AgentBridge-worktrees\gasper-vec901-903-proof-prep-20260801","artifacts\gasper-completion\oath-correction-r2\embodiment-binding\DONE.json","4"
"structured",".json","4859","2026-08-01T13:04:14.3005818-04:00","E53D13266046E3FD3E19BE07D5897BB83705D5BB7EDD5C18F9CA87B709A94BDD","C:\Users\funny\Documents\AgentBridge-worktrees\gasper-vec901-903-proof-prep-20260801","artifacts\gasper-completion\oath-correction-r2\dais-visible-product\DONE.json","4"
"structured",".json","1116","2026-08-01T13:04:14.2990768-04:00","EEB00BED9A865B6C958A3301718C8C3DEB45375D1493666D710BFDAFFAFC408B","C:\Users\funny\Documents\AgentBridge-worktrees\gasper-vec901-903-proof-prep-20260801","artifacts\gasper-completion\oath-correction-r2\REDESIGN_LANE_2_EIGHT_STATE.DONE.json","4"
"structured",".json","1129","2026-08-01T13:04:14.2990768-04:00","BB0F61863AE992D94BF49C6CDFFE705D934AA3499008147EFD0F568D7A0772D1","C:\Users\funny\Documents\AgentBridge-worktrees\gasper-vec901-903-proof-prep-20260801","artifacts\gasper-completion\oath-correction-r2\REDESIGN_LANE_4_DAIS_STUDIO.DONE.json","4"
"structured",".json","809","2026-08-01T13:04:14.2990768-04:00","E6F6A21701C00E8AD4EDDCFBCF717C139CE68A50ABEE9EC75E02AE30BF7B1678","C:\Users\funny\Documents\AgentBridge-worktrees\gasper-vec901-903-proof-prep-20260801","artifacts\gasper-completion\oath-correction-r2\REDESIGN_LANE_3_EXPRESSION_TRANSITIONS.DONE.json","4"
"structured",".json","1118","2026-08-01T13:04:14.2970719-04:00","4CD503C1D09C4950B9B7CBDB320F854A5F3A130653772DAD37C8340D6BC69189","C:\Users\funny\Documents\AgentBridge-worktrees\gasper-vec901-903-proof-prep-20260801","artifacts\gasper-completion\oath-correction-r2\REDESIGN_LANE_1_CHARACTER_BODY.DONE.json","4"
"structured",".json","3459","2026-08-01T13:04:14.2538684-04:00","F34BFFD20A99BA43D336CCC82B9DC282A76018D73CC67E8BAA67BA08DB5192A3","C:\Users\funny\Documents\AgentBridge-worktrees\gasper-vec901-903-proof-prep-20260801","artifacts\gasper-completion\native-goals\visual-acceptance\test-results.json","4"
"structured",".json","5218","2026-08-01T13:04:14.1963217-04:00","81D500838913622101A5F2A761513797B9E8CCC918D027A6E3B445B33F358DAF","C:\Users\funny\Documents\AgentBridge-worktrees\gasper-vec901-903-proof-prep-20260801","artifacts\gasper-completion\native-goals\visual-acceptance\reviewer-B-r2.json","4"
"structured",".json","5893","2026-08-01T13:04:14.1963217-04:00","7A00D381CB9B87C18EF21863C7CED813BA79620A0AA9325955060415F0F0FAA4","C:\Users\funny\Documents\AgentBridge-worktrees\gasper-vec901-903-proof-prep-20260801","artifacts\gasper-completion\native-goals\visual-acceptance\reviewer-B-r1.json","4"
"structured",".json","10276","2026-08-01T13:04:14.1953158-04:00","38EA30039BDD88B616227D55632201827C98C1DB903CC918EED7836B0D68B7D2","C:\Users\funny\Documents\AgentBridge-worktrees\gasper-vec901-903-proof-prep-20260801","artifacts\gasper-completion\native-goals\visual-acceptance\reviewer-A-r2.json","4"
"structured",".json","747","2026-08-01T13:04:14.1938111-04:00","604A0BA2914D6E553111C7555C9CE645172ADB374F3C765B01ADED144B9FFF97","C:\Users\funny\Documents\AgentBridge-worktrees\gasper-vec901-903-proof-prep-20260801","artifacts\gasper-completion\native-goals\visual-acceptance\review\DEFECT_LEDGER.json","8"
"structured",".json","6011","2026-08-01T13:04:14.1938111-04:00","7B8123D7F15081F913C7DD450877976620262B4F97C3427C8B8395C4225F7CCA","C:\Users\funny\Documents\AgentBridge-worktrees\gasper-vec901-903-proof-prep-20260801","artifacts\gasper-completion\native-goals\visual-acceptance\reviewer-A-r1.json","4"
"structured",".json","640","2026-08-01T13:04:14.1220052-04:00","BAE9257075EA051F433D59BA663C364B1519F85D4593CE2467BFAE30EB9EA34A","C:\Users\funny\Documents\AgentBridge-worktrees\gasper-vec901-903-proof-prep-20260801","artifacts\gasper-completion\native-goals\visual-acceptance\PACKAGE_SUMMARY.json","4"
"structured",".json","488","2026-08-01T13:04:14.1209997-04:00","E47846FB28D0F841FA9C02207CDCE2975B5F6A8D4118031A23013AC18EF342FD","C:\Users\funny\Documents\AgentBridge-worktrees\gasper-vec901-903-proof-prep-20260801","artifacts\gasper-completion\native-goals\visual-acceptance\EXE_IDENTITY.json","4"
"structured",".json","465","2026-08-01T13:04:14.1209997-04:00","7F35C403972B04284C7F151DA4EF6E295D8BA31FD2652CD21BB9EE78D81FE44F","C:\Users\funny\Documents\AgentBridge-worktrees\gasper-vec901-903-proof-prep-20260801","artifacts\gasper-completion\native-goals\visual-acceptance\OWNER_REVIEW_PATH.json","4"
"structured",".json","782","2026-08-01T13:04:14.1209997-04:00","55312D2419B0D6E8E2323ADE91BD4C594AF580D911AEB3530F946873E58B8573","C:\Users\funny\Documents\AgentBridge-worktrees\gasper-vec901-903-proof-prep-20260801","artifacts\gasper-completion\native-goals\visual-acceptance\ENDPOINT_HASHES.json","4"
"structured",".json","8172","2026-08-01T13:04:14.1194951-04:00","BC87341008365A8BC1A07B76946584142A2902FCCB6A83204A3AE4EF64D2EDB9","C:\Users\funny\Documents\AgentBridge-worktrees\gasper-vec901-903-proof-prep-20260801","artifacts\gasper-completion\native-goals\visual-acceptance\DONE.json","4"
"structured",".json","10903","2026-08-01T13:04:14.1184958-04:00","302E0634893281DD22BC67FC64DE05C08433BB485911A2C1A690D8ED7C132C38","C:\Users\funny\Documents\AgentBridge-worktrees\gasper-vec901-903-proof-prep-20260801","artifacts\gasper-completion\native-goals\visual-acceptance\DETERMINISM_SECOND_PASS.json","4"
"structured",".json","1955","2026-08-01T13:04:14.1164904-04:00","9ED27C68F281A4627D5E0B3B3DD53E339183A7AAC28F1065179AC097AB2AD4A0","C:\Users\funny\Documents\AgentBridge-worktrees\gasper-vec901-903-proof-prep-20260801","artifacts\gasper-completion\native-goals\visual-acceptance\DETERMINISM_NOTE.json","4"
"structured",".json","389","2026-08-01T13:04:14.1122921-04:00","8E75533C4CC7170E9FE2163AC14362AF473E80AC7821AE5D6BA55F9BEFC93658","C:\Users\funny\Documents\AgentBridge-worktrees\gasper-vec901-903-proof-prep-20260801","artifacts\gasper-completion\native-goals\visual-acceptance\COMPLETION_READBACK.json","4"
"structured",".json","19206","2026-08-01T13:04:14.1111488-04:00","443615E93B0CF2BD2D5E9051CBFE85632C7B0690E98D8F87FD60ACB4784DC0CD","C:\Users\funny\Documents\AgentBridge-worktrees\gasper-vec901-903-proof-prep-20260801","artifacts\gasper-completion\native-goals\visual-acceptance\CAPTURE_MANIFEST.json","4"
"structured",".json","5944","2026-08-01T13:04:14.1096392-04:00","2AEFF482410998D30E2CD8A6AD02F03E8FC342FA905048024755B6C37AC9EAA6","C:\Users\funny\Documents\AgentBridge-worktrees\gasper-vec901-903-proof-prep-20260801","artifacts\gasper-completion\native-goals\visual-acceptance\CAPTURE_INVENTORY.json","4"
"structured",".json","5933","2026-08-01T13:04:14.1056295-04:00","01A8DD22E61899263B75B3A1615F84E168660C6868E4D491BC101221854B09C4","C:\Users\funny\Documents\AgentBridge-worktrees\gasper-vec901-903-proof-prep-20260801","artifacts\gasper-completion\native-goals\temporal-continuity\DONE.json","4"
"structured",".json","1104","2026-08-01T13:04:14.1046208-04:00","3F614EA49E968B10E696A50BB1A6460B2882C6DB04A9A3B2959CBA262CF4527D","C:\Users\funny\Documents\AgentBridge-worktrees\gasper-vec901-903-proof-prep-20260801","artifacts\gasper-completion\native-goals\packaged-headed-frame-proof\DONE.json","4"
"structured",".json","1098","2026-08-01T13:04:14.1026210-04:00","0EB3C32B1EC9A012E5AFE9E06831EB0BCE8780DDAB071177A391AE92EE189029","C:\Users\funny\Documents\AgentBridge-worktrees\gasper-vec901-903-proof-prep-20260801","artifacts\gasper-completion\native-goals\owner-visual-proof\DONE.json","4"
"structured",".json","1061","2026-08-01T13:04:14.0742472-04:00","B0C24DB35480764B41AECAA9D860F4B7AE1139D03B5834B136BFA5EC2DB8EA09","C:\Users\funny\Documents\AgentBridge-worktrees\gasper-vec901-903-proof-prep-20260801","artifacts\gasper-completion\native-goals\headed-multiframe\PROCESS_RECEIPT.json","4"
"structured",".json","165031","2026-08-01T13:04:14.0738214-04:00","006491FFCB4EBC3E2945925609738B3B32EECDF24DCA9D0D4D393705B9A72315","C:\Users\funny\Documents\AgentBridge-worktrees\gasper-vec901-903-proof-prep-20260801","artifacts\gasper-completion\native-goals\headed-multiframe\LIVE_SAMPLES.json","4"
"structured",".json","153317","2026-08-01T13:04:14.0728164-04:00","647203CBEB0C10B2689D5F6F2C57349BB5E769CDADC8EB15A46AB70C1D9F3ECB","C:\Users\funny\Documents\AgentBridge-worktrees\gasper-vec901-903-proof-prep-20260801","artifacts\gasper-completion\native-goals\headed-multiframe\LIVE_ANALYSIS_FULL.json","4"
"structured",".json","21039","2026-08-01T13:04:14.0723117-04:00","DAB99EC1C392AC4BDE00457CA5E0F00CA7C4775393CB19DDF15ACC9F5EC03E3F","C:\Users\funny\Documents\AgentBridge-worktrees\gasper-vec901-903-proof-prep-20260801","artifacts\gasper-completion\native-goals\headed-multiframe\HEADED_ANALYSIS.json","4"
"structured",".json","8040","2026-08-01T13:04:14.0703063-04:00","945CB0B15FB4F3148007E815D751EAFB7F661383B3C36C3D67760E5F6D2475EE","C:\Users\funny\Documents\AgentBridge-worktrees\gasper-vec901-903-proof-prep-20260801","artifacts\gasper-completion\native-goals\headed-multiframe\DONE.json","4"
"structured",".json","2542","2026-08-01T13:04:14.0688015-04:00","163E415A32C300A13718F85835D1E9504822356354004927445EA1B8C4E29F57","C:\Users\funny\Documents\AgentBridge-worktrees\gasper-vec901-903-proof-prep-20260801","artifacts\gasper-completion\native-goals\headed-multiframe\CAPTURE_MANIFEST.json","4"
"structured",".json","13540","2026-08-01T13:04:14.0688015-04:00","2CED72683F51BA1C759EAAFA9F1D1E94DEC93BE000FDAE99D29FDD9E7A77A765","C:\Users\funny\Documents\AgentBridge-worktrees\gasper-vec901-903-proof-prep-20260801","artifacts\gasper-completion\native-goals\expression-studio\test-results.json","4"
"structured",".json","5992","2026-08-01T13:04:14.0655104-04:00","441410DA6D16DE4D6EE783496CE7F04D4C9F559ED26CEC60EF370710750F19E2","C:\Users\funny\Documents\AgentBridge-worktrees\gasper-vec901-903-proof-prep-20260801","artifacts\gasper-completion\native-goals\expression-studio\DONE.json","4"
"structured",".json","9484","2026-08-01T13:04:14.0599956-04:00","47C2D81323D317E8D8FE76A7C3A023BE2AE8C3469F9CCA916089BC21EFD6F37C","C:\Users\funny\Documents\AgentBridge-worktrees\gasper-vec901-903-proof-prep-20260801","artifacts\gasper-007-h-convergence\_ir_sample.json","4"
"structured",".json","87549","2026-08-01T13:04:14.0554924-04:00","2A9B110083029BC42F9D9F95F6E34D40BBC3A52CD9399294E79D455C17D62170","C:\Users\funny\Documents\AgentBridge-worktrees\gasper-vec901-903-proof-prep-20260801","artifacts\gasper-007-h-convergence\RESEARCH_PACKET.json","8"
"structured",".json","782","2026-08-01T13:04:14.0499026-04:00","47E5A5004286F0B48EF9E222C0BE340B7B98E20CBE187ED645236725133416B6","C:\Users\funny\Documents\AgentBridge-worktrees\gasper-vec901-903-proof-prep-20260801","artifacts\gasper-007-h-convergence\IMPORTED_SCENARIO_HASHES.json","4"
"structured",".json","1370","2026-08-01T13:04:13.9792551-04:00","5225E89A08D09159B966C2675E6CE644C6CAC494DC2130EBEAA819AB26843B66","C:\Users\funny\Documents\AgentBridge-worktrees\gasper-vec901-903-proof-prep-20260801","artifacts\gasper-007-h-convergence\DRY_RUN_IMPORT_RESULT.json","4"
"structured",".json","2464","2026-08-01T13:04:13.9772552-04:00","EC0F6B40ABC5FB3DFD498CA7609597AC7C5CFD0B5488F7CD8384AB916659BD0C","C:\Users\funny\Documents\AgentBridge-worktrees\gasper-vec901-903-proof-prep-20260801","artifacts\gasper-007-h-convergence\COMPILED_SCENARIO_HASHES.json","4"
"structured",".json","396","2026-08-01T13:04:13.9683388-04:00","49A6CAB65FB99F42E9F062CDD2E0E12126E99076CDAC8A286D88217C8B54B52A","C:\Users\funny\Documents\AgentBridge-worktrees\gasper-vec901-903-proof-prep-20260801","artifacts\gasper-007-h-convergence\AUTHORIZED_IMPORT_RECEIPT.json","4"
"structured",".json","7200","2026-08-01T13:04:13.8731087-04:00","E4A3F8B3D040A26FFBAAF596189523503F18DBFA8EC5E576A8CDA131B0D10B11","C:\Users\funny\Documents\AgentBridge-worktrees\gasper-vec901-903-proof-prep-20260801","artifacts\gasper-007-g-eight-state-loop\STATE_SYSTEM\LOOP_ROUTE.json","4"
"structured",".json","2094","2026-08-01T13:04:13.8679327-04:00","AA59CEBAEC8F9A4007BCFAFDB5A86A536C2F233F31BF1064753C56476F89EDC5","C:\Users\funny\Documents\AgentBridge-worktrees\gasper-vec901-903-proof-prep-20260801","artifacts\gasper-007-g-eight-state-loop\STATE_SYSTEM\DETERMINISM_RESULTS.json","4"
"structured",".json","18200","2026-08-01T13:04:13.1590282-04:00","1392FA6E14065388676A07D3CC20E4BB629D991C0A5C33FCF45C00919F811506","C:\Users\funny\Documents\AgentBridge-worktrees\gasper-vec901-903-proof-prep-20260801","artifacts\designops\studio-ux-ingredients-0.1\stations\ingredients.json","4"
"structured",".json","239","2026-08-01T13:04:13.1467736-04:00","163D356C1486B229278703FFAC15A06958C93B71ED0DF357A3BCAED817D1A130","C:\Users\funny\Documents\AgentBridge-worktrees\gasper-vec901-903-proof-prep-20260801","artifacts\designops\studio-grok-rework-0.1\stations\capture-meta.json","4"
"structured",".json","1245","2026-08-01T13:04:13.1427562-04:00","42F5B9C9DC63AA41FFC8CFF0B11602D498F234A864C22FD8BB1DB74AB4E48B6F","C:\Users\funny\Documents\AgentBridge-worktrees\gasper-vec901-903-proof-prep-20260801","artifacts\designops\studio-grok-rework-0.1\stations\J-SEE-GASPER.json","4"
"structured",".json","247","2026-08-01T13:04:13.1397559-04:00","D07164DAAAE5ACF4838041C4C02476126E2262F24B6D440E2ECDB1376B96E899","C:\Users\funny\Documents\AgentBridge-worktrees\gasper-vec901-903-proof-prep-20260801","artifacts\designops\studio-cartography-2.1\cartography\studio.main\proofs\PROOF-INDEX-GROUP.json","4"
"structured",".json","563","2026-08-01T13:04:13.1397559-04:00","714E318A4F6FABF99B84DC685AE61D27C212EAF3F0C18B822883492940707EC0","C:\Users\funny\Documents\AgentBridge-worktrees\gasper-vec901-903-proof-prep-20260801","artifacts\designops\studio-cartography-2.1\cartography\studio.main\recipes.json","4"
"structured",".json","1236","2026-08-01T13:04:13.1386784-04:00","55261A3C68BA96AA51B80B960E2C14056E5B1AA8F64FEE05B9B97A5E7AA7C8D8","C:\Users\funny\Documents\AgentBridge-worktrees\gasper-vec901-903-proof-prep-20260801","artifacts\designops\studio-cartography-2.1\cartography\studio.main\proofs\PROOF-HOTPATH-LIVE.json","4"
"structured",".json","461","2026-08-01T13:04:13.1386784-04:00","436DDCD61A5DDEBDE68BFBD2F93059FDEC41D1F14F83C926DBD2690D78420B8C","C:\Users\funny\Documents\AgentBridge-worktrees\gasper-vec901-903-proof-prep-20260801","artifacts\designops\studio-cartography-2.1\cartography\studio.main\proofs\PROOF-HOTPATH-STATIC.json","4"
"structured",".json","253","2026-08-01T13:04:13.1374011-04:00","3D688C46C6D7952130789A479358D977FF56673F1E22FBFDBEF14A5623B345CE","C:\Users\funny\Documents\AgentBridge-worktrees\gasper-vec901-903-proof-prep-20260801","artifacts\designops\studio-cartography-2.1\cartography\studio.main\proofs\PROOF-CART-VIEW.json","4"
"structured",".json","223","2026-08-01T13:04:13.1374011-04:00","6CC2B080C7A5B1B6EAEF8D4E5AEDC2DFEE0B3F5AE6F932006C4EE35FB4892B23","C:\Users\funny\Documents\AgentBridge-worktrees\gasper-vec901-903-proof-prep-20260801","artifacts\designops\studio-cartography-2.1\cartography\studio.main\proofs\PROOF-DYNAMICS.json","4"
"structured",".json","189","2026-08-01T13:04:13.1364023-04:00","166BAF3FCE3B174BE65F3A49FD1FB0348A49315A319C4BE7472741B63906A4CE","C:\Users\funny\Documents\AgentBridge-worktrees\gasper-vec901-903-proof-prep-20260801","artifacts\designops\studio-cartography-2.1\cartography\studio.main\proofs\PROOF-ACTION-MODEL.json","4"
"structured",".json","32401","2026-08-01T13:04:13.1352796-04:00","FD7A31923E00E0082BD5FD54127730DA5794F39D1EFF63A009B2168DA0DA8EC5","C:\Users\funny\Documents\AgentBridge-worktrees\gasper-vec901-903-proof-prep-20260801","artifacts\designops\studio-cartography-2.1\cartography\studio.main\ingredients.json","4"
"structured",".json","1517","2026-08-01T13:04:13.1338975-04:00","27ED9C9336351D9ED1197021C3C0C4C662F653CDE6BD907972E27D4BC7995F6B","C:\Users\funny\Documents\AgentBridge-worktrees\gasper-vec901-903-proof-prep-20260801","artifacts\designops\studio-cartography-2.1\cartography\studio.main\dynamics\I088.json","4"
"structured",".json","1517","2026-08-01T13:04:13.1338975-04:00","5591A0D0852CD2C6C866B15D6D9136F618A783F0A17B558A69A4A09C8A8DC1E2","C:\Users\funny\Documents\AgentBridge-worktrees\gasper-vec901-903-proof-prep-20260801","artifacts\designops\studio-cartography-2.1\cartography\studio.main\dynamics\I079.json","4"
"structured",".json","1140","2026-08-01T13:04:13.1338975-04:00","B22D1C43E05734304D9AD20BC2746FC22FFDECEE34ABC8271D1E9821669DA636","C:\Users\funny\Documents\AgentBridge-worktrees\gasper-vec901-903-proof-prep-20260801","artifacts\designops\studio-cartography-2.1\cartography\studio.main\groups.json","4"
"structured",".json","1517","2026-08-01T13:04:13.1328974-04:00","8E9F172DDE08B0B46F0B893A3CDF531880B658BDF186B3E9030D77D4130ED474","C:\Users\funny\Documents\AgentBridge-worktrees\gasper-vec901-903-proof-prep-20260801","artifacts\designops\studio-cartography-2.1\cartography\studio.main\dynamics\I075.json","4"
"structured",".json","1517","2026-08-01T13:04:13.1318920-04:00","68C299D30B5E0E5734C041AAE8A7AE8036071E080580AED3CB8BBB75CC3AF96B","C:\Users\funny\Documents\AgentBridge-worktrees\gasper-vec901-903-proof-prep-20260801","artifacts\designops\studio-cartography-2.1\cartography\studio.main\dynamics\I071.json","4"
"structured",".json","1517","2026-08-01T13:04:13.1303765-04:00","D63F56A762608A144393E38E40358B1EDFD682810EC2EAC922DFA9E90794CC29","C:\Users\funny\Documents\AgentBridge-worktrees\gasper-vec901-903-proof-prep-20260801","artifacts\designops\studio-cartography-2.1\cartography\studio.main\dynamics\I062.json","4"
"structured",".json","1517","2026-08-01T13:04:13.1303765-04:00","1EAB6FE3A5B35D268038DC3A4E2D4A495C7603D53EF4CE68DF9F170984762F94","C:\Users\funny\Documents\AgentBridge-worktrees\gasper-vec901-903-proof-prep-20260801","artifacts\designops\studio-cartography-2.1\cartography\studio.main\dynamics\I058.json","4"
"structured",".json","1517","2026-08-01T13:04:13.1303765-04:00","C27EC696AA94858B7D0899A642A9DC0356B4F2A8A63DBDC22FABD5F93F23337A","C:\Users\funny\Documents\AgentBridge-worktrees\gasper-vec901-903-proof-prep-20260801","artifacts\designops\studio-cartography-2.1\cartography\studio.main\dynamics\I067.json","4"
"structured",".json","1517","2026-08-01T13:04:13.1288722-04:00","6A62836ECC868ABBC7ABA91CD92AB0A60070DEA8DBB0E9B5A0D1EB47ECA040A8","C:\Users\funny\Documents\AgentBridge-worktrees\gasper-vec901-903-proof-prep-20260801","artifacts\designops\studio-cartography-2.1\cartography\studio.main\dynamics\I045.json","4"
"structured",".json","1517","2026-08-01T13:04:13.1288722-04:00","F5A3EEF6416B3BA2D48670A32911AF4D6C3AEBCCF7AF8A558303F3E1BEF6DF73","C:\Users\funny\Documents\AgentBridge-worktrees\gasper-vec901-903-proof-prep-20260801","artifacts\designops\studio-cartography-2.1\cartography\studio.main\dynamics\I055.json","4"
"structured",".json","1517","2026-08-01T13:04:13.1288722-04:00","4072CB664D0EECBEAC3A3AF49D7E6F75D3B2B81F4FDC3687905EAD90888B1503","C:\Users\funny\Documents\AgentBridge-worktrees\gasper-vec901-903-proof-prep-20260801","artifacts\designops\studio-cartography-2.1\cartography\studio.main\dynamics\I049.json","4"
"structured",".json","22198","2026-08-01T13:04:13.1278714-04:00","86D206390E0E02B43AC47BC73CF95E23B64173BE73D0D96F4F9D5122176F84E7","C:\Users\funny\Documents\AgentBridge-worktrees\gasper-vec901-903-proof-prep-20260801","artifacts\designops\studio-cartography-2.1\cartography\studio.main\dependencies.json","4"
"structured",".json","2548","2026-08-01T13:04:13.1268673-04:00","8C847D19F1D20E50B2D30BBFF280EEA2B5EE93E7D4F22EFA429D1AD1E0360638","C:\Users\funny\Documents\AgentBridge-worktrees\gasper-vec901-903-proof-prep-20260801","artifacts\designops\studio-cartography-2.1\cartography\studio.main\action-models.json","4"
"structured",".json","597","2026-08-01T13:04:13.1228504-04:00","23FF04F14AFCBB6632F192F96E73A4DAB8F5FF4E1C0783E364B56A7B4B814642","C:\Users\funny\Documents\AgentBridge-worktrees\gasper-vec901-903-proof-prep-20260801","artifacts\designops\sidekick-studio-0.5\stations\studio-timeline-keyframe.json","4"
"structured",".json","573","2026-08-01T13:04:13.1218522-04:00","428B208B5AA46085FA3B6E1235A349A84825D2E7943F81DF9AA6FD7082D4E9FB","C:\Users\funny\Documents\AgentBridge-worktrees\gasper-vec901-903-proof-prep-20260801","artifacts\designops\sidekick-studio-0.5\stations\studio-emotional-rail.json","4"
"structured",".json","1047","2026-08-01T13:04:13.1178385-04:00","F52BA926EBEF2942A2212BCF52EDCD39CFEAD757467BE20AAC28F42BF1E80DA5","C:\Users\funny\Documents\AgentBridge-worktrees\gasper-vec901-903-proof-prep-20260801","artifacts\designops\sidekick-studio-0.5.9\stations\emotional-runtime-matrix.json","4"
"structured",".json","1125","2026-08-01T13:04:13.1133239-04:00","383897F0ED8F2BBDE8CC109740677D53AFF172EF688425F633D205C32B5F2246","C:\Users\funny\Documents\AgentBridge-worktrees\gasper-vec901-903-proof-prep-20260801","artifacts\designops\sidekick-studio-0.5.4\stations\mesh-overlay-inspect.json","4"
"structured",".json","1205","2026-08-01T13:04:13.1101166-04:00","7E894955CE4C05B60836CF404EA1BDE12569FFFD3167E3C3D35D5B97BF33478D","C:\Users\funny\Documents\AgentBridge-worktrees\gasper-vec901-903-proof-prep-20260801","artifacts\designops\sidekick-studio-0.4\stations\studio-form-design-viewport.json","4"
"structured",".json","1585","2026-08-01T13:04:13.1052891-04:00","610FF5B4E64A4C056A514F1294540ACFBE5AEF61428CD6B3081F33ABFC1095AB","C:\Users\funny\Documents\AgentBridge-worktrees\gasper-vec901-903-proof-prep-20260801","artifacts\designops\gasper-studio-total-cartography-2026-07-18\worker-approval-status.json","4"
"structured",".json","1306","2026-08-01T13:04:13.1047850-04:00","AC28C80019606DD02A2BA232FE5C85FB86652346AB1797BA1E5DDB7EE0C4E4D0","C:\Users\funny\Documents\AgentBridge-worktrees\gasper-vec901-903-proof-prep-20260801","artifacts\designops\gasper-studio-total-cartography-2026-07-18\worker-approval-request.json","4"
"structured",".json","131636","2026-08-01T13:04:13.1037842-04:00","3BBD264630DDEAAEA500F4779C68D4937585995BD948CDEFB41A3948C5FC86B2","C:\Users\funny\Documents\AgentBridge-worktrees\gasper-vec901-903-proof-prep-20260801","artifacts\designops\gasper-studio-total-cartography-2026-07-18\static-local\VISION_ALIGNMENT_LEDGER.json","4"
"structured",".json","208379","2026-08-01T13:04:13.1027848-04:00","0D6D5E683D5762AC41470D2A2080D5D705679905343ABCA574AAD776D9C86456","C:\Users\funny\Documents\AgentBridge-worktrees\gasper-vec901-903-proof-prep-20260801","artifacts\designops\gasper-studio-total-cartography-2026-07-18\static-local\TEST_COVERAGE_MAP.json","4"
"structured",".json","7239","2026-08-01T13:04:13.1017851-04:00","2B7BCEB3AFBBA6065ED62327A837C5A8951E1FF6B674550BADAE348007F6AD6C","C:\Users\funny\Documents\AgentBridge-worktrees\gasper-vec901-903-proof-prep-20260801","artifacts\designops\gasper-studio-total-cartography-2026-07-18\static-local\SOURCE_OBJECT_MAP.json","4"
"structured",".json","700","2026-08-01T13:04:13.1017851-04:00","601FDF3434D60BB9B6758B94EE96EB50E1D7438DB9908341496F2D62CEED7E4B","C:\Users\funny\Documents\AgentBridge-worktrees\gasper-vec901-903-proof-prep-20260801","artifacts\designops\gasper-studio-total-cartography-2026-07-18\static-local\SUMMARY.json","4"
"structured",".json","30999","2026-08-01T13:04:13.1007847-04:00","99945ADE6ABCA739AA4E153B01CEED9E5EC6A54D12D747848FE8A4560630EF4E","C:\Users\funny\Documents\AgentBridge-worktrees\gasper-vec901-903-proof-prep-20260801","artifacts\designops\gasper-studio-total-cartography-2026-07-18\static-local\PLACEHOLDER_AND_UNWIRED_LEDGER.json","4"
"structured",".json","358797","2026-08-01T13:04:13.0997800-04:00","74B133C38F4812932D043CB7CB4C3DC3E871DDD236DB3D91960435DC70CF660E","C:\Users\funny\Documents\AgentBridge-worktrees\gasper-vec901-903-proof-prep-20260801","artifacts\designops\gasper-studio-total-cartography-2026-07-18\static-local\OBJECT_INDEX.json","4"
"structured",".json","127195","2026-08-01T13:04:13.0997800-04:00","F7263E35293D5592EB9EA20D2435E567C1294D48977281F2FFE63528BFF5DE6E","C:\Users\funny\Documents\AgentBridge-worktrees\gasper-vec901-903-proof-prep-20260801","artifacts\designops\gasper-studio-total-cartography-2026-07-18\static-local\IMPORT_GRAPH.json","4"
"structured",".json","1405","2026-08-01T13:04:13.0982764-04:00","9C9A30AA1426BA15706E51CF73568E42F694A62977E75E629AF6284E61E695FA","C:\Users\funny\Documents\AgentBridge-worktrees\gasper-vec901-903-proof-prep-20260801","artifacts\designops\gasper-studio-total-cartography-2026-07-18\static-local\DUPLICATED_AUTHORITY_LEDGER.json","4"
"structured",".json","80622","2026-08-01T13:04:13.0982764-04:00","8F5E637D5AB1107746A25EEA894A19C6B8B1DA26FE4E1AC58F18864EEFA09124","C:\Users\funny\Documents\AgentBridge-worktrees\gasper-vec901-903-proof-prep-20260801","artifacts\designops\gasper-studio-total-cartography-2026-07-18\static-local\DEPENDENCY_TRACES.json","4"
"structured",".json","24005","2026-08-01T13:04:13.0972769-04:00","7DABFE2AE1F2D03149518D8D8BB815BD831DBC2B6C112E1A55B90AD6BD7633E7","C:\Users\funny\Documents\AgentBridge-worktrees\gasper-vec901-903-proof-prep-20260801","artifacts\designops\gasper-studio-total-cartography-2026-07-18\static-local\COMMAND_AUTHORITY_MAP.json","4"
"structured",".json","4182","2026-08-01T13:04:13.0962759-04:00","8BBEC34173F5C371A3CAA3AD1D9AA9999E000E66FC3B4CDAE526A70F08F304DD","C:\Users\funny\Documents\AgentBridge-worktrees\gasper-vec901-903-proof-prep-20260801","artifacts\designops\gasper-studio-total-cartography-2026-07-18\static-local\AUTHORITY_FILE_INDEX.json","4"
"structured",".json","1054","2026-08-01T13:04:13.0952717-04:00","1C24481075FBA4ACB9C77D2612CFCFD34F9B355BBF791CC3A890CD6F1AF97F83","C:\Users\funny\Documents\AgentBridge-worktrees\gasper-vec901-903-proof-prep-20260801","artifacts\designops\gasper-studio-total-cartography-2026-07-18\static-grok-phase5\SUMMARY.json","4"
"structured",".json","6599","2026-08-01T13:04:13.0942682-04:00","94F938B12D6B8456C43A94E85996E6BBA849F89801D4EAA1967C90BBAE35F047","C:\Users\funny\Documents\AgentBridge-worktrees\gasper-vec901-903-proof-prep-20260801","artifacts\designops\gasper-studio-total-cartography-2026-07-18\static-grok-phase5\LEGACY_PROJECTION_PATHS.json","4"
"structured",".json","2576","2026-08-01T13:04:13.0937655-04:00","B0A61690877E90FEC50474EDF9C3AC9EAE8BDB199E9CE47CA6713F1FBDCC0F42","C:\Users\funny\Documents\AgentBridge-worktrees\gasper-vec901-903-proof-prep-20260801","artifacts\designops\gasper-studio-total-cartography-2026-07-18\static-grok-phase5\INVENTORY_VS_REACHED.json","4"
"structured",".json","1659","2026-08-01T13:04:13.0927653-04:00","B891CFF1E474B0A26BCC2D464C602707E7CBF9B8FCCDCAE3421FF504B47AFECE","C:\Users\funny\Documents\AgentBridge-worktrees\gasper-vec901-903-proof-prep-20260801","artifacts\designops\gasper-studio-total-cartography-2026-07-18\static-grok-phase5\DORMANT_CONTROLS.json","4"
"structured",".json","3667","2026-08-01T13:04:13.0927653-04:00","5712658F88AC312C9FF2349831CAAB6267885CE550A0C36B32FA6F2399B4BFF0","C:\Users\funny\Documents\AgentBridge-worktrees\gasper-vec901-903-proof-prep-20260801","artifacts\designops\gasper-studio-total-cartography-2026-07-18\static-grok-phase5\DUPLICATE_OWNERS_CANDIDATES.json","4"
"structured",".json","4075","2026-08-01T13:04:13.0917603-04:00","7FA8D21A7A743A99887A7249D181AF18FA0424896AA64F4F275B5E5024E7F955","C:\Users\funny\Documents\AgentBridge-worktrees\gasper-vec901-903-proof-prep-20260801","artifacts\designops\gasper-studio-total-cartography-2026-07-18\static-grok-phase5\COMMAND_CALL_SITES.json","4"
"structured",".json","6821","2026-08-01T13:04:13.0917603-04:00","E651F69A41733F772BB6017BF2562A0EBE1156B7D531F3A2758EE299D40F8448","C:\Users\funny\Documents\AgentBridge-worktrees\gasper-vec901-903-proof-prep-20260801","artifacts\designops\gasper-studio-total-cartography-2026-07-18\static-grok-phase5\COMMAND_CLASS_CANDIDATES.json","4"
"structured",".json","11883","2026-08-01T13:04:13.0902547-04:00","B0C9B1EAE371257668BEF61D4179AB48AD1A540FB109D12DECEED280AD93BBF2","C:\Users\funny\Documents\AgentBridge-worktrees\gasper-vec901-903-proof-prep-20260801","artifacts\designops\gasper-studio-total-cartography-2026-07-18\static-grok-phase5\BRIDGE_BYPASS_CANDIDATES.json","4"
"structured",".json","16484","2026-08-01T13:04:13.0733332-04:00","79BA914C554B3268EAC5B852376A9CE0BDD9BE3B14AADE9A8B8C71FC605BB495","C:\Users\funny\Documents\AgentBridge-worktrees\gasper-vec901-903-proof-prep-20260801","artifacts\designops\gasper-studio-total-cartography-2026-07-18\phase3\COMMAND_INVENTORY.json","4"
"structured",".json","15972","2026-08-01T13:04:13.0708246-04:00","FBBBE4F48EB4F5D0E9E1A0127D2E41D92DFACCB6F3FFA807780DB06775AF2F5E","C:\Users\funny\Documents\AgentBridge-worktrees\gasper-vec901-903-proof-prep-20260801","artifacts\designops\gasper-studio-total-cartography-2026-07-18\phase2\traversal\zz-neutral.json","4"
"structured",".json","2073721","2026-08-01T13:04:13.0691839-04:00","3598BF029C2176AD743963323994F71DDA3E340F0DC15524000B2BD3F0CE9799","C:\Users\funny\Documents\AgentBridge-worktrees\gasper-vec901-903-proof-prep-20260801","artifacts\designops\gasper-studio-total-cartography-2026-07-18\phase2\traversal\surface-steps.json","4"
"structured",".json","21696","2026-08-01T13:04:13.0666748-04:00","ABB402230B52FB32E759F21B92A02B15EBE7E54F1084670354992E722CC2EA6B","C:\Users\funny\Documents\AgentBridge-worktrees\gasper-vec901-903-proof-prep-20260801","artifacts\designops\gasper-studio-total-cartography-2026-07-18\phase2\traversal\supplemental-nav-stage.json","4"
"structured",".json","14559","2026-08-01T13:04:12.9141954-04:00","FA6F392CFFEE6C43A2A56E728AE621C39BC9175292A5372767FAD735DF863168","C:\Users\funny\Documents\AgentBridge-worktrees\gasper-vec901-903-proof-prep-20260801","artifacts\designops\gasper-studio-total-cartography-2026-07-18\phase2\traversal\playback-oneshot-end.json","4"
"structured",".json","173","2026-08-01T13:04:12.9141954-04:00","897FF64F06551B1D41B01E78C0AD8125EA2CF75905D2DEDAD46DDB8C8FE99B0A","C:\Users\funny\Documents\AgentBridge-worktrees\gasper-vec901-903-proof-prep-20260801","artifacts\designops\gasper-studio-total-cartography-2026-07-18\phase2\traversal\manifest-derived.json","4"
"structured",".json","3572","2026-08-01T13:04:12.9131902-04:00","08A9153F151545C83CAAD908971E485398866DDA3C10E51D19971789F07F7D41","C:\Users\funny\Documents\AgentBridge-worktrees\gasper-vec901-903-proof-prep-20260801","artifacts\designops\gasper-studio-total-cartography-2026-07-18\phase2\traversal\defects.json","4"
"structured",".json","2760","2026-08-01T13:04:12.9116837-04:00","38A7B48BA6A4CA7E2DF9A71FA3002A8EA3097BF2F6A238420E3D1DEA509A08A5","C:\Users\funny\Documents\AgentBridge-worktrees\gasper-vec901-903-proof-prep-20260801","artifacts\designops\gasper-studio-total-cartography-2026-07-18\phase2\traversal\SUMMARY.json","4"
"structured",".json","23433","2026-08-01T13:04:12.9091716-04:00","E0F3E208F57F7CFCAC7006141665D2210222F0869E83C849690349833D3F2AFA","C:\Users\funny\Documents\AgentBridge-worktrees\gasper-vec901-903-proof-prep-20260801","artifacts\designops\gasper-studio-total-cartography-2026-07-18\phase2\traversal\STUDIO_SURFACE_COVERAGE_MATRIX.json","4"
"structured",".json","15771","2026-08-01T13:04:12.9091716-04:00","712A216CA61B03486384EC707A68C4765375F339119F33D528AF375F57E43574","C:\Users\funny\Documents\AgentBridge-worktrees\gasper-vec901-903-proof-prep-20260801","artifacts\designops\gasper-studio-total-cartography-2026-07-18\phase2\traversal\00-initial.json","4"
"structured",".json","20127","2026-08-01T13:04:12.9066628-04:00","FDF9412F434F4CEEE0F4EC6B1AA99244A6B075CB66E77938947B4EA69C7606E7","C:\Users\funny\Documents\AgentBridge-worktrees\gasper-vec901-903-proof-prep-20260801","artifacts\designops\gasper-studio-total-cartography-2026-07-18\phase2\bootstrap\run-2\run-summary.json","8"
"structured",".json","630","2026-08-01T13:04:12.9056587-04:00","74750173CAAF4066AC4597FC8D24A70DF3AE9D19720BFEF5C544369DFEE721A2","C:\Users\funny\Documents\AgentBridge-worktrees\gasper-vec901-903-proof-prep-20260801","artifacts\designops\gasper-studio-total-cartography-2026-07-18\phase2\bootstrap\run-2\gateD-stale.json","8"
"structured",".json","4034","2026-08-01T13:04:12.9041539-04:00","AD3823C4012BA75E6BC66E19897572CE821636571FD3C8E8DB57867E24CFC339","C:\Users\funny\Documents\AgentBridge-worktrees\gasper-vec901-903-proof-prep-20260801","artifacts\designops\gasper-studio-total-cartography-2026-07-18\phase2\bootstrap\run-2\gateC-noop.json","4"
"structured",".json","2658","2026-08-01T13:04:12.9041539-04:00","D427F346EC1AB04DBAD4BAA1D735A953EFA2C24119CE1141008E78C6A8D22FF8","C:\Users\funny\Documents\AgentBridge-worktrees\gasper-vec901-903-proof-prep-20260801","artifacts\designops\gasper-studio-total-cartography-2026-07-18\phase2\bootstrap\run-2\gateB-before.json","8"
"structured",".json","2087","2026-08-01T13:04:12.9021479-04:00","27059910F5C4E41949C8FB22A4B3D6835FDE50999C61B5C58E20781780D0600F","C:\Users\funny\Documents\AgentBridge-worktrees\gasper-vec901-903-proof-prep-20260801","artifacts\designops\gasper-studio-total-cartography-2026-07-18\phase2\bootstrap\run-2\gateA-initial.json","8"
"structured",".json","4176","2026-08-01T13:04:12.9021479-04:00","67D575F460ED240B2E66EB055A483E7AD5A60B12A25BC198099266859BC3542F","C:\Users\funny\Documents\AgentBridge-worktrees\gasper-vec901-903-proof-prep-20260801","artifacts\designops\gasper-studio-total-cartography-2026-07-18\phase2\bootstrap\run-2\gateB-after.json","4"
"structured",".json","20127","2026-08-01T13:04:12.8996389-04:00","3CC23B5EB98B88EECEB902FBCE101E1B468B4B7A3579B2E62174CAEAC5102228","C:\Users\funny\Documents\AgentBridge-worktrees\gasper-vec901-903-proof-prep-20260801","artifacts\designops\gasper-studio-total-cartography-2026-07-18\phase2\bootstrap\run-1\run-summary.json","8"
"structured",".json","4034","2026-08-01T13:04:12.8976338-04:00","1BA1B75730ADF61331A59BBE2F226C5E56BCC9A6E926044C6CE61C429886DC18","C:\Users\funny\Documents\AgentBridge-worktrees\gasper-vec901-903-proof-prep-20260801","artifacts\designops\gasper-studio-total-cartography-2026-07-18\phase2\bootstrap\run-1\gateC-noop.json","4"
"structured",".json","4176","2026-08-01T13:04:12.8931118-04:00","AD74FC2C7B8F10B2387293478B42415DF1A9747D8AE74B310B83F80F59A8CB4D","C:\Users\funny\Documents\AgentBridge-worktrees\gasper-vec901-903-proof-prep-20260801","artifacts\designops\gasper-studio-total-cartography-2026-07-18\phase2\bootstrap\run-1\gateB-after.json","4"
"structured",".json","5848","2026-08-01T13:04:12.8893465-04:00","D643EB14D787DF6E8F56C2D8501848844B128BD0AB7F3B2F34748C46B315561E","C:\Users\funny\Documents\AgentBridge-worktrees\gasper-vec901-903-proof-prep-20260801","artifacts\designops\gasper-studio-total-cartography-2026-07-18\phase2\bootstrap\preflight.json","4"
"structured",".json","11013","2026-08-01T13:04:12.8883452-04:00","883CF691FE3381B55F3798E963302575F9DDEEEED72737276C4DAC6BAEF7DBC6","C:\Users\funny\Documents\AgentBridge-worktrees\gasper-vec901-903-proof-prep-20260801","artifacts\designops\gasper-studio-total-cartography-2026-07-18\phase2\bootstrap\VERDICT.json","4"
"structured",".json","135087","2026-08-01T13:04:12.8828302-04:00","30A5025F8131700AFBE1252BB13F1C1B209CED2C42E20E656744EC55FC556A78","C:\Users\funny\Documents\AgentBridge-worktrees\gasper-vec901-903-proof-prep-20260801","artifacts\designops\gasper-studio-total-cartography-2026-07-18\live\testid-index.json","4"
"structured",".json","544","2026-08-01T13:04:12.8808226-04:00","724BCC34DAEDA885AFCBBC6778D7F417BE9B6B2F08A9D526000A4C8727210DDA","C:\Users\funny\Documents\AgentBridge-worktrees\gasper-vec901-903-proof-prep-20260801","artifacts\designops\gasper-studio-total-cartography-2026-07-18\live\shell-state-latest.json","4"
"structured",".json","15582","2026-08-01T13:04:12.8772696-04:00","EEE3920D1CBAA18C8BC2D0615FB38B28E9F11184C17C78B0D229497BC0998165","C:\Users\funny\Documents\AgentBridge-worktrees\gasper-vec901-903-proof-prep-20260801","artifacts\designops\gasper-studio-total-cartography-2026-07-18\live\projection-resync.json","4"
"structured",".json","14520","2026-08-01T13:04:12.8767552-04:00","4E79C6E0FF363F5D0379C81B8689C9A8BBD7F6BC311A69311F5675612E6E3BE5","C:\Users\funny\Documents\AgentBridge-worktrees\gasper-vec901-903-proof-prep-20260801","artifacts\designops\gasper-studio-total-cartography-2026-07-18\live\projection-refresh-via-ui.json","4"
"structured",".json","1229465","2026-08-01T13:04:12.8761966-04:00","8F8DD6D1280777B1AED148DC76C8EBA509DA46C3EFD5CA1AC2EBBAF4AE840F1D","C:\Users\funny\Documents\AgentBridge-worktrees\gasper-vec901-903-proof-prep-20260801","artifacts\designops\gasper-studio-total-cartography-2026-07-18\live\object-index.json","4"
"structured",".json","163258","2026-08-01T13:04:12.8740177-04:00","9991F08546648BC38F0183B28D20B86FA8DB6A58B2707A0044482A7B0BF2B2DA","C:\Users\funny\Documents\AgentBridge-worktrees\gasper-vec901-903-proof-prep-20260801","artifacts\designops\gasper-studio-total-cartography-2026-07-18\live\interactive-index.json","4"
"structured",".json","63772","2026-08-01T13:04:12.8709038-04:00","98CF7AA25C1F2B7DA710701D6C11756FB15E983E9452365073F7B84C4DF164C8","C:\Users\funny\Documents\AgentBridge-worktrees\gasper-vec901-903-proof-prep-20260801","artifacts\designops\gasper-studio-total-cartography-2026-07-18\live\focus-index.json","4"
"structured",".json","4505","2026-08-01T13:04:12.8692731-04:00","09D30AC636629FDBA7D74D4633A3FB1859294ED97C02B6F03625BDB65975256E","C:\Users\funny\Documents\AgentBridge-worktrees\gasper-vec901-903-proof-prep-20260801","artifacts\designops\gasper-studio-total-cartography-2026-07-18\live\editor-state.json","4"
"structured",".json","1864","2026-08-01T13:04:12.8687127-04:00","8B8B5B76BFD6A2771F954D0BEA4B3B23D73AB37D89B7BAFD736A7749EA023F2D","C:\Users\funny\Documents\AgentBridge-worktrees\gasper-vec901-903-proof-prep-20260801","artifacts\designops\gasper-studio-total-cartography-2026-07-18\live\discovery-summary.json","4"
"structured",".json","6178","2026-08-01T13:04:12.8681973-04:00","9BDAFC891227E19C373BACE0BAAB08C66214179CA78B69A9DEFCECB8CCE88DE7","C:\Users\funny\Documents\AgentBridge-worktrees\gasper-vec901-903-proof-prep-20260801","artifacts\designops\gasper-studio-total-cartography-2026-07-18\live\dais-inspection.json","4"
"structured",".json","49264","2026-08-01T13:04:12.8613733-04:00","35B1E864AD5C3167B040C7E74E8760E660E91E7A05EE2F3A3A08349A2D4B9201","C:\Users\funny\Documents\AgentBridge-worktrees\gasper-vec901-903-proof-prep-20260801","artifacts\designops\gasper-studio-total-cartography-2026-07-18\alignment\VISION_GAP_LEDGER.json","4"
"structured",".json","290893","2026-08-01T13:04:12.8603144-04:00","ABBC7D389AA4F1584914B27F2D2D782F59194275642B38D632927EBB4C59957C","C:\Users\funny\Documents\AgentBridge-worktrees\gasper-vec901-903-proof-prep-20260801","artifacts\designops\gasper-studio-total-cartography-2026-07-18\alignment\SOURCE_ONLY_OBJECTS.json","4"
"structured",".json","1174241","2026-08-01T13:04:12.8592284-04:00","1AB1D54F54A626D757F22F58943A296B9C0C6A55B9FC34B9C0A14D8D3B6B4BC7","C:\Users\funny\Documents\AgentBridge-worktrees\gasper-vec901-903-proof-prep-20260801","artifacts\designops\gasper-studio-total-cartography-2026-07-18\alignment\MASTER_OBJECT_REGISTRY.json","4"
"structured",".json","77189","2026-08-01T13:04:12.8567238-04:00","170A43DA3F33CB53F879C0C358CEF7A47309667EA1644D612DC3394103D7D711","C:\Users\funny\Documents\AgentBridge-worktrees\gasper-vec901-903-proof-prep-20260801","artifacts\designops\gasper-studio-total-cartography-2026-07-18\alignment\INTERACTION_TEST_MATRIX.json","4"
"structured",".json","6770","2026-08-01T13:04:12.7969552-04:00","030D8DE947884438C65EE446185FD1240D1A07A4E0431C87CB855F492AEFB067","C:\Users\funny\Documents\AgentBridge-worktrees\gasper-vec901-903-proof-prep-20260801","artifacts\designops\gasper-studio-first-principles-audit-2026-07-17\clickthrough-summary.json","4"
"structured",".json","51700","2026-08-01T13:04:12.7954439-04:00","88BC2E3C401E0913B5ECE0AEABC7C22293E7D3FAC942783A934AD060D8BDE99E","C:\Users\funny\Documents\AgentBridge-worktrees\gasper-vec901-903-proof-prep-20260801","artifacts\designops\gasper-studio-first-principles-audit-2026-07-17\07-final-design.json","4"
"structured",".json","47862","2026-08-01T13:04:12.7954439-04:00","6DD508CD81B55028FE688E7A6C0CD70FF53CAC35C63E99E4EACB7FF20F68F821","C:\Users\funny\Documents\AgentBridge-worktrees\gasper-vec901-903-proof-prep-20260801","artifacts\designops\gasper-studio-first-principles-audit-2026-07-17\06-recent-menu.json","4"
"structured",".json","59562","2026-08-01T13:04:12.7939389-04:00","564A10D3949FE2CC318E11B1CA662729ED206B575A712BE0020FF06B3D062F89","C:\Users\funny\Documents\AgentBridge-worktrees\gasper-vec901-903-proof-prep-20260801","artifacts\designops\gasper-studio-first-principles-audit-2026-07-17\04-animate.json","4"
"structured",".json","46827","2026-08-01T13:04:12.7939389-04:00","4DE6CD9B880BAF1A441882DCE8D113E7C7DA37E926BBF6184ED6F6D6DDC642F0","C:\Users\funny\Documents\AgentBridge-worktrees\gasper-vec901-903-proof-prep-20260801","artifacts\designops\gasper-studio-first-principles-audit-2026-07-17\05-behavior.json","4"
"structured",".json","51728","2026-08-01T13:04:12.7929324-04:00","8D2F948C1FE9C975E217E917AE9D30085CE8D818E89076847118B70BBAD48910","C:\Users\funny\Documents\AgentBridge-worktrees\gasper-vec901-903-proof-prep-20260801","artifacts\designops\gasper-studio-first-principles-audit-2026-07-17\03-stage-runtime.json","4"
"structured",".json","51730","2026-08-01T13:04:12.7914254-04:00","61401DA7DE3633E669236038790A2C89EC81563488F5206400BB48DE98236B07","C:\Users\funny\Documents\AgentBridge-worktrees\gasper-vec901-903-proof-prep-20260801","artifacts\designops\gasper-studio-first-principles-audit-2026-07-17\03-stage-author.json","4"
"structured",".json","51728","2026-08-01T13:04:12.7914254-04:00","6A7D997CB753A8407F180A4BA4A8C5AAB868AEF56BA3EEC65C276DFF933C98F2","C:\Users\funny\Documents\AgentBridge-worktrees\gasper-vec901-903-proof-prep-20260801","artifacts\designops\gasper-studio-first-principles-audit-2026-07-17\03-stage-preview.json","4"
"structured",".json","51733","2026-08-01T13:04:12.7904203-04:00","85AAA895283AB21AF1B0385599ADE356A4B13900A4D1E854358E1DEB2F66E89A","C:\Users\funny\Documents\AgentBridge-worktrees\gasper-vec901-903-proof-prep-20260801","artifacts\designops\gasper-studio-first-principles-audit-2026-07-17\02-design-material.json","4"
"structured",".json","52149","2026-08-01T13:04:12.7894213-04:00","E2645C7515B26F74DE3B5FAE338DA61645CE9181BBEE5BCCCE5F29D29C659769","C:\Users\funny\Documents\AgentBridge-worktrees\gasper-vec901-903-proof-prep-20260801","artifacts\designops\gasper-studio-first-principles-audit-2026-07-17\02-design-form.json","4"
"structured",".json","52550","2026-08-01T13:04:12.7884223-04:00","A83A42C5C83D5D4F86D2D265C4207E5341DB63025084AF4D0EBEC71A57BD3DC7","C:\Users\funny\Documents\AgentBridge-worktrees\gasper-vec901-903-proof-prep-20260801","artifacts\designops\gasper-studio-first-principles-audit-2026-07-17\02-design-face.json","4"
"structured",".json","52136","2026-08-01T13:04:12.7859010-04:00","8F3C9D98FF774D438C1AFFEEBD36D0A452D48677E3395C24AF13FC4907B3B620","C:\Users\funny\Documents\AgentBridge-worktrees\gasper-vec901-903-proof-prep-20260801","artifacts\designops\gasper-studio-first-principles-audit-2026-07-17\01-design.json","4"
"structured",".json","59659","2026-08-01T13:04:12.7843946-04:00","23011349010F782F7BAA3DDCBCC3678BD10327E701E881A0EBC7170FB4021D60","C:\Users\funny\Documents\AgentBridge-worktrees\gasper-vec901-903-proof-prep-20260801","artifacts\designops\gasper-studio-first-principles-audit-2026-07-17\00-initial.json","4"
"structured",".jsonl","680","2026-08-01T13:04:12.7763660-04:00","136436B2710826374E03B2EEE0C41E5752393482A42A9DFA308DAABC5551CE9F","C:\Users\funny\Documents\AgentBridge-worktrees\gasper-vec901-903-proof-prep-20260801",".triforce\events.jsonl","4"
"structured",".json","756","2026-08-01T13:04:12.7743543-04:00","7A603EB4CD66EF57412D098399ABA3E99E53651AE328871219CFB9969778F8A3","C:\Users\funny\Documents\AgentBridge-worktrees\gasper-vec901-903-proof-prep-20260801",".planops\packets\pkt-9500ad30b8.json","12"
"structured",".json","551","2026-08-01T13:04:12.7743543-04:00","D5C76DA18738D38E423C83E883B60189B04776F53C1C5AEC5F5D07D06AF55690","C:\Users\funny\Documents\AgentBridge-worktrees\gasper-vec901-903-proof-prep-20260801",".planops\packets\wake-gasper-real-work.json","4"
"structured",".json","903","2026-08-01T13:04:12.7733543-04:00","97D2BBCEBF4F02EB7DE4DECB3C89C5A51D782BA2FF4D2F0CACC42C50AE0EDCD7","C:\Users\funny\Documents\AgentBridge-worktrees\gasper-vec901-903-proof-prep-20260801",".planops\packets\pkt-94bc47397b.json","12"
"structured",".json","534","2026-08-01T13:04:12.7733543-04:00","CCA52C4344E382065C0F15BE4E18A20937A5D6E0D83CF1352F61542E936C2F12","C:\Users\funny\Documents\AgentBridge-worktrees\gasper-vec901-903-proof-prep-20260801",".planops\packets\pkt-3d2526a6ed.json","12"
"structured",".json","756","2026-08-01T13:04:12.7723540-04:00","0D858779E1600F873E4B5CA15E4FC019176DA9F272F6855E44AF6D38D1AD9A4A","C:\Users\funny\Documents\AgentBridge-worktrees\gasper-vec901-903-proof-prep-20260801",".planops\packets\pkt-00275742f6.json","12"
"structured",".json","786","2026-08-01T13:04:12.7723540-04:00","A198AEE6CD7E7E64ECEAAAD64221483BCF8473D519C72D281CB0E0A4278EB89F","C:\Users\funny\Documents\AgentBridge-worktrees\gasper-vec901-903-proof-prep-20260801",".planops\packets\mandate-gasper-real-work.json","4"
"structured",".json","458","2026-08-01T13:04:12.7712287-04:00","C806FCF4B7C10FD1B24C072376B574DD5774D19606353D1A35A4F8DFB97D018F","C:\Users\funny\Documents\AgentBridge-worktrees\gasper-vec901-903-proof-prep-20260801",".planops\packets\decompose-gasper-real-work.json","4"
"structured",".json","730","2026-08-01T13:04:12.7702287-04:00","E0C83059AD7BC192287E917D74661306F7C1BBD4E66878D2DADB47360AFCE9BF","C:\Users\funny\Documents\AgentBridge-worktrees\gasper-vec901-903-proof-prep-20260801",".planops\packets\compile-gasper-real-work.json","4"
"structured",".json","775","2026-08-01T13:04:12.7692295-04:00","E7DD5865426A3B362053ED460BB5734E971CE30C9C7C106C6B9BC57987B4C916","C:\Users\funny\Documents\AgentBridge-worktrees\gasper-vec901-903-proof-prep-20260801",".planops\packets\block-ch01-visual.json","4"
"structured",".json","926","2026-08-01T13:04:12.7682296-04:00","8DEDF1DAFD68D6D9A94DB01E49C28DD9E032589BE8FD4B37A6A45E7BB892FB47","C:\Users\funny\Documents\AgentBridge-worktrees\gasper-vec901-903-proof-prep-20260801",".planops\packets\align-gasper-real-work.json","4"
"structured",".json","113","2026-08-01T13:04:12.7641129-04:00","6CAB880277D542C778C7B454BB3698115B00B750BD292F7D0FF723918DBCBBCC","C:\Users\funny\Documents\AgentBridge-worktrees\gasper-vec901-903-proof-prep-20260801",".planops\leases\user.json","4"
"structured",".json","115","2026-08-01T13:04:12.7631139-04:00","E5FD7070C489E84D3EC375CF18D789FFB630D34B25103DE5936FC273B66DE745","C:\Users\funny\Documents\AgentBridge-worktrees\gasper-vec901-903-proof-prep-20260801",".planops\leases\overseer.json","4"
"structured",".json","117","2026-08-01T13:04:12.7621141-04:00","713192DDE5AEFF1CD0785ED28E4E85363195B72876B1D1D190A81E13748F97F3","C:\Users\funny\Documents\AgentBridge-worktrees\gasper-vec901-903-proof-prep-20260801",".planops\leases\architect.json","4"
"structured",".jsonl","1750","2026-08-01T13:04:12.7575994-04:00","79CD7A3E17689E2F9F9E57676541515AB4ED1711F0960AF18F41E7D151431FD2","C:\Users\funny\Documents\AgentBridge-worktrees\gasper-vec901-903-proof-prep-20260801",".planops\events.jsonl","4"
"structured",".json","58458","2026-08-01T12:22:55.8824998-04:00","ED3819DBA601F046E0919A5FE50669E554FFDCEC2CCA124F8D5A720D7231BD4A","C:\Users\funny\Documents\AgentBridge-worktrees\gasper-vec801-802-turbo-20260801",".vec802-scan-debug2.json","1"
"structured",".json","41755","2026-08-01T12:17:53.4859289-04:00","CF0AACCA5541EB6EB4E50B3A6786C7EAFDF392059C5FFE02E6005692BF9A214A","C:\Users\funny\Documents\AgentBridge-worktrees\gasper-vec801-802-turbo-20260801",".vec802-cumulative-green1.json","1"
"structured",".json","1536","2026-08-01T12:17:51.5319068-04:00","7D191AAD51B0CA208C983555654730F13CC0720BFC980024BCE9556C74A9B794","C:\Users\funny\Documents\AgentBridge-worktrees\gasper-vec801-802-turbo-20260801","artifacts\hyperthread\evidence\GASPER-VECTOR-ORGANISM-COMPLETION-2026-07-31\VEC-201\RECEIPT.json","1"
"structured",".json","22647","2026-08-01T12:17:49.7527657-04:00","A550D4251C2A7B94A2806708ACD15D6BF02188FA0DA5EB0012DAA0F228383A72","C:\Users\funny\Documents\AgentBridge-worktrees\gasper-vec801-802-turbo-20260801",".vec802-focused-green1.json","1"
"structured",".json","39698","2026-08-01T12:17:45.3127566-04:00","F05FAD831F5462114C2C62DC81F9F6195977DB85CCC616E31673CA0355894866","C:\Users\funny\Documents\AgentBridge-worktrees\gasper-vec801-802-turbo-20260801","packages\desktop\src\gasper\contracts\GASPER_ARCHITECTURE_LOCK.json","1"
"structured",".json","17434","2026-08-01T12:11:21.8206693-04:00","B4ADB019EF0D1E069209962524E4723FB928ED16F046D7B1D3CE0C21552F9572","C:\Users\funny\Documents\AgentBridge-worktrees\gasper-vec801-802-turbo-20260801",".vec802-focused-red.json","1"
"structured",".json","47204","2026-08-01T12:03:59.4817327-04:00","F70D79872D2A457586353D78BB7B12B625083D90BE54281DF8CA8ECEAEEA3093","C:\Users\funny\Documents\AgentBridge-worktrees\gasper-vec801-802-turbo-20260801",".vec802-scan-red.json","1"
"structured",".json","45536","2026-08-01T12:03:59.1479784-04:00","1DAAC134349DFB8E6F1F6679D7D241584260BC34789C579B301F00DEA236F468","C:\Users\funny\Documents\AgentBridge-worktrees\gasper-vec801-802-turbo-20260801",".vec802-cumulative-red.json","1"
"structured",".json","47372","2026-08-01T11:40:51.5922781-04:00","B2EDDA23EAC7C870429BD1440DEAFB50C2A451E2CBD6F969BCB34448E4873846","C:\Users\funny\Documents\AgentBridge-worktrees\gasper-vec801-802-turbo-20260801",".vec801-members.json","1"
"structured",".json","12457","2026-08-01T11:38:53.2044949-04:00","A240F7991C98E6AC11808C032D8842D085816D48FE4DAD50AA3A91FBB8DDD4E3","C:\Users\funny\Documents\AgentBridge-worktrees\gasper-vec801-802-turbo-20260801","artifacts\hyperthread\evidence\GASPER-VECTOR-ORGANISM-COMPLETION-2026-07-31\VEC-302\no-raster-gate.json","1"
"structured",".json","12457","2026-08-01T11:38:53.1932417-04:00","A63CAD3C985D9148D178A4ADC485DE11A93228B9755CC3B650D3CF5EE25E15DD","C:\Users\funny\Documents\AgentBridge-worktrees\gasper-vec801-802-turbo-20260801","artifacts\hyperthread\evidence\GASPER-VECTOR-ORGANISM-COMPLETION-2026-07-31\VEC-301\no-raster-gate.json","1"
"structured",".json","60","2026-08-01T11:38:53.1907127-04:00","44B77769D6ECDC2704F79E843A6235B8A028E00457CFB088BCC2861D1460AE32","C:\Users\funny\Documents\AgentBridge-worktrees\gasper-vec801-802-turbo-20260801","artifacts\hyperthread\evidence\GASPER-VECTOR-ORGANISM-COMPLETION-2026-07-31\VEC-301\forbidden-api-scan.json","2"
"structured",".json","214","2026-08-01T02:10:20.6713965-04:00","C17C485DC81522EB5B7CB44A4054A51CB4D9633426748ED33A26812552BA7C79","C:\Users\funny\Documents\AgentBridge-worktrees\gasper-vec501-turbo-20260801","crates\gasper-studio\frontend-build-stamp.json","1"
"structured",".json","7255","2026-08-01T02:09:58.7804391-04:00","920DF4D29F99972F2E352D76D4B7C6E54A9AB7AF3B48FDDBA650543325050C47","C:\Users\funny\Documents\AgentBridge-worktrees\gasper-vec501-turbo-20260801","artifacts\hyperthread\evidence\GASPER-VECTOR-ORGANISM-COMPLETION-2026-07-31\VEC-301\hashes.json","2"
"structured",".json","15215","2026-08-01T02:09:58.7784382-04:00","434CDC4890BBA68D5820D035B9FE219AB0F47C6A3CCDEB405EB549DFCFD4F697","C:\Users\funny\Documents\AgentBridge-worktrees\gasper-vec501-turbo-20260801","artifacts\hyperthread\evidence\GASPER-VECTOR-ORGANISM-COMPLETION-2026-07-31\VEC-301\no-raster-gate.json","1"
"structured",".json","15215","2026-08-01T02:09:58.7744337-04:00","F23E78505C180454E1AADD3D54C0C8041995C36E5BC356FF1D9D5A28D81AAE2E","C:\Users\funny\Documents\AgentBridge-worktrees\gasper-vec501-turbo-20260801","artifacts\hyperthread\evidence\GASPER-VECTOR-ORGANISM-COMPLETION-2026-07-31\VEC-302\no-raster-gate.json","1"
"structured",".json","1536","2026-08-01T02:09:58.6757842-04:00","40246BA85097EE6C208FBCEE5C5A5D2D044ABCEE3B5C76EB4F3296F4B97E7D6C","C:\Users\funny\Documents\AgentBridge-worktrees\gasper-vec501-turbo-20260801","artifacts\hyperthread\evidence\GASPER-VECTOR-ORGANISM-COMPLETION-2026-07-31\VEC-201\RECEIPT.json","1"
"structured",".json","23469","2026-08-01T02:00:23.3085106-04:00","0C4C6139F463F2897A4231F3798E7A7D3840801223EC93F967B51AF34CEF12EA","C:\Users\funny\Documents\AgentBridge-worktrees\gasper-vec501-turbo-20260801","packages\desktop\src\gasper\contracts\GASPER_ARCHITECTURE_LOCK.json","1"
"structured",".json","213","2026-07-31T17:13:06.6842843-04:00","689791F2F67DF5D97E97BDDE310D9D3CBD5C2DA2DD508BA3AEE1C86CC1AEF1D1","C:\Users\funny\Documents\AgentBridge-worktrees\gasper-current-001","crates\gasper-studio\frontend-build-stamp.json","1"
"structured",".json","843","2026-07-31T03:02:29.1294793-04:00","BDF18AD1995320F97B5D6799060E91BBE23E05254617FDA1164EB3AD32D9083D","C:\Users\funny\Documents\AgentBridge-worktrees\gasper-current-001","packages\gasper-studio\package.json","1"
"structured",".json","4208","2026-07-31T03:02:28.8504265-04:00","48AFE8FAF66D719663B739625F6FABC5B74FB353DCC8996DB48770C810B804F4","C:\Users\funny\Documents\AgentBridge-worktrees\gasper-current-001","package.json","1"
"structured",".json","757","2026-07-24T00:51:15.5980427-04:00","2F50EBB2621C962FA5589559809E809EBA2FDC8D433341C6DB12D402766EEA11","C:\Users\funny\Documents\RECOVERY-VAULT-GasperStudio-pre-reconcile-2026-07-26","package.json","1"
"structured",".json","3023","2026-07-23T01:22:16.7067350-04:00","5F8E94162CFD5879FBCE3F71953E3182ADA511A3946CCCE03FACA8F2F36036A0","C:\Users\funny\Documents\Gasper-Baseline-Fallback-2026-07-22","MANIFEST.json","1"
"structured",".json","957","2026-07-22T03:27:45.5961419-04:00","E323318F34BBD56C262C13E8ACC2390EF6CFEB980B9448622898906942A4AAC2","C:\Users\funny\Documents\RECOVERY-VAULT-GasperStudio-pre-reconcile-2026-07-26","crates\gasper-studio\last-build-identity.json","1"
"structured",".json","1572","2026-07-22T02:42:04.6574306-04:00","6F5DC994F8FA62D9BD7A9D5FBA5DDC3D070441800E353A8A4375EFB5390CC055","C:\Users\funny\Documents\RECOVERY-VAULT-GasperStudio-pre-reconcile-2026-07-26","packages\shared\package.json","1"
"structured",".json","952","2026-07-17T13:42:19.3946455-04:00","81998EBAF767CC619DB3EC303010AF4DF3201B8FC60AD0E3C540A2268FB54B55","C:\Users\funny\Documents\RECOVERY-VAULT-GasperStudio-pre-reconcile-2026-07-26","crates\gasper-studio\tauri.conf.json","1"
"structured",".json","229","2026-07-17T00:51:06.9183469-04:00","47D9D6E698EE2521306825C613E08190FF65CFB1A77F38D9C602205CFBD21290","C:\Users\funny\Documents\RECOVERY-VAULT-GasperStudio-pre-reconcile-2026-07-26","packages\shared\src\gasper-performance\grammar\README.json","1"
"source_or_tool",".tsx","2719","2026-08-03T03:21:45.7128206-04:00","C44AE62952033C91F7D2A07A43E7E815979592D431CC18AE0652709A7DD00349","C:\Users\funny\Documents\Codex\2026-08-03\f\outputs\gasper-unified-field-readout-packet","UnifiedFieldReadout.tsx","1"
"source_or_tool",".ts","1121","2026-08-02T18:37:38.0055153-04:00","63C53115708CAFD36A5CE9F08A873C67A987E1B754724D2EE95F50ABEBCCDB7D","C:\Users\funny\Documents\GasperStudio-migration-stage","packages\studio-protocol\src\animation-v2\index.ts","1"
"source_or_tool",".ts","18565","2026-08-02T18:37:37.9954075-04:00","91C4C236C61160E29BAA7CADF29664464C7F5F6E7836C58B6B771D936C8E293F","C:\Users\funny\Documents\GasperStudio-migration-stage","packages\gasper-studio\src\http-bridge-client.ts","1"
"source_or_tool",".ts","3247","2026-08-02T18:37:37.9909001-04:00","7D848EF2F4CA77B06A1E44A748DC613BD396347E134F56C81F0AA7C7F8B96CAC","C:\Users\funny\Documents\GasperStudio-migration-stage","packages\gasper-studio\src\pilot\mountPackagedPilotHost.ts","1"
"source_or_tool",".tsx","2426","2026-08-02T18:37:37.9807936-04:00","F3C8E95B7DFEABE2EAC9B7C79708626DE5C1F0CE9F95BD4019D200AA3526857B","C:\Users\funny\Documents\GasperStudio-migration-stage","packages\gasper-studio\src\affect-lab\AffectLabPanel.tsx","1"
"source_or_tool",".ts","14828","2026-08-02T18:37:37.9092251-04:00","0C2BB81C8D236F90325BFBD7EEC090B3007B3015FAB0D299FDDDD8AB7B535381","C:\Users\funny\Documents\GasperStudio-migration-stage","packages\desktop\src\gasper\pilot\studioPilotAdapter.ts","1"
"source_or_tool",".ts","7225","2026-08-02T18:37:37.9082254-04:00","8597F0C0959B9D4FC1E7F5F855F2D5ABDB35F028C0038871E700CCCCCED9AE0A","C:\Users\funny\Documents\GasperStudio-migration-stage","packages\desktop\src\gasper\pilot\handoffPolicy.ts","1"
"source_or_tool",".ts","4287","2026-08-02T18:37:37.9059081-04:00","FD1A15EDDDA097746A159B079DFB86A0DCCDDD39242BFE2845676931E57E4A01","C:\Users\funny\Documents\GasperStudio-migration-stage","packages\desktop\src\gasper\pilot\GasperPilotHost.ts","1"
"source_or_tool",".ts","42906","2026-08-02T18:06:49.0000000-04:00","C647FF4999B9B099CD3D410C222B9F4C31EAB26F802E9F01723E1205A04BCC3B","C:\Users\funny\Documents\GasperStudio-migration-stage","packages\desktop\src\gasper\GasperRenderMixer.ts","3"
"source_or_tool",".ts","10002","2026-08-02T18:06:49.0000000-04:00","B5D39D01AA9DBF20F082225A2DC18F0880838DF75089F90594C4DFE7BF06D177","C:\Users\funny\Documents\GasperStudio-migration-stage","packages\desktop\src\gasper\controller\livingIntent.ts","1"
"source_or_tool",".ts","4379","2026-08-02T18:06:49.0000000-04:00","BB68C8EC31910EBD547AC628A79DF40EB885B0E46CEA7921C4A75E10E19C408B","C:\Users\funny\Documents\GasperStudio-migration-stage","packages\shared\src\gasper-animation\evaluate.ts","6"
"source_or_tool",".ts","6883","2026-08-02T18:06:49.0000000-04:00","E3142C7DD83DEAD92356F1F7E16159BF4DDB2141A1778BAA05A4990D832CF5A8","C:\Users\funny\Documents\GasperStudio-migration-stage","packages\desktop\src\gasper\eight-state-loop\loop-manifest.ts","1"
"source_or_tool",".ts","655","2026-08-02T18:06:49.0000000-04:00","833E065007D493518D513520690E871DA9B5A1A24D93752894F1CF16CBC7FA3B","C:\Users\funny\Documents\GasperStudio-migration-stage","packages\desktop\src\gasper\eight-state-loop\index.ts","1"
"source_or_tool",".tsx","49856","2026-08-02T18:06:49.0000000-04:00","55C0FDFEEEE48BD08A23F08A2EF68DCF59D007BC155192FB4B7733DA4D5A2D16","C:\Users\funny\Documents\GasperStudio-migration-stage","packages\desktop\src\gasper\GasperDaisStage.tsx","1"
"source_or_tool",".ts","7697","2026-08-02T18:06:49.0000000-04:00","A593178C089D0CCF89C569CEE4722E6C687339F97F709ACEE2C2AF2AAFD59416","C:\Users\funny\Documents\GasperStudio-migration-stage","packages\desktop\src\gasper\eight-state-loop\types.ts","1"
"source_or_tool",".ts","39040","2026-08-02T18:06:49.0000000-04:00","CB710665B77D6E8FB1F6EA110845A50422D7BCBC43216C2A49DAEC6009A38154","C:\Users\funny\Documents\GasperStudio-migration-stage","packages\gasper-studio\src\createProductionWorldClassAdapter.ts","1"
"source_or_tool",".js","7631","2026-08-02T18:06:49.0000000-04:00","EE8F342806A69EB69159CA413761C70500FD1AA330925B5D6800BEA51D101F09","C:\Users\funny\Documents\GasperStudio-migration-stage","packages\desktop\src\gasper\assets\vector-material.js","1"
"source_or_tool",".ts","31647","2026-08-02T18:06:49.0000000-04:00","13AAD245D0AED32B43DBC0BA4DBD51CC5B965C7A509A937A95DDAA1DCBE995F5","C:\Users\funny\Documents\GasperStudio-migration-stage","packages\desktop\src\gasper\eight-state-loop\EightStateLoopController.ts","1"
"source_or_tool",".ts","5685","2026-08-02T18:06:49.0000000-04:00","DF29FE912D0806094501BDB9F7E16E3CE725F5E4728D1CC6AD2B2EAF3C4791B4","C:\Users\funny\Documents\GasperStudio-migration-stage","packages\desktop\src\gasper\projection\CanonicalProductionField.ts","1"
"source_or_tool",".ts","21760","2026-08-02T18:06:49.0000000-04:00","3CE8B182F809F63FBD0410AF5F8998E520F9A0281348E913771DC278CF9201C3","C:\Users\funny\Documents\GasperStudio-migration-stage","packages\desktop\src\gasper\living\GasperLivingFacialAuthority.ts","1"
"source_or_tool",".ts","517","2026-08-02T18:06:49.0000000-04:00","62DDCD067C0A20A0DC8A3E7B49BBCFD381C68E9AD3CD3310D20B400CFFB0080A","C:\Users\funny\Documents\GasperStudio-migration-stage","packages\desktop\src\gasper\physics\index.ts","1"
"source_or_tool",".ts","12923","2026-08-02T18:06:49.0000000-04:00","94BE22BC1233F650928A0A3B1CBE19A48596DBE4EC5714A72CBD45E9DE507707","C:\Users\funny\Documents\GasperStudio-migration-stage","packages\desktop\src\gasper\physics\GasperUnifiedTheory.ts","1"
"source_or_tool",".ts","62041","2026-08-02T18:06:49.0000000-04:00","7B4210DDBC9C6C2E920C2FA9881875A21632C03F27FC894ED2FCDA32C248A36B","C:\Users\funny\Documents\GasperStudio-migration-stage","packages\desktop\src\gasper\GasperLivingRuntime.ts","1"
"source_or_tool",".ts","72426","2026-08-02T18:06:49.0000000-04:00","EC8BF46C924A2350355A06577A517CA65DD68717DA907B40C7D1B228C201C79B","C:\Users\funny\Documents\GasperStudio-migration-stage","packages\desktop\src\gasper\GasperRigController.ts","1"
"source_or_tool",".svg","34461","2026-08-02T18:06:49.0000000-04:00","238A3B0B4B7ACD6001E731DE4F6B1A7A6081AD33E42A0765C69E474233C79958","C:\Users\funny\Documents\GasperStudio-migration-stage","packages\desktop\src\gasper\assets\gasper-rig-v655.svg","1"
"source_or_tool",".ts","33550","2026-08-02T18:06:49.0000000-04:00","1E9CE6BC7D2A94ACD9BFA5F3A1E7DC6239E5A1597ECF92A958220A923A80B87F","C:\Users\funny\Documents\GasperStudio-migration-stage","packages\desktop\src\gasper\GasperDocument.ts","1"
"source_or_tool",".ts","4502","2026-08-02T18:06:49.0000000-04:00","2071C89660AE78FCA75DBF0CBFD3E559092AA973D1C65FF3BC90765F7FEF36F6","C:\Users\funny\Documents\GasperStudio-migration-stage","packages\desktop\src\gasper\physics\GasperUnifiedAudio.ts","1"
"source_or_tool",".js","362434","2026-08-02T18:06:49.0000000-04:00","2078E9032E61E671955408F5008E1EE074A96FB2435D15C24E76BF4F6A9DD9AA","C:\Users\funny\Documents\GasperStudio-migration-stage","packages\desktop\src\gasper\assets\all-script-3.js","1"
"source_or_tool",".css","15224","2026-08-02T18:06:49.0000000-04:00","7755A3A95F74B139C4CC368218DD67C8F2CC3723A8196E349AC08B1F7CAEE607","C:\Users\funny\Documents\GasperStudio-migration-stage","packages\gasper-studio\src\dais-first\daisFirst.css","5"
"source_or_tool",".tsx","22787","2026-08-02T18:06:49.0000000-04:00","DAA77558D73C66B88D052152F7878EA34F8F5CD08A1B6E5F709A4CCF04D72B01","C:\Users\funny\Documents\GasperStudio-migration-stage","packages\gasper-studio\src\dais-first\DaisControlRail.tsx","5"
"source_or_tool",".ts","6407","2026-08-02T18:06:49.0000000-04:00","9B5DB6307E8E327A72BAB1303473AB05DAFFE23EDDDAFC0282A3187DFD8E33CE","C:\Users\funny\Documents\GasperStudio-migration-stage","packages\desktop\src\gasper\GasperViewportController.ts","5"
"source_or_tool",".ts","7777","2026-08-02T18:06:49.0000000-04:00","14CD3089AF2D98903888CF1B0605AAAAB093E4A611B250685F19B185456663D8","C:\Users\funny\Documents\GasperStudio-migration-stage","packages\gasper-studio\src\operational\lifecycle.ts","5"
"source_or_tool",".ts","9201","2026-08-02T18:06:49.0000000-04:00","B45704E7490DF6DC0236F976094EDAE0F2B052D7884BC212A303F156244D2151","C:\Users\funny\Documents\GasperStudio-migration-stage","packages\gasper-studio\src\expression\daisManipulation.ts","5"
"source_or_tool",".ts","6373","2026-08-02T18:06:49.0000000-04:00","B7B4D580EFFC46EC5A56547B2DEFD3A078276154576A2EBCA95B6FB915A0E376","C:\Users\funny\Documents\GasperStudio-migration-stage","packages\desktop\src\gasper\controller\legacyFormMasterPolicy.ts","1"
"source_or_tool",".ts","32411","2026-08-02T18:06:49.0000000-04:00","77A284768B10E13B485A122217131EBE50B051E91F406B36922C1C23E850CED8","C:\Users\funny\Documents\GasperStudio-migration-stage","packages\desktop\src\gasper\GasperExpressionProjector.ts","5"
"source_or_tool",".ts","14845","2026-08-02T18:06:49.0000000-04:00","86C9223F7DBCB7015A0885EA203C26C6529E2CB6A7E5DACDD25683F2B1BE577F","C:\Users\funny\Documents\GasperStudio-migration-stage","packages\gasper-studio\src\dais-first\daisFirstControls.ts","5"
"source_or_tool",".ts","213","2026-08-01T13:04:50.9974122-04:00","FD5FD3408F3AD3A1B96126803A4BA139FD71A695806BB46695884853B69F3A07","C:\Users\funny\Documents\AgentBridge-worktrees\gasper-vec901-903-proof-prep-20260801","vitest.cross-process.config.ts","4"
"source_or_tool",".ts","196","2026-08-01T13:04:50.9963343-04:00","6BC857BBCAA25DA83C6171CA08DD9A0296FECFC8ED13AB39087644DFF4AFCD07","C:\Users\funny\Documents\AgentBridge-worktrees\gasper-vec901-903-proof-prep-20260801","vitest.config.ts","5"
"source_or_tool",".html","3172","2026-08-01T13:04:50.9953294-04:00","A3D603607BDFEB7C41E03143956A86F5751E420A9134AB1B1242066BD2478F88","C:\Users\funny\Documents\AgentBridge-worktrees\gasper-vec901-903-proof-prep-20260801","visual-qa-final-review.html","4"
"source_or_tool",".html","3165","2026-08-01T13:04:50.9938198-04:00","307E8BB7A744BBA8E6E2F5EDB8EA0547C31ADCB97D83D91A1CB07EF014E94B57","C:\Users\funny\Documents\AgentBridge-worktrees\gasper-vec901-903-proof-prep-20260801","visual-qa-clean-review.html","4"
"source_or_tool",".html","2866","2026-08-01T13:04:50.9938198-04:00","76240C7215276E4978585593DB8B8DDE1E4EFF64F40996EBF56D3928405233C4","C:\Users\funny\Documents\AgentBridge-worktrees\gasper-vec901-903-proof-prep-20260801","visual-qa-current-review.html","4"
"source_or_tool",".ts","254","2026-08-01T13:04:50.9913160-04:00","77E16BD70B7001BC6B6E58F777D6B42C143BA5DE53BECCFB9139BF37D67DE82B","C:\Users\funny\Documents\AgentBridge-worktrees\gasper-vec901-903-proof-prep-20260801","tests\ui\gasper-worldclass-shell\vitest.config.ts","4"
"source_or_tool",".ts","1416","2026-08-01T13:04:50.9903164-04:00","2FF1AF632537AAAB10D6F7DCAE27FD2CC824F8B86CBE5ADA8E0156687698B6B9","C:\Users\funny\Documents\AgentBridge-worktrees\gasper-vec901-903-proof-prep-20260801","tests\ui\gasper-worldclass-shell\timeline-math.test.ts","4"
"source_or_tool",".ts","5177","2026-08-01T13:04:50.9893155-04:00","B85BA0D2826444FD733424819129354F1BFFA6F25C6CE5840FB042C326C52370","C:\Users\funny\Documents\AgentBridge-worktrees\gasper-vec901-903-proof-prep-20260801","tests\ui\gasper-worldclass-shell\synthetic-adapter.test.ts","4"
"source_or_tool",".ts","5455","2026-08-01T13:04:50.9879598-04:00","18798AF6E9BDBBCA6FA6C6F4CCC494B7A023E2C5240D66DFA0B7D3BABF99BB62","C:\Users\funny\Documents\AgentBridge-worktrees\gasper-vec901-903-proof-prep-20260801","tests\ui\gasper-worldclass-shell\skeptic-gaps.test.ts","4"
"source_or_tool",".ts","3430","2026-08-01T13:04:50.9869599-04:00","D12560FBB4339EFF7635EF085C80B7545457D33A9C0574E8A3E53D3C108894C4","C:\Users\funny\Documents\AgentBridge-worktrees\gasper-vec901-903-proof-prep-20260801","tests\ui\gasper-worldclass-shell\product-truth.test.ts","4"
"source_or_tool",".ts","2444","2026-08-01T13:04:50.9859548-04:00","7EF9DB46B987FB0982A6767B8725F1A0EC04EBAF6CD1F52DD7463353CE61622F","C:\Users\funny\Documents\AgentBridge-worktrees\gasper-vec901-903-proof-prep-20260801","tests\ui\gasper-worldclass-shell\keyboard.test.ts","4"
"source_or_tool",".ts","2376","2026-08-01T13:04:50.9844494-04:00","89AAE17EEAC04A0685264F621A540DCD749C75DE25067B59FB0099B65A356ADD","C:\Users\funny\Documents\AgentBridge-worktrees\gasper-vec901-903-proof-prep-20260801","tests\ui\gasper-worldclass-shell\exports-boundary.test.ts","4"
"source_or_tool",".ts","4824","2026-08-01T13:04:50.9814367-04:00","FC698E8A89B4B09AF9C406ACBCD727E49A72C95E71B36449689BFF29295593D0","C:\Users\funny\Documents\AgentBridge-worktrees\gasper-vec901-903-proof-prep-20260801","tests\structural\terminal-eradication.test.ts","4"
"source_or_tool",".ts","5200","2026-08-01T13:04:50.9804316-04:00","CAECA55D1EB82DF8B9C5AA6045E684CBE312B02F90A49EE8A55561A0A43287FD","C:\Users\funny\Documents\AgentBridge-worktrees\gasper-vec901-903-proof-prep-20260801","tests\structural\studio-shell-structure.test.ts","4"
"source_or_tool",".ts","3761","2026-08-01T13:04:50.9789279-04:00","CE7F05A65CFB989006507EBF620DB4256247B2F0CD70EA58A2FE5FD8D1652548","C:\Users\funny\Documents\AgentBridge-worktrees\gasper-vec901-903-proof-prep-20260801","tests\structural\studio-edit-modes.test.ts","4"
"source_or_tool",".ts","623","2026-08-01T13:04:50.9779280-04:00","CEAAD4CCB3811C7828605C41B4292B57E89673782A3E415EF0F92944D5F87BB6","C:\Users\funny\Documents\AgentBridge-worktrees\gasper-vec901-903-proof-prep-20260801","tests\structural\setup-gsap.ts","4"
"source_or_tool",".ts","2764","2026-08-01T13:04:50.9565906-04:00","B6CDA8C949335E1217EA6C932F695FDEF42CB96175DEA29CA75359A6B85BB7E0","C:\Users\funny\Documents\AgentBridge-worktrees\gasper-vec901-903-proof-prep-20260801","tests\structural\runtime-context-enforcement.test.ts","4"
"source_or_tool",".ts","5344","2026-08-01T13:04:50.9555858-04:00","E2FA6B91AC5501B1E1A111679D704AA83927A9743EE482C91D798213A3E2ACE8","C:\Users\funny\Documents\AgentBridge-worktrees\gasper-vec901-903-proof-prep-20260801","tests\structural\product-separation.test.ts","4"
"source_or_tool",".ts","4215","2026-08-01T13:04:50.9540833-04:00","D60357415BF88EEC799C85CDD93A829B71F71B0B13FB6556AF93739529B26A31","C:\Users\funny\Documents\AgentBridge-worktrees\gasper-vec901-903-proof-prep-20260801","tests\structural\packaging-path.test.ts","4"
"source_or_tool",".ts","5928","2026-08-01T13:04:50.9530779-04:00","6C29E603B3B58B5B46FE080905A3000848989C5EEE5ED69612392DC1AE5089B0","C:\Users\funny\Documents\AgentBridge-worktrees\gasper-vec901-903-proof-prep-20260801","tests\structural\operational-context-kernel.test.ts","4"
"source_or_tool",".ts","23103","2026-08-01T13:04:50.9515578-04:00","690CB5EDFC4BF73AE59D5AB0C05D0FBD820D2D2E12B300BA9FFF09C1E99B11B8","C:\Users\funny\Documents\AgentBridge-worktrees\gasper-vec901-903-proof-prep-20260801","tests\structural\gasper-whole-face-morphology-r3\whole-face-morphology.test.ts","4"
"source_or_tool",".ts","5533","2026-08-01T13:04:50.9489618-04:00","2B6586E3BB52BF2B9681BC38735D6DC2ECE255416A613E2B27B4A3025FAB6266","C:\Users\funny\Documents\AgentBridge-worktrees\gasper-vec901-903-proof-prep-20260801","tests\structural\gasper-wave-r8-multitrack.test.ts","4"
"source_or_tool",".ts","5337","2026-08-01T13:04:50.9479613-04:00","54EBCAF0FB4F76D11C7E85176E6C7E5E2EF9AD50E3B05937465AF92CCA1A149C","C:\Users\funny\Documents\AgentBridge-worktrees\gasper-vec901-903-proof-prep-20260801","tests\structural\gasper-wave-r7-ui-authority.test.ts","4"
"source_or_tool",".ts","2834","2026-08-01T13:04:50.9469604-04:00","4728AB842EBEF6CC341D1A04855DD0FBDB4D28FF2AE2C787AA5440EF646C222C","C:\Users\funny\Documents\AgentBridge-worktrees\gasper-vec901-903-proof-prep-20260801","tests\structural\gasper-wave-r6-r8-bridge.test.ts","4"
"source_or_tool",".ts","5319","2026-08-01T13:04:50.9459565-04:00","7F99B68D841F29BC22D08A0C0FAD41C2E2A0C227213FECABD0C4378498D520C0","C:\Users\funny\Documents\AgentBridge-worktrees\gasper-vec901-903-proof-prep-20260801","tests\structural\gasper-wave-r3-deep-rig.test.ts","4"
"source_or_tool",".ts","5433","2026-08-01T13:04:50.9446826-04:00","6B352E47D3A1703F33A854EAF62F4CF0BB15CD0229DB1FBB2D5EA9A4EB032888","C:\Users\funny\Documents\AgentBridge-worktrees\gasper-vec901-903-proof-prep-20260801","tests\structural\gasper-wave-r3-contour-solver.test.ts","4"
"source_or_tool",".ts","3045","2026-08-01T13:04:50.9436818-04:00","25FE4B5B377DC583B0ACD6F385C29BD2D26701C5228B5EFE4D358AC269E96A3A","C:\Users\funny\Documents\AgentBridge-worktrees\gasper-vec901-903-proof-prep-20260801","tests\structural\gasper-wave-r2-legacy-removal.test.ts","4"
"source_or_tool",".ts","6326","2026-08-01T13:04:50.9426811-04:00","1E5196890037BFA383DD39E98E38E2517F8BCE17C7A45F9E234B83D7C472349D","C:\Users\funny\Documents\AgentBridge-worktrees\gasper-vec901-903-proof-prep-20260801","tests\structural\gasper-wave-r1-dirty-domain.test.ts","4"
"source_or_tool",".ts","6869","2026-08-01T13:04:50.9416817-04:00","AFBC566D51E1D3A5349764ED983B2EDE174CC27A3C1629BE8957522F3A4E0FCE","C:\Users\funny\Documents\AgentBridge-worktrees\gasper-vec901-903-proof-prep-20260801","tests\structural\gasper-visual-qa\telemetry-false-zero.test.ts","4"
"source_or_tool",".ts","18620","2026-08-01T13:04:50.9393672-04:00","30A6AE9E8C2A06F227256F59779EDF5DECFA584574AAF842ED7D2D1D45099C46","C:\Users\funny\Documents\AgentBridge-worktrees\gasper-vec901-903-proof-prep-20260801","tests\structural\gasper-visual-qa\telemetry-and-coverage.test.ts","3"
"source_or_tool",".ts","13397","2026-08-01T13:04:50.9287122-04:00","C092A2784DD8033F51F059B0329C1BD6987900DBE585D0C8591F3448850664D3","C:\Users\funny\Documents\AgentBridge-worktrees\gasper-vec901-903-proof-prep-20260801","tests\structural\gasper-visual-qa\exercise-matrix-and-capture-contract.test.ts","3"
"source_or_tool",".ts","5103","2026-08-01T13:04:50.9272079-04:00","56545E25ECBD73BD9EE1FACE190E2F8087A0710AB75DB1ED4D0AFC9ED35283F2","C:\Users\funny\Documents\AgentBridge-worktrees\gasper-vec901-903-proof-prep-20260801","tests\structural\gasper-visual-qa\executed-timeline-authority.test.ts","4"
"source_or_tool",".ts","4455","2026-08-01T13:04:50.9256857-04:00","0B29E6265C28FE0EC2EF3EF1AF5D40BE8F9670D94F5039C86CC445910F2A3C05","C:\Users\funny\Documents\AgentBridge-worktrees\gasper-vec901-903-proof-prep-20260801","tests\structural\gasper-visual-qa\drive-step-actions.test.ts","4"
"source_or_tool",".ts","5409","2026-08-01T13:04:50.9231748-04:00","8934895C681E9C5C4FA73D54395646C3BB421E047E90B39EC53E62426EF6F305","C:\Users\funny\Documents\AgentBridge-worktrees\gasper-vec901-903-proof-prep-20260801","tests\structural\gasper-visual-qa-evidence\redesign-poll-and-done.test.ts","4"
"source_or_tool",".ts","20402","2026-08-01T13:04:50.9216696-04:00","5EBCBE39A0558652BE09494AE4F25D3A6A6F8FD2D0E15278B9DED451FB00E4FE","C:\Users\funny\Documents\AgentBridge-worktrees\gasper-vec901-903-proof-prep-20260801","tests\structural\gasper-visual-qa-evidence\evidence-authority.test.ts","4"
"source_or_tool",".ts","6313","2026-08-01T13:04:50.9191607-04:00","4F56DFCD21EEA0345144778E988572EB7CD2905EEE8A7D275AE271AF38B99335","C:\Users\funny\Documents\AgentBridge-worktrees\gasper-vec901-903-proof-prep-20260801","tests\structural\gasper-visual-face-authority.test.ts","4"
"source_or_tool",".ts","14331","2026-08-01T13:04:50.9177745-04:00","CA3371CFB085CD6F6E360DCF47583DC0ED2AD16C085F0A902E6B78D1E9C46614","C:\Users\funny\Documents\AgentBridge-worktrees\gasper-vec901-903-proof-prep-20260801","tests\structural\gasper-visual-eight-state-endpoints.test.ts","4"
"source_or_tool",".ts","10301","2026-08-01T13:04:50.9156413-04:00","535F704962BF8AB42B61688E402084C42E2869DC1FC12CA1986725CA1FC97DB2","C:\Users\funny\Documents\AgentBridge-worktrees\gasper-vec901-903-proof-prep-20260801","tests\structural\gasper-visual-acceptance\cody-package.test.ts","4"
"source_or_tool",".ts","12285","2026-08-01T13:04:50.9136402-04:00","F7F783441734068F6183956E56A5925FB308291A80928E543460E425615D065E","C:\Users\funny\Documents\AgentBridge-worktrees\gasper-vec901-903-proof-prep-20260801","tests\structural\gasper-visible-render-gate.test.ts","4"
"source_or_tool",".ts","26704","2026-08-01T13:04:50.9111312-04:00","25934E1E02AE39C0B5C510036A5485B7643A2322A22E4704015592DBBF70A836","C:\Users\funny\Documents\AgentBridge-worktrees\gasper-vec901-903-proof-prep-20260801","tests\structural\gasper-visible-facial-binding\visible-facial-binding.test.ts","4"
"source_or_tool",".ts","21333","2026-08-01T13:04:50.9101259-04:00","15AF9279DC4037F81ED7DB7E3B277A0D2C44320BE68C7F3680E2731CAA70BDBA","C:\Users\funny\Documents\AgentBridge-worktrees\gasper-vec901-903-proof-prep-20260801","tests\structural\gasper-visible-embodiment-binding\visible-embodiment-binding.test.ts","4"
"source_or_tool",".ts","5134","2026-08-01T13:04:50.9074848-04:00","7565B387A76709A636CE216D8217FB7AA824B9D12DEBBA9CB13ED41007647EBD","C:\Users\funny\Documents\AgentBridge-worktrees\gasper-vec901-903-proof-prep-20260801","tests\structural\gasper-vector-organism\vector-projection-transaction.test.ts","2"
"source_or_tool",".ts","12666","2026-08-01T13:04:50.9058981-04:00","FE5B270D9A685BA6D9BC711695568D3DA2022E341FE0C0EC8F3130FE2C1FBC91","C:\Users\funny\Documents\AgentBridge-worktrees\gasper-vec901-903-proof-prep-20260801","tests\structural\gasper-vector-organism\vector-material-filter-review.test.ts","1"
"source_or_tool",".ts","4746","2026-08-01T13:04:50.9048638-04:00","983792FB7C95282DE7E346F1CF0A770DAB41BC0AB5A1007DDADABA70B2B378E2","C:\Users\funny\Documents\AgentBridge-worktrees\gasper-vec901-903-proof-prep-20260801","tests\structural\gasper-vector-organism\vec701-production-wiring.test.ts","1"
"source_or_tool",".ts","13413","2026-08-01T13:04:50.9038091-04:00","E2DE30675B8A148CC0652A2C28A89F1891EDCA398376A1BC43024B879502F12B","C:\Users\funny\Documents\AgentBridge-worktrees\gasper-vec901-903-proof-prep-20260801","tests\structural\gasper-vector-organism\organism-clock.test.ts","1"
"source_or_tool",".ts","6473","2026-08-01T13:04:50.9027650-04:00","23642EE730B2A3ED160A2ECA6D0D8F347742207ED25608BE56C48C1BEA210DDA","C:\Users\funny\Documents\AgentBridge-worktrees\gasper-vec901-903-proof-prep-20260801","tests\structural\gasper-vector-organism\living-facial-authority-vec601-602.test.ts","2"
"source_or_tool",".ts","9323","2026-08-01T13:04:50.9011798-04:00","0FFDCB23149C840C131781427E72AA46FCD0B592971FB6AC6C730F45AF4B68A5","C:\Users\funny\Documents\AgentBridge-worktrees\gasper-vec901-903-proof-prep-20260801","tests\structural\gasper-vector-organism\live-svg-transition-invariant.test.ts","2"
"source_or_tool",".ts","5523","2026-08-01T13:04:50.9001375-04:00","E1803B0B40381307436869790B555F97E3A977A528C9BFF46FE5E908C00285BA","C:\Users\funny\Documents\AgentBridge-worktrees\gasper-vec901-903-proof-prep-20260801","tests\structural\gasper-vector-organism\canonical-compositor-vec501.test.ts","2"
"source_or_tool",".ts","12944","2026-08-01T13:04:50.8711957-04:00","94EFCF97C44DC808C98A5F68D4865667843024081CBEA9541135724C4DB7F97D","C:\Users\funny\Documents\AgentBridge-worktrees\gasper-vec901-903-proof-prep-20260801","tests\structural\gasper-vector-organism\architecture-lock-v03-no-raster-gate.test.ts","2"
"source_or_tool",".ts","16164","2026-08-01T13:04:50.8677740-04:00","B9C566A02A05B21246FA540B8BF4EB11A9E333A512C29D0E8BF17CC8F2D8922F","C:\Users\funny\Documents\AgentBridge-worktrees\gasper-vec901-903-proof-prep-20260801","tests\structural\gasper-vector-organism\analytic-feature-relief.test.ts","2"
"source_or_tool",".ts","4105","2026-08-01T13:04:50.8657269-04:00","5731775796ABC991D156C3B1684D721804C8F5264FCD33FE6E968E07E0CBAA1C","C:\Users\funny\Documents\AgentBridge-worktrees\gasper-vec901-903-proof-prep-20260801","tests\structural\gasper-undo-authority.test.ts","4"
"source_or_tool",".ts","5574","2026-08-01T13:04:50.8647224-04:00","A8B4A93D69AC18A38C8AAB496AE90063E497DC6207E8FD29E5F27D6BB00183BB","C:\Users\funny\Documents\AgentBridge-worktrees\gasper-vec901-903-proof-prep-20260801","tests\structural\gasper-tss0-proof\tss0-proof.test.ts","3"
"source_or_tool",".ts","1230","2026-08-01T13:04:50.8624167-04:00","222C7F74A607A1BC40F50D96560AECDA2887F50B340FC618054F62AAE1BB26E4","C:\Users\funny\Documents\AgentBridge-worktrees\gasper-vec901-903-proof-prep-20260801","tests\structural\gasper-timeline\timeline-structural.test.ts","4"
"source_or_tool",".ts","7768","2026-08-01T13:04:50.8604045-04:00","8ADDCFE9D5A875DB147AA48E33A96127A93EFC860C612C58C5536BAE65EB71F6","C:\Users\funny\Documents\AgentBridge-worktrees\gasper-vec901-903-proof-prep-20260801","tests\structural\gasper-temporal\headed-multiframe-harness.test.ts","4"
"source_or_tool",".ts","5900","2026-08-01T13:04:50.8588846-04:00","2832AC436901BB9930338EE11F021A14DF97E93307911A87A15331712F2A22DB","C:\Users\funny\Documents\AgentBridge-worktrees\gasper-vec901-903-proof-prep-20260801","tests\structural\gasper-temporal\frame-sequence-analysis.test.ts","4"
"source_or_tool",".ts","2445","2026-08-01T13:04:50.8573797-04:00","B3325DDA090B0A1077A8FA01526158D02C8AED62C1CD0A634675CF07EACEE3BB","C:\Users\funny\Documents\AgentBridge-worktrees\gasper-vec901-903-proof-prep-20260801","tests\structural\gasper-task3-packaged-witness\matrix-coverage.test.ts","3"
"source_or_tool",".ts","1822","2026-08-01T13:04:50.8553742-04:00","3C0C901E10287FEBFEB0949C5026FBA524823AFE406138B43C051AF688976FA5","C:\Users\funny\Documents\AgentBridge-worktrees\gasper-vec901-903-proof-prep-20260801","tests\structural\gasper-task3-packaged-witness\driver-runtime-contract.test.ts","3"
"source_or_tool",".ts","706","2026-08-01T13:04:50.8538029-04:00","383ED2767E281E55AC6B7AFCAF0C5798F24989F8F8C150BBDFE827C224186C05","C:\Users\funny\Documents\AgentBridge-worktrees\gasper-vec901-903-proof-prep-20260801","tests\structural\gasper-task3-packaged-witness\command-surface.test.ts","3"
"source_or_tool",".ts","11920","2026-08-01T13:04:50.8359682-04:00","7902F0889EFD4027C71EA087618DBA8C40BD2E37DAFD518D57AABF46A81F76E4","C:\Users\funny\Documents\AgentBridge-worktrees\gasper-vec901-903-proof-prep-20260801","tests\structural\gasper-studio\expression-studio-ui.test.ts","4"
"source_or_tool",".ts","5862","2026-08-01T13:04:50.8354597-04:00","18AA538CE8501BB2E8C2A495E9B0C80B02634455D28081240A8441D47A672B98","C:\Users\funny\Documents\AgentBridge-worktrees\gasper-vec901-903-proof-prep-20260801","tests\structural\gasper-studio-product\dais-first-layout.test.ts","4"
"source_or_tool",".ts","15543","2026-08-01T13:04:50.8334594-04:00","62D7745B8017C76DC370A2DF03280168F311C8BD6A187CE165B046B79A4CA7D1","C:\Users\funny\Documents\AgentBridge-worktrees\gasper-vec901-903-proof-prep-20260801","tests\structural\gasper-studio-product\dais-first-controls.test.ts","4"
"source_or_tool",".ts","2771","2026-08-01T13:04:50.8313195-04:00","FCCCD9DF6BC33C579AC19E44CBCB5636100AB7F59F29BE4F0AD2C1E67DBC77CF","C:\Users\funny\Documents\AgentBridge-worktrees\gasper-vec901-903-proof-prep-20260801","tests\structural\gasper-singularity\singularity-geometry.test.ts","4"
"source_or_tool",".ts","4185","2026-08-01T13:04:50.8292752-04:00","77130C74FA14281D9E6E155115634C7B54C8EE1586DB635F29866C3934DC120E","C:\Users\funny\Documents\AgentBridge-worktrees\gasper-vec901-903-proof-prep-20260801","tests\structural\gasper-scenario-compiler.test.ts","4"
"source_or_tool",".ts","7548","2026-08-01T13:04:50.8282764-04:00","F6196CA42B2564E191699313B79508AA7612F7E7270E493F29163BA4C49349A3","C:\Users\funny\Documents\AgentBridge-worktrees\gasper-vec901-903-proof-prep-20260801","tests\structural\gasper-renderer-equivalence.test.ts","4"
"source_or_tool",".ts","3399","2026-08-01T13:04:50.8272700-04:00","D2EF5A7392E32440797CECE8EC72957E00DAC1783C66D964D8B4F65CC6BEEF02","C:\Users\funny\Documents\AgentBridge-worktrees\gasper-vec901-903-proof-prep-20260801","tests\structural\gasper-renderer-authority.test.ts","4"
"source_or_tool",".ts","26271","2026-08-01T13:04:50.8257595-04:00","744556A8E7D72000262A95D665DDE7FBBCA9ED4C18CD8620D592F6ADD039335D","C:\Users\funny\Documents\AgentBridge-worktrees\gasper-vec901-903-proof-prep-20260801","tests\structural\gasper-rendered-authority\rendered-authority.test.ts","2"
"source_or_tool",".ts","4555","2026-08-01T13:04:50.8235839-04:00","3C46DFB9C98D569357BF763A8578357472851D3D4DCF4AC92EE8ACE7B3F8BF01","C:\Users\funny\Documents\AgentBridge-worktrees\gasper-vec901-903-proof-prep-20260801","tests\structural\gasper-relief\relief-field.test.ts","4"
"source_or_tool",".ts","19459","2026-08-01T13:04:50.8215787-04:00","98DDE2606085EE26802CF07581B5AD851142404B67279A297FD81700314C7265","C:\Users\funny\Documents\AgentBridge-worktrees\gasper-vec901-903-proof-prep-20260801","tests\structural\gasper-r4-state-wake-continuity\state-wake-continuity.test.ts","4"
"source_or_tool",".ts","2181","2026-08-01T13:04:50.8180704-04:00","B8871C3517AC52A3A1E1F800144FA708D8FE23F83CEF403117020F11FA5BE57C","C:\Users\funny\Documents\AgentBridge-worktrees\gasper-vec901-903-proof-prep-20260801","tests\structural\gasper-r4-seal\r4-windows-build-launcher.test.ts","4"
"source_or_tool",".ts","9708","2026-08-01T13:04:50.8170690-04:00","DDB2350E4BB83CB468CF0AB5FB690282A6B5A57A2266B1D7B7F7B6791F7BBA51","C:\Users\funny\Documents\AgentBridge-worktrees\gasper-vec901-903-proof-prep-20260801","tests\structural\gasper-r4-seal\r4-marker-validate.test.ts","4"
"source_or_tool",".ts","1806","2026-08-01T13:04:50.8155497-04:00","EB6494C105F49267B6E7C6A958E242BF6D0D4A4B4945080F85A1C5498DEDBEDC","C:\Users\funny\Documents\AgentBridge-worktrees\gasper-vec901-903-proof-prep-20260801","tests\structural\gasper-r4-seal\r4-live-svg-visibility-invariant.test.ts","3"
"source_or_tool",".ts","23376","2026-08-01T13:04:50.8140449-04:00","FCD78720DA8D76BC7AEA88131EAC84B2CEAD1026C65E294358F98AC9C2223E3C","C:\Users\funny\Documents\AgentBridge-worktrees\gasper-vec901-903-proof-prep-20260801","tests\structural\gasper-r4-seal\r4-geometry-and-verdict.test.ts","4"
"source_or_tool",".ts","3960","2026-08-01T13:04:50.8120469-04:00","BD722E937266D9A1C741E68FA123B9A02A1A60135FF9ADA29F5829A6BEA98409","C:\Users\funny\Documents\AgentBridge-worktrees\gasper-vec901-903-proof-prep-20260801","tests\structural\gasper-r4-optical-legibility\png-decode.ts","4"
"source_or_tool",".ts","21576","2026-08-01T13:04:50.8106996-04:00","080A71565CA02A41CB68EB28B2A96552C3DB0D283BB27BABC664E2D1FDA704F7","C:\Users\funny\Documents\AgentBridge-worktrees\gasper-vec901-903-proof-prep-20260801","tests\structural\gasper-r4-optical-legibility\optical-legibility.test.ts","2"
"source_or_tool",".ts","19253","2026-08-01T13:04:50.8076999-04:00","3DCF8A542433504C1343EBACAB5381C3471C3F05F62DD2AE6508BA69E4649687","C:\Users\funny\Documents\AgentBridge-worktrees\gasper-vec901-903-proof-prep-20260801","tests\structural\gasper-r4-expression-visibility\expression-visibility.test.ts","2"
"source_or_tool",".ts","11229","2026-08-01T13:04:50.8034990-04:00","B4BB7350FAF6A462C1004D3F40CBBA648494B9D28F5C6EFDF5D7094BC51D4AB9","C:\Users\funny\Documents\AgentBridge-worktrees\gasper-vec901-903-proof-prep-20260801","tests\structural\gasper-r3-seal\r3-marker-validate.test.ts","4"
"source_or_tool",".ts","9802","2026-08-01T13:04:50.8025003-04:00","8A6887558F7FC2A804F3EDB5E046B883C3DA453FB6264701A571ABF46DD00648","C:\Users\funny\Documents\AgentBridge-worktrees\gasper-vec901-903-proof-prep-20260801","tests\structural\gasper-r3-seal\r3-geometry-and-verdict.test.ts","4"
"source_or_tool",".ts","8354","2026-08-01T13:04:50.8003062-04:00","E59B8CE7310D4CE4C35AC95E0974BE242331433D82E4D29FFCAB4B0B8868923F","C:\Users\funny\Documents\AgentBridge-worktrees\gasper-vec901-903-proof-prep-20260801","tests\structural\gasper-projection-authority-chain.test.ts","4"
"source_or_tool",".ts","6722","2026-08-01T13:04:50.7993017-04:00","2689C7B35CF1DCFB7056687F4901F23F8909603C0B0503BB4BB77CCF20D0373D","C:\Users\funny\Documents\AgentBridge-worktrees\gasper-vec901-903-proof-prep-20260801","tests\structural\gasper-production-authority-r3\production-authority.test.ts","3"
"source_or_tool",".ts","3991","2026-08-01T13:04:50.7967964-04:00","D014BF94F69FDF1C0C3FFC81BB47604418B3402B992D4EBAAC800EF30B8BB3D2","C:\Users\funny\Documents\AgentBridge-worktrees\gasper-vec901-903-proof-prep-20260801","tests\structural\gasper-playhead-authority.test.ts","4"
"source_or_tool",".ts","4713","2026-08-01T13:04:50.7947313-04:00","F51BA3C6021B6C596757976306AF68FB10DC7DFAE58F5941A9E1BAAF64B0F93B","C:\Users\funny\Documents\AgentBridge-worktrees\gasper-vec901-903-proof-prep-20260801","tests\structural\gasper-playback-authority.test.ts","4"
"source_or_tool",".ts","9451","2026-08-01T13:04:50.7932264-04:00","47D4FECD5AF84DEDD857DEE6371255CAA560FF3591BC0098BB5EB873CF1D16DC","C:\Users\funny\Documents\AgentBridge-worktrees\gasper-vec901-903-proof-prep-20260801","tests\structural\gasper-pilot\pilot-living-integration.test.ts","4"
"source_or_tool",".ts","13236","2026-08-01T13:04:50.7922265-04:00","01763813F58DC54CEC8C32B01A04EAEB63212BD188EEAB523636A717D4918CD6","C:\Users\funny\Documents\AgentBridge-worktrees\gasper-vec901-903-proof-prep-20260801","tests\structural\gasper-pilot\pilot-kernel.test.ts","4"
"source_or_tool",".ts","2416","2026-08-01T13:04:50.7905392-04:00","94C300CAF4F1ED751424738F20CE9F3ED7619A7FD7319BA754EF468A4FC95E4E","C:\Users\funny\Documents\AgentBridge-worktrees\gasper-vec901-903-proof-prep-20260801","tests\structural\gasper-pilot\pilot-host.test.ts","4"
"source_or_tool",".ts","13014","2026-08-01T13:04:50.7893678-04:00","8278A84FF5758DCD28F66F61FD4DD0255710AFAC599EC45392E3D3B2D11533FD","C:\Users\funny\Documents\AgentBridge-worktrees\gasper-vec901-903-proof-prep-20260801","tests\structural\gasper-pilot\pilot-handoff-proof.test.ts","4"
"source_or_tool",".ts","9944","2026-08-01T13:04:50.7873679-04:00","7EA7C04CCCED74F0E50CA2687A40E4346193CE9E065E8BEFFCDB589380C24592","C:\Users\funny\Documents\AgentBridge-worktrees\gasper-vec901-903-proof-prep-20260801","tests\structural\gasper-pilot\pilot-adapter-lifecycle.test.ts","4"
"source_or_tool",".ts","2423","2026-08-01T13:04:50.7853623-04:00","EE485ECFA3CF49EFE626884824418D8C6FB2687C93DC1FB7953EAFC9F24DC8F9","C:\Users\funny\Documents\AgentBridge-worktrees\gasper-vec901-903-proof-prep-20260801","tests\structural\gasper-optics\optics.test.ts","4"
"source_or_tool",".ts","2955","2026-08-01T13:04:50.7838460-04:00","867BC7B9830D74C31BA29EFC6041E4D2A6E3A2423D948878E8DF25025AB24E0D","C:\Users\funny\Documents\AgentBridge-worktrees\gasper-vec901-903-proof-prep-20260801","tests\structural\gasper-operational-launch\source-authority.test.ts","4"
"source_or_tool",".ts","2033","2026-08-01T13:04:50.7823417-04:00","2DCAF756A9E1D43FEC708F1239F7D06423F7AE0FCDD7A5A6ACE336CD0BE1A616","C:\Users\funny\Documents\AgentBridge-worktrees\gasper-vec901-903-proof-prep-20260801","tests\structural\gasper-operational-launch\process-ownership.test.ts","4"
"source_or_tool",".ts","3750","2026-08-01T13:04:50.7813403-04:00","CE5536D8C966C6204B0965A33819D8D367FF7E30645C68C0A5C7FC16B7AC69FE","C:\Users\funny\Documents\AgentBridge-worktrees\gasper-vec901-903-proof-prep-20260801","tests\structural\gasper-operational-launch\lifecycle-state-machine.test.ts","4"
"source_or_tool",".ts","4227","2026-08-01T13:04:50.7803362-04:00","4D9D82A9845D35F845D365C5595AEBD02DD84A118BC8FA5674FCFBD14E7E77BB","C:\Users\funny\Documents\AgentBridge-worktrees\gasper-vec901-903-proof-prep-20260801","tests\structural\gasper-operational-launch\http-bridge-single-flight.test.ts","4"
"source_or_tool",".ts","3550","2026-08-01T13:04:50.7787660-04:00","5E631F1CC45635F78D202E0481A65F7FB4BCC2D79B6563D317BDB934CF1CD3FE","C:\Users\funny\Documents\AgentBridge-worktrees\gasper-vec901-903-proof-prep-20260801","tests\structural\gasper-operational-launch\connection-authority.test.ts","4"
"source_or_tool",".ts","2386","2026-08-01T13:04:50.7772044-04:00","877376F2F2B993C7117C6414F6F7F3A89B361CC3AA4F21DAF9FF896F60C3E9C6","C:\Users\funny\Documents\AgentBridge-worktrees\gasper-vec901-903-proof-prep-20260801","tests\structural\gasper-operational-launch\authority-identities.test.ts","4"
"source_or_tool",".ts","4036","2026-08-01T13:04:50.7744813-04:00","21F9E35198E8ED403FE6382F232AC3A41FFB1058A5E01AB7B72D7C1FC9F97099","C:\Users\funny\Documents\AgentBridge-worktrees\gasper-vec901-903-proof-prep-20260801","tests\structural\gasper-operational-animator\modules-wired.test.ts","4"
"source_or_tool",".ts","8486","2026-08-01T13:04:50.7734400-04:00","7AE70F349BEECEB09E76C74C55766730D8E78181DC67AF32012E6C57662B7423","C:\Users\funny\Documents\AgentBridge-worktrees\gasper-vec901-903-proof-prep-20260801","tests\structural\gasper-operational-animator\golden-path-controller.test.ts","4"
"source_or_tool",".ts","6660","2026-08-01T13:04:50.7713364-04:00","9E77B5E1654FF15E98D2B0AAE58AB6539220D58E29D9E4980F0C2ACBB906F231","C:\Users\funny\Documents\AgentBridge-worktrees\gasper-vec901-903-proof-prep-20260801","tests\structural\gasper-motion-resurrection.test.ts","4"
"source_or_tool",".ts","2627","2026-08-01T13:04:50.7702865-04:00","760A7D60631F0BEA10331DAF8AA43389A3CB7A6BC0649B2894FBE3C7F7CD82C8","C:\Users\funny\Documents\AgentBridge-worktrees\gasper-vec901-903-proof-prep-20260801","tests\structural\gasper-motion-eight-state.test.ts","4"
"source_or_tool",".ts","7678","2026-08-01T13:04:50.7689456-04:00","A575C0964610EB49E130EDDC98A4264A2F4A013761F3C5FE948806821EEE2D95","C:\Users\funny\Documents\AgentBridge-worktrees\gasper-vec901-903-proof-prep-20260801","tests\structural\gasper-living-runtime-authority.test.ts","4"
"source_or_tool",".ts","5800","2026-08-01T13:04:50.7679390-04:00","9BA023541064F5AB259D5226CDEC2FBF85A5A42FAECEEEAC581C4DAD27BA2793","C:\Users\funny\Documents\AgentBridge-worktrees\gasper-vec901-903-proof-prep-20260801","tests\structural\gasper-living-embodiment-dissolve.test.ts","2"
"source_or_tool",".ts","13337","2026-08-01T13:04:50.7668212-04:00","9DCF17CB03264E201BA596C975EEA3652CAE54A3B823F4F9CA2E54A0ADBD539E","C:\Users\funny\Documents\AgentBridge-worktrees\gasper-vec901-903-proof-prep-20260801","tests\structural\gasper-living-eight-state-loop.test.ts","4"
"source_or_tool",".ts","2798","2026-08-01T13:04:50.7658156-04:00","1EE046DC2F386C878F2DEED1138CFB948B89BE0C5390E4F1915AA6F206D3482E","C:\Users\funny\Documents\AgentBridge-worktrees\gasper-vec901-903-proof-prep-20260801","tests\structural\gasper-layer-activation\layer-activation-classify.test.ts","4"
"source_or_tool",".ts","6261","2026-08-01T13:04:50.7638056-04:00","543E7ACE1045ADA9F3EEC43332FAF5BC20951311F0396AC0FE2C0BADF54CACDB","C:\Users\funny\Documents\AgentBridge-worktrees\gasper-vec901-903-proof-prep-20260801","tests\structural\gasper-job-ontology.test.ts","4"
"source_or_tool",".ts","3518","2026-08-01T13:04:50.7612972-04:00","4F4207D4377C39DDB7A227C47D4660E98A650B378CFEC0F6FAA15CC37CC3E6AE","C:\Users\funny\Documents\AgentBridge-worktrees\gasper-vec901-903-proof-prep-20260801","tests\structural\gasper-interruption-eight-state.test.ts","4"
"source_or_tool",".ts","864","2026-08-01T13:04:50.7602967-04:00","E2D1638CD66BB96017FC89290A4F7DD6931F6A75057CD68F103FB03BF66184AB","C:\Users\funny\Documents\AgentBridge-worktrees\gasper-vec901-903-proof-prep-20260801","tests\structural\gasper-identity\corpus-contract.test.ts","4"
"source_or_tool",".ts","2668","2026-08-01T13:04:50.7582963-04:00","82FA4488EA0FAA05EC218156165FB5B4441BCEDF0C8C0E899BF980A4C2E433AB","C:\Users\funny\Documents\AgentBridge-worktrees\gasper-vec901-903-proof-prep-20260801","tests\structural\gasper-http-bridge-projection-sync.test.ts","4"
"source_or_tool",".ts","4888","2026-08-01T13:04:50.7572912-04:00","3804437549447AA663E44071E8629DD741A029837E3BD9C5D0FCCE997609E734","C:\Users\funny\Documents\AgentBridge-worktrees\gasper-vec901-903-proof-prep-20260801","tests\structural\gasper-honesty-surfaces.test.ts","4"
"source_or_tool",".ts","4250","2026-08-01T13:04:50.7562852-04:00","4A198A8E242B36600EEA29E65395390B467B2D17246A589EF489BA1931263BA9","C:\Users\funny\Documents\AgentBridge-worktrees\gasper-vec901-903-proof-prep-20260801","tests\structural\gasper-hidden-legacy-focus.test.ts","4"
"source_or_tool",".ts","1841","2026-08-01T13:04:50.7547898-04:00","5945058DFA4F850A28EA5E779A532681DD755B850D91ED68088D68FFB69D4F9C","C:\Users\funny\Documents\AgentBridge-worktrees\gasper-vec901-903-proof-prep-20260801","tests\structural\gasper-form-binding-pipe.test.ts","4"
"source_or_tool",".ts","21929","2026-08-01T13:04:50.7537802-04:00","A82A49446A810D0555F292BF585FC07BF4633FB5DB91B051C48C4D1AE2C0F15D","C:\Users\funny\Documents\AgentBridge-worktrees\gasper-vec901-903-proof-prep-20260801","tests\structural\gasper-facial-coherence\facial-coherence.test.ts","4"
"source_or_tool",".ts","12132","2026-08-01T13:04:50.7502705-04:00","440FFA719D57A500B15E3A3556F16C868F66BEFA6EA8924602E838405BD9B70B","C:\Users\funny\Documents\AgentBridge-worktrees\gasper-vec901-903-proof-prep-20260801","tests\structural\gasper-expression\expression-grammar.test.ts","4"
"source_or_tool",".ts","18532","2026-08-01T13:04:50.7487510-04:00","4E7B43BEB07CB9875F4F14C876D5A481B69E05555AD220FEDEFB787F31835376","C:\Users\funny\Documents\AgentBridge-worktrees\gasper-vec901-903-proof-prep-20260801","tests\structural\gasper-energy-transition-continuity-r3\energy-transition-continuity.test.ts","4"
"source_or_tool",".ts","17695","2026-08-01T13:04:50.7462393-04:00","732AECAD84334568C29EE4B80741A116BB1F523E6027758E9401AFA2DD22F798","C:\Users\funny\Documents\AgentBridge-worktrees\gasper-vec901-903-proof-prep-20260801","tests\structural\gasper-embodiment-transitions\embodiment-morphology-law.test.ts","4"
"source_or_tool",".ts","30108","2026-08-01T13:04:50.7430806-04:00","6D90CE831FFFFA2E98B137E63AE229DEFEB6F6420C43C3437AA9CC3B54F2E362","C:\Users\funny\Documents\AgentBridge-worktrees\gasper-vec901-903-proof-prep-20260801","tests\structural\gasper-embodiment-aware.test.ts","4"
"source_or_tool",".ts","6229","2026-08-01T13:04:50.7420784-04:00","BEEB23718CC219BD6156C032165353FECC164A9BC160EDAE7337F61120E9469F","C:\Users\funny\Documents\AgentBridge-worktrees\gasper-vec901-903-proof-prep-20260801","tests\structural\gasper-eight-state-loop.test.ts","4"
"source_or_tool",".ts","5765","2026-08-01T13:04:50.7410732-04:00","ADF00B1F25C0EE2FA7E9EE8A43E81C65BE2AC942976C4B6C2286024C49C286EE","C:\Users\funny\Documents\AgentBridge-worktrees\gasper-vec901-903-proof-prep-20260801","tests\structural\gasper-dispatch-002-camera.test.ts","4"
"source_or_tool",".ts","2535","2026-08-01T13:04:50.7390632-04:00","FD16D95AF94B6BA4C7830CF05499872A4E3E518023CB110B5CC5ECF9071E5E2A","C:\Users\funny\Documents\AgentBridge-worktrees\gasper-vec901-903-proof-prep-20260801","tests\structural\gasper-design-parameter-authority.test.ts","4"
"source_or_tool",".ts","7158","2026-08-01T13:04:50.7370627-04:00","49E51DADA3F10022510FC56D1358BDE8794568E076BD9BFC073B937527320AD0","C:\Users\funny\Documents\AgentBridge-worktrees\gasper-vec901-903-proof-prep-20260801","tests\structural\gasper-dais.test.ts","4"
"source_or_tool",".ts","8576","2026-08-01T13:04:50.7360567-04:00","C1D76AA30D0A96AA4245C86B87387C5737E154C2FC5D4410ED2488F0D6460EC4","C:\Users\funny\Documents\AgentBridge-worktrees\gasper-vec901-903-proof-prep-20260801","tests\structural\gasper-dais-visible-product\dais-visible-layout.test.ts","4"
"source_or_tool",".ts","13588","2026-08-01T13:04:50.7355513-04:00","798620F5AD9F93E0E3FFA5D4E8AC12AF4F1545D41E8D14A109D069AF04E30A22","C:\Users\funny\Documents\AgentBridge-worktrees\gasper-vec901-903-proof-prep-20260801","tests\structural\gasper-dais-visible-product\dais-visible-controls.test.ts","4"
"source_or_tool",".ts","11341","2026-08-01T13:04:50.7335495-04:00","A932C11906EF1DD87F67DE949F8D00554254D1E0E73B6C853886644C236D917A","C:\Users\funny\Documents\AgentBridge-worktrees\gasper-vec901-903-proof-prep-20260801","tests\structural\gasper-dais-framing-product-r3\dais-framing-layout.test.ts","4"
"source_or_tool",".ts","7585","2026-08-01T13:04:50.7315508-04:00","4B97941215A92748098F059378BE6EE097EC51117225579FEEF4F815FCD38E38","C:\Users\funny\Documents\AgentBridge-worktrees\gasper-vec901-903-proof-prep-20260801","tests\structural\gasper-dais-framing-product-r3\dais-framing-controls.test.ts","4"
"source_or_tool",".ts","8758","2026-08-01T13:04:50.7290420-04:00","81D8B6E1E71D79E23859270DB97A0C83E9A4D1FF43525ACE447E4368815FB2C0","C:\Users\funny\Documents\AgentBridge-worktrees\gasper-vec901-903-proof-prep-20260801","tests\structural\gasper-continuity\interrupt-ownership.test.ts","4"
"source_or_tool",".ts","3352","2026-08-01T13:04:50.7270421-04:00","02F0E5B7005CCDEAAD6EA76A4886B993D76A10CC199E7EBE6E4CE645463D5CE9","C:\Users\funny\Documents\AgentBridge-worktrees\gasper-vec901-903-proof-prep-20260801","tests\structural\gasper-compositor\compositor.test.ts","4"
"source_or_tool",".ts","2713","2026-08-01T13:04:50.7245288-04:00","C83E924A99818E006A6053E998511E0F49FEA9CF91526A7AB8EAE0726D0857C9","C:\Users\funny\Documents\AgentBridge-worktrees\gasper-vec901-903-proof-prep-20260801","tests\structural\gasper-comet-dormant\comet-dormant.test.ts","4"
"source_or_tool",".ts","25104","2026-08-01T13:04:50.7225197-04:00","906592DB7C8F2BE15818CE24C92F10F0B0AD4183FE0DF63B690D0A82FD65E1C6","C:\Users\funny\Documents\AgentBridge-worktrees\gasper-vec901-903-proof-prep-20260801","tests\structural\gasper-character\character-eight-state.test.ts","4"
"source_or_tool",".ts","2339","2026-08-01T13:04:50.7205150-04:00","E65CD1B3008EF1B6042B3F856535F91888276301077F797DE96F348A5EE03156","C:\Users\funny\Documents\AgentBridge-worktrees\gasper-vec901-903-proof-prep-20260801","tests\structural\gasper-character-identity-authority.test.ts","4"
"source_or_tool",".ts","4058","2026-08-01T13:04:50.7194436-04:00","17BC78BB6781E6242AFECBFE9FA1641FB0EEAB0D8765ED53E1FF025BE7B02339","C:\Users\funny\Documents\AgentBridge-worktrees\gasper-vec901-903-proof-prep-20260801","tests\structural\gasper-automation-identity.test.ts","4"
"source_or_tool",".ts","3066","2026-08-01T13:04:50.7184427-04:00","521E2521D46BE9E0D2E0F2E62E498DCFF185A3BD7EBB76F340139566FA3792E0","C:\Users\funny\Documents\AgentBridge-worktrees\gasper-vec901-903-proof-prep-20260801","tests\structural\gasper-authority-freeze\freeze-hygiene.test.ts","4"
"source_or_tool",".ts","1367","2026-08-01T13:04:50.7174424-04:00","AA0F4CB99E26255E2572BAC7B83C4001CC0C88889008235EC2B23DEC2C5F0896","C:\Users\funny\Documents\AgentBridge-worktrees\gasper-vec901-903-proof-prep-20260801","tests\structural\gasper-authority-freeze\freeze-artifacts.test.ts","4"
"source_or_tool",".ts","9346","2026-08-01T13:04:50.7154379-04:00","1A109DF3BEA172ED0D6FF958ED2361387D3F7A22FBFF975DDE8603BA3D526116","C:\Users\funny\Documents\AgentBridge-worktrees\gasper-vec901-903-proof-prep-20260801","tests\structural\gasper-authority-freeze\authority-freeze.test.ts","4"
"source_or_tool",".ts","9619","2026-08-01T13:04:50.7134282-04:00","0A532982B55EB9DDFCA2CEEBFD8A94130D07FF4543F6ADD3EBC3D0DD347415D0","C:\Users\funny\Documents\AgentBridge-worktrees\gasper-vec901-903-proof-prep-20260801","tests\structural\gasper-architecture-v02.test.ts","3"
"source_or_tool",".ts","14468","2026-08-01T13:04:50.7114301-04:00","E9A9759D035AC3DCFE435761E03FC9B64211E96CB93279A8E3E2569B8F34DB00","C:\Users\funny\Documents\AgentBridge-worktrees\gasper-vec901-903-proof-prep-20260801","tests\structural\gasper-architect-review.test.ts","4"
"source_or_tool",".ts","3807","2026-08-01T13:04:50.7104238-04:00","2D099C4CFC04D02721C89F952135EAB9B9D25840FE18D628E8F6B06928E4D0DC","C:\Users\funny\Documents\AgentBridge-worktrees\gasper-vec901-903-proof-prep-20260801","tests\structural\gasper-animator-studio-timeline.test.ts","4"
"source_or_tool",".ts","14000","2026-08-01T13:04:50.7089191-04:00","B0CD6623767C420F2ED36D0CC83BD0318869B161065F7B0E0EEC3314BD7E7A22","C:\Users\funny\Documents\AgentBridge-worktrees\gasper-vec901-903-proof-prep-20260801","tests\structural\gasper-animator-golden-path.test.ts","4"
"source_or_tool",".ts","2526","2026-08-01T13:04:50.7079145-04:00","54D6EA26143F9D51C750D85A38B102BB22011F1F7B001133718C6F22102F6B67","C:\Users\funny\Documents\AgentBridge-worktrees\gasper-vec901-903-proof-prep-20260801","tests\structural\gasper-animation-selection-authority.test.ts","4"
"source_or_tool",".ts","4787","2026-08-01T13:04:50.7064103-04:00","6DD3478F46F2885606E18DA1802152AF24765342054E53D1FA4E1A7B7F73E816","C:\Users\funny\Documents\AgentBridge-worktrees\gasper-vec901-903-proof-prep-20260801","tests\structural\gasper-animation-editor\editor-model.test.ts","4"
"source_or_tool",".ts","2717","2026-08-01T13:04:50.7054040-04:00","271496350E7BF6C75EB0A849A3624DABFB083F51EF23E939A0F6068238135F9F","C:\Users\funny\Documents\AgentBridge-worktrees\gasper-vec901-903-proof-prep-20260801","tests\structural\gasper-animation-command-v2\command-v2.test.ts","4"
"source_or_tool",".ts","7493","2026-08-01T13:04:50.7028936-04:00","8E2F810D4B06C8FF87677F75A3E0521F11CFCB4C6073230DA29D43EFB45945FD","C:\Users\funny\Documents\AgentBridge-worktrees\gasper-vec901-903-proof-prep-20260801","tests\structural\gasper-affect-proof-product.test.ts","4"
"source_or_tool",".ts","3528","2026-08-01T13:04:50.7023885-04:00","C38E709981546244EA08D3F23DB222B2B22DE86525D9BE9B625CA14CEAE2FECF","C:\Users\funny\Documents\AgentBridge-worktrees\gasper-vec901-903-proof-prep-20260801","tests\structural\gasper-007-h-ir-ingest.test.ts","4"
"source_or_tool",".ts","6826","2026-08-01T13:04:50.7003887-04:00","5C3508FD59391B36587DAF9F5FCCB397D6D3F776B76A43D3A9EBC35074D539E0","C:\Users\funny\Documents\AgentBridge-worktrees\gasper-vec901-903-proof-prep-20260801","tests\structural\gasper-007-dops-01-interaction-authority.test.ts","4"
"source_or_tool",".ts","1491","2026-08-01T13:04:50.6993836-04:00","57E0111BCC750CB5563E8646E633F8D63FFD2C362E632D9B2D1079D0A9EC3AEE","C:\Users\funny\Documents\AgentBridge-worktrees\gasper-vec901-903-proof-prep-20260801","tests\structural\_write-hashes.test.ts","4"
"source_or_tool",".ts","472","2026-08-01T13:04:50.6972394-04:00","583A3FC666A0164434BA217DAB848391614E50B8E36129976601007236F529D9","C:\Users\funny\Documents\AgentBridge-worktrees\gasper-vec901-903-proof-prep-20260801","tests\structural\_dump-ir.test.ts","4"
"source_or_tool",".ts","4603","2026-08-01T13:04:50.6956968-04:00","4D76463A9193310CF0FA5F7A8B841696CC103EBBEB2A2950D2A99273F4781E30","C:\Users\funny\Documents\AgentBridge-worktrees\gasper-vec901-903-proof-prep-20260801","tests\integration\vertical-slice.test.ts","4"
"source_or_tool",".ts","3380","2026-08-01T13:04:50.6946983-04:00","F87C669EF0DE318A1977D95F16CABA4FB0AE94795ECF83CCBFC0B92167420369","C:\Users\funny\Documents\AgentBridge-worktrees\gasper-vec901-903-proof-prep-20260801","tests\integration\tunnel-structural.test.ts","4"
"source_or_tool",".ts","5454","2026-08-01T13:04:50.6936982-04:00","8E0EC5F5A44EA74276BF04DE4C6149F9C446C28117A2036AE6BC0C76C8C178F4","C:\Users\funny\Documents\AgentBridge-worktrees\gasper-vec901-903-proof-prep-20260801","tests\integration\third-party-mcp.test.ts","4"
"source_or_tool",".ts","3396","2026-08-01T13:04:50.6926975-04:00","8BA2F74D024DA3E4A2F1D2920B6414D9C35CD61BAE2D741D0FFDBC1A73B60E81","C:\Users\funny\Documents\AgentBridge-worktrees\gasper-vec901-903-proof-prep-20260801","tests\integration\relay-health.test.ts","4"
"source_or_tool",".ts","3165","2026-08-01T13:04:50.6916914-04:00","B310A5D932ADD68A448103786375BBD2511F3CCD0C7E701A0A42C07B24950FEF","C:\Users\funny\Documents\AgentBridge-worktrees\gasper-vec901-903-proof-prep-20260801","tests\integration\profiles-and-control.test.ts","4"
"source_or_tool",".ts","11004","2026-08-01T13:04:50.6906850-04:00","0C36D7840CEB4B395E48A435CE86C9311C70050E0BBF7F583DD2AA3EF631BFC2","C:\Users\funny\Documents\AgentBridge-worktrees\gasper-vec901-903-proof-prep-20260801","tests\integration\cross-process-studio-mcp.test.ts","4"
"source_or_tool",".ts","2840","2026-08-01T13:04:50.6891781-04:00","1A779018D38D1AE08F66C905EC3D1AF2E6F2BB9736224075971238A3535034F3","C:\Users\funny\Documents\AgentBridge-worktrees\gasper-vec901-903-proof-prep-20260801","tests\integration\browser-slice.test.ts","4"
"source_or_tool",".ts","1480","2026-08-01T13:04:50.6881800-04:00","3CC6F8F59D3A884DAB181C4E571515CE22D3F5B18CFD5D3E3516514F4FDBBE01","C:\Users\funny\Documents\AgentBridge-worktrees\gasper-vec901-903-proof-prep-20260801","tests\integration\auth-revoke.test.ts","4"
"source_or_tool",".mjs","3969","2026-08-01T13:04:50.6805099-04:00","AED5619EC9948D8A4DF310A52F540256A44B9C77B3C15E7E2D6A9FC02BBEEF0E","C:\Users\funny\Documents\AgentBridge-worktrees\gasper-vec901-903-proof-prep-20260801","tests\headed-acceptance\lib\cdp.mjs","4"
"source_or_tool",".ts","1113","2026-08-01T13:04:50.6775064-04:00","E9ACD56F3F03472680CAA635383C2EA85B715711D32FAA10961FCEB6CCD83CDC","C:\Users\funny\Documents\AgentBridge-worktrees\gasper-vec901-903-proof-prep-20260801","tests\failure\restart-cycles.test.ts","4"
"source_or_tool",".mjs","3540","2026-08-01T13:04:50.6739960-04:00","0BA82FAF4B8833DF87C9062576DD2E93355ABDA8E88290BCC24BF9A377ECC73A","C:\Users\funny\Documents\AgentBridge-worktrees\gasper-vec901-903-proof-prep-20260801","tests\content\gasper-demo\pack-integrity.test.mjs","4"
"source_or_tool",".mjs","13085","2026-08-01T13:04:50.6709587-04:00","01C88EAC784BA293BD91E83A53204FB772E1AC8B4C410CD66D3AA1585DB4F902","C:\Users\funny\Documents\AgentBridge-worktrees\gasper-vec901-903-proof-prep-20260801","tests\acceptance\sidekick-rapid-iteration.mjs","4"
"source_or_tool",".mjs","20774","2026-08-01T13:04:50.6699531-04:00","729A394BA940477BB899E87FC009DE179C7000721BE80D70D8869D428286F68D","C:\Users\funny\Documents\AgentBridge-worktrees\gasper-vec901-903-proof-prep-20260801","tests\acceptance\run-acceptance.mjs","4"
"source_or_tool",".mjs","4884","2026-08-01T13:04:50.6684466-04:00","7893C98DC46B9A22BF9A1EBCEB7CE65CF5F52D4B9EC79325600539CCF39EE929","C:\Users\funny\Documents\AgentBridge-worktrees\gasper-vec901-903-proof-prep-20260801","tests\acceptance\capture-ui-evidence.mjs","4"
"source_or_tool",".mjs","2876","2026-08-01T13:04:50.6593211-04:00","C57FA88A5C9FC9F1579C4C5B10CDAC568F36DBD5D5C3B830ED6BF463664421F0","C:\Users\funny\Documents\AgentBridge-worktrees\gasper-vec901-903-proof-prep-20260801","scripts\visual-product-gate-mcp.mjs","4"
"source_or_tool",".mjs","3775","2026-08-01T13:04:50.6583213-04:00","C053A5772CC2A468373DB792FC03DBE64941544144543428E12B0F43871D1187","C:\Users\funny\Documents\AgentBridge-worktrees\gasper-vec901-903-proof-prep-20260801","scripts\visual-product-gate-mcp-client.mjs","4"
"source_or_tool",".mjs","3906","2026-08-01T13:04:50.6573222-04:00","19F7FDC98F524EB04847655E0B23B9E26B1AC30A239AE6CBB7F202F6B838B6D3","C:\Users\funny\Documents\AgentBridge-worktrees\gasper-vec901-903-proof-prep-20260801","scripts\visual-product-gate-demo.mjs","4"
"source_or_tool",".mjs","225","2026-08-01T13:04:50.6553172-04:00","1408FEF57C80E77EBEE1E781177370B107EF39CA7D47FB5B7E293731343120CB","C:\Users\funny\Documents\AgentBridge-worktrees\gasper-vec901-903-proof-prep-20260801","scripts\transplant-grok-approval-lineage.mjs","4"
"source_or_tool",".ps1","9984","2026-08-01T13:04:50.6538039-04:00","43C281BCB9BE67F8ECF993C012E723E0AF7BD5129FA6515B9889808BA4642AC4","C:\Users\funny\Documents\AgentBridge-worktrees\gasper-vec901-903-proof-prep-20260801","scripts\switch-service-to-user.ps1","4"
"source_or_tool",".mjs","34888","2026-08-01T13:04:50.6522991-04:00","22C68D93832AA12F20AC0A2A3FBABA38E764AC5269F1BA70D25C60C0D38F9A7C","C:\Users\funny\Documents\AgentBridge-worktrees\gasper-vec901-903-proof-prep-20260801","scripts\studio-surface-traversal.mjs","4"
"source_or_tool",".mjs","4318","2026-08-01T13:04:50.6513000-04:00","A810321651B0D4B3D5A87F337981C2B792A3186E4CFFD03AF432A933050070E5","C:\Users\funny\Documents\AgentBridge-worktrees\gasper-vec901-903-proof-prep-20260801","scripts\studio-surface-traversal-supplemental.mjs","4"
"source_or_tool",".mjs","4031","2026-08-01T13:04:50.6502930-04:00","5305F18F177654ED124E92C305EB83592AE007CA463D1AE18E397230C07E3D64","C:\Users\funny\Documents\AgentBridge-worktrees\gasper-vec901-903-proof-prep-20260801","scripts\studio-provider-process.mjs","4"
"source_or_tool",".ps1","1468","2026-08-01T13:04:50.6492930-04:00","A4B1E98B52E6B16D518449CBB91A5FFDEC1893CBBF72472A07A30631C9538744","C:\Users\funny\Documents\AgentBridge-worktrees\gasper-vec901-903-proof-prep-20260801","scripts\start-terminal-pilot-host.ps1","4"
"source_or_tool",".mjs","7852","2026-08-01T13:04:50.6467808-04:00","72A7AE725D7690C24307B45AF434E0E8252F949ED92F3C6464F8C02C6EAFB47C","C:\Users\funny\Documents\AgentBridge-worktrees\gasper-vec901-903-proof-prep-20260801","scripts\run-transition-authority-verify.mjs","4"
"source_or_tool",".mjs","5001","2026-08-01T13:04:50.6457770-04:00","7D46DD39E1D78B018F52D070EB402E03A157B252FACF566A174E958C7F175065","C:\Users\funny\Documents\AgentBridge-worktrees\gasper-vec901-903-proof-prep-20260801","scripts\run-pilot-sequence.mjs","4"
"source_or_tool",".mjs","15782","2026-08-01T13:04:50.6442731-04:00","1B13C9AFF20FF28BB6F7077D092A397E94BE19576882096349253813582269FE","C:\Users\funny\Documents\AgentBridge-worktrees\gasper-vec901-903-proof-prep-20260801","scripts\run-dual-renderer-comparison.mjs","4"
"source_or_tool",".mjs","8626","2026-08-01T13:04:50.6442731-04:00","3BB9D95D7CA32CA8CA10D2BE5FF5CEFF85ADE1C7C9AB1CD4F8CD26A199AC93F8","C:\Users\funny\Documents\AgentBridge-worktrees\gasper-vec901-903-proof-prep-20260801","scripts\run-embodiment-verification.mjs","4"
"source_or_tool",".mjs","906","2026-08-01T13:04:50.6431904-04:00","A52FB52FF9D8C1D146521BBEA84B44F62CA4B80269C0D50CB50A00A6EA67EC93","C:\Users\funny\Documents\AgentBridge-worktrees\gasper-vec901-903-proof-prep-20260801","scripts\run-book004-live-checks.mjs","4"
"source_or_tool",".mjs","5245","2026-08-01T13:04:50.6411860-04:00","FACB262F4DFD24A139EF8891B62A3760BC1CB63D2F5B7642A89DE2FC45DE28E2","C:\Users\funny\Documents\AgentBridge-worktrees\gasper-vec901-903-proof-prep-20260801","scripts\run-authority-validation.mjs","4"
"source_or_tool",".mjs","4349","2026-08-01T13:04:50.6406583-04:00","4600DA44661A84665CF1F4409D819C685B4561FF2CF142FA71300FD17137BDE2","C:\Users\funny\Documents\AgentBridge-worktrees\gasper-vec901-903-proof-prep-20260801","scripts\run-accept-lifecycle.mjs","4"
"source_or_tool",".mjs","200","2026-08-01T13:04:50.6385641-04:00","9D9FD4BFB78F39A86D5CF3363D5F6C702611B5B05A7542DAA3065B50ACE02BF2","C:\Users\funny\Documents\AgentBridge-worktrees\gasper-vec901-903-proof-prep-20260801","scripts\restore-local-grok-approval-surface.mjs","4"
"source_or_tool",".ps1","1256","2026-08-01T13:04:50.6370543-04:00","1B9C2E7BA17639D16D3D01E7A01A6DC48A39EEC7B4C72B456FCE960435E7B67D","C:\Users\funny\Documents\AgentBridge-worktrees\gasper-vec901-903-proof-prep-20260801","scripts\restart-agentbridge-service.ps1","4"
"source_or_tool",".mjs","666","2026-08-01T13:04:50.6363916-04:00","1AC495B3D3EE5C582D070FE94C32E4A2352415C1349D79EE9161D1B997D9CC8B","C:\Users\funny\Documents\AgentBridge-worktrees\gasper-vec901-903-proof-prep-20260801","scripts\replace-app-function.mjs","4"
"source_or_tool",".mjs","4869","2026-08-01T13:04:50.6353851-04:00","A77F8FC10090C0EAD5BF222EE6B86CEBC7DF8B3CD8BCF66DD6BECC3188444801","C:\Users\funny\Documents\AgentBridge-worktrees\gasper-vec901-903-proof-prep-20260801","scripts\render-ux-marquees.mjs","4"
"source_or_tool",".mjs","6350","2026-08-01T13:04:50.6326378-04:00","5BFE5534265A45A9FCCDA3CD39D1E32213802EBE9CB3FC2AAE8427A2A837BED7","C:\Users\funny\Documents\AgentBridge-worktrees\gasper-vec901-903-proof-prep-20260801","scripts\register-agentbridge-source.mjs","4"
"source_or_tool",".mjs","2374","2026-08-01T13:04:50.6326378-04:00","846E22706D2A83EFED8FFC84EC5F09327F9D4CC5145CF8C9EECB28C206B33AED","C:\Users\funny\Documents\AgentBridge-worktrees\gasper-vec901-903-proof-prep-20260801","scripts\recapture-expressions.mjs","4"
"source_or_tool",".cjs","977","2026-08-01T13:04:50.6316383-04:00","0757A3142484CF9E9F91C5C129037584EA810532D1F9913625106CECECBB84BE","C:\Users\funny\Documents\AgentBridge-worktrees\gasper-vec901-903-proof-prep-20260801","scripts\read-live-config.cjs","4"
"source_or_tool",".mjs","6441","2026-08-01T13:04:50.6294346-04:00","A6A27926BCDE06C6BCCB79504EF6E14744019DA7908041FD7C5F01B9735364DC","C:\Users\funny\Documents\AgentBridge-worktrees\gasper-vec901-903-proof-prep-20260801","scripts\proof-motion-resurrection.mjs","4"
"source_or_tool",".mjs","14141","2026-08-01T13:04:50.6284336-04:00","B2FDF706E79E6865D6944FD22FF00DEF3C16D2144C50591D9A21863FD6DC76B6","C:\Users\funny\Documents\AgentBridge-worktrees\gasper-vec901-903-proof-prep-20260801","scripts\proof-mcp-save-reopen.mjs","4"
"source_or_tool",".mjs","8056","2026-08-01T13:04:50.6274271-04:00","155BB6C74B05711FCC76891C2ADE66DB44E18233409B743BB11631A999C799D9","C:\Users\funny\Documents\AgentBridge-worktrees\gasper-vec901-903-proof-prep-20260801","scripts\proof-legacy-authority-character.mjs","4"
"source_or_tool",".mjs","8293","2026-08-01T13:04:50.6259215-04:00","E4AADFCF8354E55F17223033801796C2F4446C818EA9D3BD4B27367E5A65D6A4","C:\Users\funny\Documents\AgentBridge-worktrees\gasper-vec901-903-proof-prep-20260801","scripts\proof-form-slider-mutation.mjs","4"
"source_or_tool",".mjs","11520","2026-08-01T13:04:50.6259215-04:00","A047F2B57E0F26FB80D17F459F38FE925DAB5AE1D9544AE7E92BADEA36403D25","C:\Users\funny\Documents\AgentBridge-worktrees\gasper-vec901-903-proof-prep-20260801","scripts\proof-headed-studio-mutations.mjs","4"
"source_or_tool",".mjs","3738","2026-08-01T13:04:50.6244177-04:00","319335470E542AE3D37EC92586D8FA688245D199E748AE924F1817EC54A20F91","C:\Users\funny\Documents\AgentBridge-worktrees\gasper-vec901-903-proof-prep-20260801","scripts\proof-extra-frames.mjs","4"
"source_or_tool",".mjs","9807","2026-08-01T13:04:50.6234166-04:00","16483F337802B792ACB95C9C5B2E2E2752C018C2AB0DB5C9E3873F8C95CF43F0","C:\Users\funny\Documents\AgentBridge-worktrees\gasper-vec901-903-proof-prep-20260801","scripts\proof-embodiment-bounds.mjs","4"
"source_or_tool",".mjs","5477","2026-08-01T13:04:50.6224111-04:00","D41250F6629127924E85F7C831A746091B8784296069C6EB01D60624CAEC86B4","C:\Users\funny\Documents\AgentBridge-worktrees\gasper-vec901-903-proof-prep-20260801","scripts\proof-architect-review.mjs","4"
"source_or_tool",".mjs","3718","2026-08-01T13:04:50.6203861-04:00","4EF51B31E9BA04E7365DC0C518BA7422CEE99DB78FE1B1F355A200284011BBAD","C:\Users\funny\Documents\AgentBridge-worktrees\gasper-vec901-903-proof-prep-20260801","scripts\proof-animation-mcp-runtime.mjs","4"
"source_or_tool",".mjs","2309","2026-08-01T13:04:50.6193882-04:00","5E9B8A78822D4B56636E003DD0F4216D50F64BAEC7B2FAC2724CE132A04A9290","C:\Users\funny\Documents\AgentBridge-worktrees\gasper-vec901-903-proof-prep-20260801","scripts\proof-animation-golden.mjs","4"
"source_or_tool",".ps1","5014","2026-08-01T13:04:50.6173864-04:00","44CA781AF43AA5A61740C158F11ECD67875EA72A02DE911183338C42B45F1110","C:\Users\funny\Documents\AgentBridge-worktrees\gasper-vec901-903-proof-prep-20260801","scripts\post-reboot-verify-and-soak.ps1","4"
"source_or_tool",".ps1","3771","2026-08-01T13:04:50.6163492-04:00","0944EFEBA8277193FA103736F473AEBA2C01E74F77D27319E5CBF2DC65084E2E","C:\Users\funny\Documents\AgentBridge-worktrees\gasper-vec901-903-proof-prep-20260801","scripts\point-scm-at-user-data.ps1","4"
"source_or_tool",".mjs","13135","2026-08-01T13:04:50.6153428-04:00","FC3BFD42C4C7D6E476FDB4A4ADBF5AAEB61B585CF8C3C838010115860994DF2B","C:\Users\funny\Documents\AgentBridge-worktrees\gasper-vec901-903-proof-prep-20260801","scripts\phase5-static-analysis.mjs","4"
"source_or_tool",".mjs","919","2026-08-01T13:04:50.6138364-04:00","B099554BC933452F982AC22BB5060167D23AFCCDED623214BEEA5FF06C3D7BA6","C:\Users\funny\Documents\AgentBridge-worktrees\gasper-vec901-903-proof-prep-20260801","scripts\patch-scenario-resolver.mjs","4"
"source_or_tool",".mjs","3274","2026-08-01T13:04:50.6128366-04:00","EB2C559B2F15BBA4BE0E81CE861348B6145135F96679772E00DDBD11CD8737D1","C:\Users\funny\Documents\AgentBridge-worktrees\gasper-vec901-903-proof-prep-20260801","scripts\patch-delegated-grok-approval.mjs","4"
"source_or_tool",".mjs","2077","2026-08-01T13:04:50.6118372-04:00","50A42C5FAAA8292ADD148CEE0CBB90FBDA45953F8F533D484C32B0005F53D4CC","C:\Users\funny\Documents\AgentBridge-worktrees\gasper-vec901-903-proof-prep-20260801","scripts\parse-accept-results.mjs","4"
"source_or_tool",".mjs","2095","2026-08-01T13:04:50.6108323-04:00","4B511A60AD8594CE2223D74A0DA130BCA355415512E874FEA8A0E26060EF5731","C:\Users\funny\Documents\AgentBridge-worktrees\gasper-vec901-903-proof-prep-20260801","scripts\migrate-sidekickex.mjs","4"
"source_or_tool",".mjs","2864","2026-08-01T13:04:50.6088230-04:00","603F58FD2A517B0C24215C5A11856EEADD48525E1B19D69D2A689D4FA7FE8A5D","C:\Users\funny\Documents\AgentBridge-worktrees\gasper-vec901-903-proof-prep-20260801","scripts\mcp-health.mjs","4"
"source_or_tool",".mjs","29068","2026-08-01T13:04:50.6078214-04:00","690E6F3BD7CA4A5AB240C4BB154FAB69AC4B6F0F1BEAD3FA32502FC8EE8F8302","C:\Users\funny\Documents\AgentBridge-worktrees\gasper-vec901-903-proof-prep-20260801","scripts\live-projection-bootstrap-gate.mjs","4"
"source_or_tool",".mjs","3254","2026-08-01T13:04:50.6068208-04:00","D903509F41C82A671210591DF2A7D104E1FD32ED8D59F2BEABBCEC100DB168F5","C:\Users\funny\Documents\AgentBridge-worktrees\gasper-vec901-903-proof-prep-20260801","scripts\launch-approved-h1.mjs","4"
"source_or_tool",".mjs","9561","2026-08-01T13:04:50.6052441-04:00","F042FE0C303740DD0163E2FD10C198264A3CD54A32345DDC64BAC44C007B8F77","C:\Users\funny\Documents\AgentBridge-worktrees\gasper-vec901-903-proof-prep-20260801","scripts\inventory-original-renderer.mjs","4"
"source_or_tool",".ps1","1827","2026-08-01T13:04:50.6037419-04:00","13A138EEFB85E3A23CC7B9D3B932589AF6125C1ACE139C606FDF80C6A5C5BA77","C:\Users\funny\Documents\AgentBridge-worktrees\gasper-vec901-903-proof-prep-20260801","scripts\human-soak-sample.ps1","4"
"source_or_tool",".cjs","1912","2026-08-01T13:04:50.6027421-04:00","65486B90A8988857A2EC13A5C339656E88FC058E7B04D6E59E7C34CEA0593E25","C:\Users\funny\Documents\AgentBridge-worktrees\gasper-vec901-903-proof-prep-20260801","scripts\gasper-visual-qa\seal-r2-redesign-markers.cjs","4"
"source_or_tool",".ps1","2447","2026-08-01T13:04:50.6017424-04:00","349F2EA5B54BE24A7072745CB6E1C17C62DE95DAFEBD86F76CEB42BBDD7AC552","C:\Users\funny\Documents\AgentBridge-worktrees\gasper-vec901-903-proof-prep-20260801","scripts\gasper-visual-qa\resolve-packaged-window.ps1","4"
"source_or_tool",".mjs","3588","2026-08-01T13:04:50.6007416-04:00","0A227E40D4A0CCAE0BEDAE57942668B65BE24490838F658046E61068136DAC88","C:\Users\funny\Documents\AgentBridge-worktrees\gasper-vec901-903-proof-prep-20260801","scripts\gasper-visual-qa\poll-redesign-markers.mjs","4"
"source_or_tool",".py","1925","2026-08-01T13:04:50.5997374-04:00","D732D2F4986AF6F1BC8592BEB5D42F6B19000B24053CFCE9F1F1030DB55DBC8F","C:\Users\funny\Documents\AgentBridge-worktrees\gasper-vec901-903-proof-prep-20260801","scripts\gasper-visual-qa\patch-r2-marker-root.py","4"
"source_or_tool",".mjs","21895","2026-08-01T13:04:50.5982319-04:00","4B04DD3C2B52245E089B64CC0FAEB3AC1FAEF4FAFBA76BB6BC07ACE1021C2EAE","C:\Users\funny\Documents\AgentBridge-worktrees\gasper-vec901-903-proof-prep-20260801","scripts\gasper-visual-qa\matrix-drive.mjs","3"
"source_or_tool",".mjs","4590","2026-08-01T13:04:50.5972250-04:00","3AD5C0C456E45C17212C55ABBC650DB780241240C1F6EF2FF69EA5090C018EA9","C:\Users\funny\Documents\AgentBridge-worktrees\gasper-vec901-903-proof-prep-20260801","scripts\gasper-visual-qa\lib\tile-provenance.mjs","4"
"source_or_tool",".mjs","12202","2026-08-01T13:04:50.5957152-04:00","569A543C3CD7F5F83783188DDE4F8B65B55078FB47CCBEC224120742FCCD89AC","C:\Users\funny\Documents\AgentBridge-worktrees\gasper-vec901-903-proof-prep-20260801","scripts\gasper-visual-qa\lib\telemetry.mjs","4"
"source_or_tool",".mjs","9935","2026-08-01T13:04:50.5944788-04:00","93070A24917AF298B914922C74CFEAD94D4E319E584DAE724D54E3F9C3A6F8D9","C:\Users\funny\Documents\AgentBridge-worktrees\gasper-vec901-903-proof-prep-20260801","scripts\gasper-visual-qa\lib\sheet-window.mjs","4"
"source_or_tool",".mjs","5595","2026-08-01T13:04:50.5934797-04:00","51FC84AB3D5D5386A4A7319CCE9AD27C5C8F0520001C11971127908F3FFC6EC5","C:\Users\funny\Documents\AgentBridge-worktrees\gasper-vec901-903-proof-prep-20260801","scripts\gasper-visual-qa\lib\review-package.mjs","4"
"source_or_tool",".mjs","7984","2026-08-01T13:04:50.5924776-04:00","4A39B8580B74B311C94E7037B965234B250241FDF087E8F0363FE48A27C0500F","C:\Users\funny\Documents\AgentBridge-worktrees\gasper-vec901-903-proof-prep-20260801","scripts\gasper-visual-qa\lib\redesign-poll.mjs","4"
"source_or_tool",".mjs","5105","2026-08-01T13:04:50.5914773-04:00","77A955BE6D5B0511E167333D9F7ABB15F5E0B3C034B699EABF50493653030FD6","C:\Users\funny\Documents\AgentBridge-worktrees\gasper-vec901-903-proof-prep-20260801","scripts\gasper-visual-qa\lib\redesign-markers.mjs","4"
"source_or_tool",".mjs","4879","2026-08-01T13:04:50.5904102-04:00","CB3B29D8E621EBDA9A9F3FF0D8B6FABAF2D53DDC7BB9E919A5CB297355E33A3A","C:\Users\funny\Documents\AgentBridge-worktrees\gasper-vec901-903-proof-prep-20260801","scripts\gasper-visual-qa\lib\inventory.mjs","4"
"source_or_tool",".mjs","3735","2026-08-01T13:04:50.5668193-04:00","669FEC6ACD126B8B4C446293216438B9913CB4A54FE0FDCAED7F0501CC908F90","C:\Users\funny\Documents\AgentBridge-worktrees\gasper-vec901-903-proof-prep-20260801","scripts\gasper-visual-qa\lib\hash-audit.mjs","4"
"source_or_tool",".mjs","4564","2026-08-01T13:04:50.5653076-04:00","77ED5822B1BF33CB4C508F79A8975B91C58D604C9DB994CEB06249A627D157A3","C:\Users\funny\Documents\AgentBridge-worktrees\gasper-vec901-903-proof-prep-20260801","scripts\gasper-visual-qa\lib\geometry-metrics.mjs","4"
"source_or_tool",".mjs","12566","2026-08-01T13:04:50.5638011-04:00","4C102C2946A26E93C6B42310E1D71B3354E8979EAD099C0DCBCF6C1501B51AFA","C:\Users\funny\Documents\AgentBridge-worktrees\gasper-vec901-903-proof-prep-20260801","scripts\gasper-visual-qa\lib\full-matrix-driver.mjs","4"
"source_or_tool",".mjs","2419","2026-08-01T13:04:50.5626498-04:00","78E4E0A7C98B20630184C73F643ED54847937F35A0F01F75EE678E380068BB8F","C:\Users\funny\Documents\AgentBridge-worktrees\gasper-vec901-903-proof-prep-20260801","scripts\gasper-visual-qa\lib\frame-index.mjs","4"
"source_or_tool",".mjs","9027","2026-08-01T13:04:50.5616504-04:00","A1AA691AC25CED4D82E6F0A62D283E124802814CC19E947BA8A4A275AA70FCB4","C:\Users\funny\Documents\AgentBridge-worktrees\gasper-vec901-903-proof-prep-20260801","scripts\gasper-visual-qa\lib\exercise-matrix.mjs","3"
"source_or_tool",".mjs","7546","2026-08-01T13:04:50.5591400-04:00","536896E8D0D7DBBCE069D1B3FA11FA71B78C87918F05DA33A2B128EDD6C5A8FA","C:\Users\funny\Documents\AgentBridge-worktrees\gasper-vec901-903-proof-prep-20260801","scripts\gasper-visual-qa\lib\evidence-verdict.mjs","4"
"source_or_tool",".mjs","8319","2026-08-01T13:04:50.5581400-04:00","2A2D59177F2CB699057FDDEB86EF060ED980693D57C162C344280B9BE87BA4E4","C:\Users\funny\Documents\AgentBridge-worktrees\gasper-vec901-903-proof-prep-20260801","scripts\gasper-visual-qa\lib\evidence-gate.mjs","4"
"source_or_tool",".mjs","4611","2026-08-01T13:04:50.5571341-04:00","3ADA2A08284971245AF0810255A82C8664D0A2755BE074100D463B6E9F0552E9","C:\Users\funny\Documents\AgentBridge-worktrees\gasper-vec901-903-proof-prep-20260801","scripts\gasper-visual-qa\lib\drive-step-actions.mjs","3"
"source_or_tool",".mjs","3005","2026-08-01T13:04:50.5556206-04:00","7F29AC14240943D2C9DDBB8DCB6A396881002B6E6CD2382EA38F0E996C6FE9C5","C:\Users\funny\Documents\AgentBridge-worktrees\gasper-vec901-903-proof-prep-20260801","scripts\gasper-visual-qa\lib\done-document.mjs","4"
"source_or_tool",".mjs","10427","2026-08-01T13:04:50.5541175-04:00","95844944AEEF2864AE932CCF547DC6C1015DB47C0B1A64415A3B12E5136C05E3","C:\Users\funny\Documents\AgentBridge-worktrees\gasper-vec901-903-proof-prep-20260801","scripts\gasper-visual-qa\lib\defect-ledger.mjs","4"
"source_or_tool",".mjs","12532","2026-08-01T13:04:50.5541175-04:00","11B674B630D7CB53E78BA363DAE01620568661FD9CD299F930073367307BDFC6","C:\Users\funny\Documents\AgentBridge-worktrees\gasper-vec901-903-proof-prep-20260801","scripts\gasper-visual-qa\lib\coverage-receipt.mjs","4"
"source_or_tool",".mjs","2323","2026-08-01T13:04:50.5531179-04:00","3E199F3E43811CA4629B8F48247E2377F3C9E46E821EBF3CFAEA6693CC8DF7DA","C:\Users\funny\Documents\AgentBridge-worktrees\gasper-vec901-903-proof-prep-20260801","scripts\gasper-visual-qa\lib\completion.mjs","4"
"source_or_tool",".mjs","6481","2026-08-01T13:04:50.5516089-04:00","80FB0142EA41E69569950BF40F5A73C4963E481B37771E916905F242659BF849","C:\Users\funny\Documents\AgentBridge-worktrees\gasper-vec901-903-proof-prep-20260801","scripts\gasper-visual-qa\lib\capture-path.mjs","4"
"source_or_tool",".py","572","2026-08-01T13:04:50.5486051-04:00","AAE20EAEC40E83C8E3EA0803B08B0D7D6EF8EE6337ED19D9FF3CAE9DD1DB16ED","C:\Users\funny\Documents\AgentBridge-worktrees\gasper-vec901-903-proof-prep-20260801","scripts\gasper-visual-qa\fix-r2-poll-test.py","4"
"source_or_tool",".mjs","37494","2026-08-01T13:04:50.5476053-04:00","FC89DEA7F603D255FCFD927DE7634480560C6479AFAEA1D96D157C2292F87B53","C:\Users\funny\Documents\AgentBridge-worktrees\gasper-vec901-903-proof-prep-20260801","scripts\gasper-visual-qa\capture-review-iteration.mjs","4"
"source_or_tool",".mjs","38514","2026-08-01T13:04:50.5455871-04:00","E3CEA434DDD1A65172F059F8409F9EE57177CE774CA6E6667BDDB0503F52F6CE","C:\Users\funny\Documents\AgentBridge-worktrees\gasper-vec901-903-proof-prep-20260801","scripts\gasper-vector-organism\scan-no-raster-runtime.mjs","1"
"source_or_tool",".mjs","14524","2026-08-01T13:04:50.5417907-04:00","4205F89AA9B293F3F230E1608D5047316E466AE04ECE83D1F55CEFE7CD48E336","C:\Users\funny\Documents\AgentBridge-worktrees\gasper-vec901-903-proof-prep-20260801","scripts\gasper-tss0\run-packaged-proof.mjs","3"
"source_or_tool",".mjs","11390","2026-08-01T13:04:50.5407849-04:00","2DC3A0639B9A853E734192AEF054A2CC95CCDC44463DE06FAD548EEF5C4DB32A","C:\Users\funny\Documents\AgentBridge-worktrees\gasper-vec901-903-proof-prep-20260801","scripts\gasper-tss0\patch-vec201-analytic-relief.mjs","3"
"source_or_tool",".mjs","34736","2026-08-01T13:04:50.5387758-04:00","82ACAA7A4AA0BA0CD049BBAEB0378AA8D3BF12CFDF0F27EEB87302C9580BDD7E","C:\Users\funny\Documents\AgentBridge-worktrees\gasper-vec901-903-proof-prep-20260801","scripts\gasper-temporal\headed-multiframe-harness.mjs","4"
"source_or_tool",".mjs","3417","2026-08-01T13:04:50.5377770-04:00","76630F7795AD5913C3F6F8B4F59B96C3FD6DCD0E603372C86ECD3E15F99EB2E1","C:\Users\funny\Documents\AgentBridge-worktrees\gasper-vec901-903-proof-prep-20260801","scripts\gasper-temporal\analyze-frame-sequence.mjs","4"
"source_or_tool",".mjs","25547","2026-08-01T13:04:50.5352478-04:00","B7EB56F3301923D984B92CBB20CBCEE81574B51FB8E12EE59C7B1B07E0CBA08F","C:\Users\funny\Documents\AgentBridge-worktrees\gasper-vec901-903-proof-prep-20260801","scripts\gasper-release-closure\run-release-proof.mjs","4"
"source_or_tool",".mjs","28787","2026-08-01T13:04:50.5327415-04:00","6C6410D24A89086D8BC83D8FFBBE424202AECF70C4481BB7FF699AEEDEA5EB93","C:\Users\funny\Documents\AgentBridge-worktrees\gasper-vec901-903-proof-prep-20260801","scripts\gasper-r4-seal\run-r4-seal.mjs","4"
"source_or_tool",".mjs","1680","2026-08-01T13:04:50.5317442-04:00","DF057FF3769ABDF1F47AB3DEEF426D33902097AFB1BEC4F35C002F889D0EE762","C:\Users\funny\Documents\AgentBridge-worktrees\gasper-vec901-903-proof-prep-20260801","scripts\gasper-r4-seal\poll-r4-markers.mjs","4"
"source_or_tool",".mjs","18601","2026-08-01T13:04:50.5302330-04:00","356312D39E564BCFEC75F195AA00565BAE776DCEAD193466EC6578C07ECFD55F","C:\Users\funny\Documents\AgentBridge-worktrees\gasper-vec901-903-proof-prep-20260801","scripts\gasper-r4-seal\lib\r4-visual-predicates.mjs","4"
"source_or_tool",".mjs","9178","2026-08-01T13:04:50.5287279-04:00","13249ABEA1B293107410641F70FE380E5FC07F029827BDACEB9AD2E68F896DBD","C:\Users\funny\Documents\AgentBridge-worktrees\gasper-vec901-903-proof-prep-20260801","scripts\gasper-r4-seal\lib\r4-sheet-luminance.mjs","4"
"source_or_tool",".mjs","6804","2026-08-01T13:04:50.5277290-04:00","67FFC3A862C27A1F858457838A9484C437756174D27B1BA243F9467FBE32CEBE","C:\Users\funny\Documents\AgentBridge-worktrees\gasper-vec901-903-proof-prep-20260801","scripts\gasper-r4-seal\lib\r4-orchestrator-pure.mjs","4"
"source_or_tool",".mjs","10608","2026-08-01T13:04:50.5267281-04:00","E25A3AB31CF3B748EC2DB439B403C7554FD92C18F75F657C224BA4524A5F316A","C:\Users\funny\Documents\AgentBridge-worktrees\gasper-vec901-903-proof-prep-20260801","scripts\gasper-r4-seal\lib\r4-marker-validate.mjs","4"
"source_or_tool",".mjs","8756","2026-08-01T13:04:50.5257227-04:00","A7948D9641D09FDFC5F60E6A9CF15B3EF489763692011AFA9D84DADF9C277FE1","C:\Users\funny\Documents\AgentBridge-worktrees\gasper-vec901-903-proof-prep-20260801","scripts\gasper-r4-seal\lib\r4-marker-poll.mjs","4"
"source_or_tool",".mjs","3381","2026-08-01T13:04:50.5244218-04:00","0CCAF478E92DC48AC118B1143739AC00941A4B506AC34205F0CFD8EF9CD7DE0F","C:\Users\funny\Documents\AgentBridge-worktrees\gasper-vec901-903-proof-prep-20260801","scripts\gasper-r4-seal\lib\r4-lanes.mjs","4"
"source_or_tool",".mjs","11316","2026-08-01T13:04:50.5224214-04:00","76171C51172CB99FE91F253C93E5DF6E1A89BBF24F51FD55F87A9A28BF326634","C:\Users\funny\Documents\AgentBridge-worktrees\gasper-vec901-903-proof-prep-20260801","scripts\gasper-r4-seal\lib\r4-geometry-predicates.mjs","4"
"source_or_tool",".mjs","5298","2026-08-01T13:04:50.5214157-04:00","8767A2C3904DBABD17F8AD38DFF7668402DD1F0B2F692BD97AC9838552E19F92","C:\Users\funny\Documents\AgentBridge-worktrees\gasper-vec901-903-proof-prep-20260801","scripts\gasper-r4-seal\lib\r4-final-verdict.mjs","4"
"source_or_tool",".mjs","17580","2026-08-01T13:04:50.5173847-04:00","0FDF4E4AA5688F46FAD2A67B7055B81BA063E459A52B67D4732ED80C97D21654","C:\Users\funny\Documents\AgentBridge-worktrees\gasper-vec901-903-proof-prep-20260801","scripts\gasper-r3-seal\run-r3-seal.mjs","4"
"source_or_tool",".mjs","1680","2026-08-01T13:04:50.5163856-04:00","F7CD3749FCB51ED18929F448A1E0B4B1E3F0E303D8DCDC226B1C7C7683DF8F97","C:\Users\funny\Documents\AgentBridge-worktrees\gasper-vec901-903-proof-prep-20260801","scripts\gasper-r3-seal\poll-r3-markers.mjs","4"
"source_or_tool",".mjs","3937","2026-08-01T13:04:50.5153796-04:00","5064721ACBD75F9FF3C6EC1AF6882AD07F9831B218F56B0FD43D23ED2D216220","C:\Users\funny\Documents\AgentBridge-worktrees\gasper-vec901-903-proof-prep-20260801","scripts\gasper-r3-seal\lib\r3-orchestrator-pure.mjs","4"
"source_or_tool",".mjs","11755","2026-08-01T13:04:50.5133713-04:00","7380C1C304F5AD938E7FFDFA0658ADD93CE07A8B7CC27E81006DD3F1B27E2042","C:\Users\funny\Documents\AgentBridge-worktrees\gasper-vec901-903-proof-prep-20260801","scripts\gasper-r3-seal\lib\r3-marker-validate.mjs","4"
"source_or_tool",".mjs","8977","2026-08-01T13:04:50.5123714-04:00","4DA2E8C25AB7E4F990B8D88242C5F6C201FFB1DCDC80D63AE5CBC02947B6ED46","C:\Users\funny\Documents\AgentBridge-worktrees\gasper-vec901-903-proof-prep-20260801","scripts\gasper-r3-seal\lib\r3-marker-poll.mjs","4"
"source_or_tool",".mjs","2373","2026-08-01T13:04:50.5113735-04:00","CB0CF1ADE643BAF7C594BE8B177F640B116A5BEE2CC8E2100AAAEAB3E6865F87","C:\Users\funny\Documents\AgentBridge-worktrees\gasper-vec901-903-proof-prep-20260801","scripts\gasper-r3-seal\lib\r3-lanes.mjs","4"
"source_or_tool",".mjs","8409","2026-08-01T13:04:50.5103668-04:00","C6534B05C4F15EB981F8DB1DFAA9AAF39134C1C31298588741BE7A70F7F0D4F3","C:\Users\funny\Documents\AgentBridge-worktrees\gasper-vec901-903-proof-prep-20260801","scripts\gasper-r3-seal\lib\r3-geometry-predicates.mjs","4"
"source_or_tool",".mjs","5448","2026-08-01T13:04:50.5088467-04:00","076C91C7286E90DCC245875B2C3C975C86539D0C5D3EDDA904EDFB2A34616AA0","C:\Users\funny\Documents\AgentBridge-worktrees\gasper-vec901-903-proof-prep-20260801","scripts\gasper-r3-seal\lib\r3-final-verdict.mjs","4"
"source_or_tool",".mjs","31001","2026-08-01T13:04:50.5046868-04:00","88F8459C9C67EFCE4797596E54764F61D6E7EA2BD9DD28C041E475361340C839","C:\Users\funny\Documents\AgentBridge-worktrees\gasper-vec901-903-proof-prep-20260801","scripts\gasper-pilot-003b\run-headed-packaged-proof.mjs","4"
"source_or_tool",".mjs","19994","2026-08-01T13:04:50.5024405-04:00","C004BC6CC79E2AFD01A43A702694DA0F9C5FF4A36604AFA3D8D0A621FCA49E5F","C:\Users\funny\Documents\AgentBridge-worktrees\gasper-vec901-903-proof-prep-20260801","scripts\gasper-pilot-002\run-headed-packaged-proof.mjs","4"
"source_or_tool",".mjs","1782","2026-08-01T13:04:50.5004370-04:00","472B37A57AE1E8C84116110C8538F1D89B3E7BD506F852A68AA60CEBBF5C8E07","C:\Users\funny\Documents\AgentBridge-worktrees\gasper-vec901-903-proof-prep-20260801","scripts\gasper-operational-acceptance\run-structural-acceptance.mjs","4"
"source_or_tool",".mjs","3190","2026-08-01T13:04:50.4984377-04:00","92EC18A5E895E45397AA2D7EE9ACB797D66806B0EBE5DFD10CF5ACE594B391DA","C:\Users\funny\Documents\AgentBridge-worktrees\gasper-vec901-903-proof-prep-20260801","scripts\gasper-operational-acceptance\probe-relief-dom.mjs","4"
"source_or_tool",".mjs","8860","2026-08-01T13:04:50.4973143-04:00","ED2A26C1854ADC8464BFB79B8F728BA5EA456324F5FA8ECBF2F7B89EEDDE31E7","C:\Users\funny\Documents\AgentBridge-worktrees\gasper-vec901-903-proof-prep-20260801","scripts\gasper-operational-acceptance\capture-perf-and-mcp.mjs","4"
"source_or_tool",".mjs","15425","2026-08-01T13:04:50.4963086-04:00","4DC7E9BE56D75801FA887B67759CC806F175ABDBCCC7AB8556293561440B8E38","C:\Users\funny\Documents\AgentBridge-worktrees\gasper-vec901-903-proof-prep-20260801","scripts\gasper-operational-acceptance\capture-multistate-headed.mjs","4"
"source_or_tool",".mjs","4308","2026-08-01T13:04:50.4942892-04:00","6BDA66D32D987E3F301328F81888BFFD3EE4B216BF7ED10F3DE9EBA5A5799556","C:\Users\funny\Documents\AgentBridge-worktrees\gasper-vec901-903-proof-prep-20260801","scripts\gasper-operational-acceptance\capture-headed-and-offline.mjs","4"
"source_or_tool",".mjs","13526","2026-08-01T13:04:50.4922430-04:00","FF1495748F7FC5B69EE981B96379981E7F08385545EE175780B613DD53736E30","C:\Users\funny\Documents\AgentBridge-worktrees\gasper-vec901-903-proof-prep-20260801","scripts\gasper-layer-audit\run-layer-audit.mjs","4"
"source_or_tool",".mjs","17307","2026-08-01T13:04:50.4892436-04:00","2BCE425CEE94BA7D0A12AF0AF43982A6699AF6C9FBE20CEE036BC8B6FC19D923","C:\Users\funny\Documents\AgentBridge-worktrees\gasper-vec901-903-proof-prep-20260801","scripts\gasper-identity\capture-identity-corpus.mjs","4"
"source_or_tool",".mjs","4943","2026-08-01T13:04:50.4872383-04:00","63C5F54CB10B4481D49DCA0E30B10BC0F1594C7FF53DA8F499BF14527629CD33","C:\Users\funny\Documents\AgentBridge-worktrees\gasper-vec901-903-proof-prep-20260801","scripts\gasper-headed-host.mjs","4"
"source_or_tool",".mjs","11057","2026-08-01T13:04:50.4857284-04:00","68F33F871662261E1085E80004C5A94D1B69624CF8D415576987E30DE554732B","C:\Users\funny\Documents\AgentBridge-worktrees\gasper-vec901-903-proof-prep-20260801","scripts\gasper-final-integration\save-reopen-and-revision.mjs","4"
"source_or_tool",".mjs","13096","2026-08-01T13:04:50.4847234-04:00","4DC4CD85F8126B1C6378C94F2F8EFC964F8306A6F7055D977D4284D8F457C8F8","C:\Users\funny\Documents\AgentBridge-worktrees\gasper-vec901-903-proof-prep-20260801","scripts\gasper-final-integration\run-acceptance.mjs","4"
"source_or_tool",".mjs","4815","2026-08-01T13:04:50.4832120-04:00","55E586105F366F2A67B1048A480DE612F0E5A72DEEC332309F8998A05FE70238","C:\Users\funny\Documents\AgentBridge-worktrees\gasper-vec901-903-proof-prep-20260801","scripts\gasper-final-integration\probe-runtime-crash.mjs","4"
"source_or_tool",".mjs","2473","2026-08-01T13:04:50.4825995-04:00","857CF5208125CA79C6F26F8F8B987EBE7D65B60A19602A84156D5118380B58E8","C:\Users\funny\Documents\AgentBridge-worktrees\gasper-vec901-903-proof-prep-20260801","scripts\gasper-final-integration\probe-errors.mjs","4"
"source_or_tool",".mjs","2224","2026-08-01T13:04:50.4814493-04:00","A7D8063278F3F312536709D8F617CDE88A961B9045CCEC1FDA97040B0F571BDF","C:\Users\funny\Documents\AgentBridge-worktrees\gasper-vec901-903-proof-prep-20260801","scripts\gasper-final-integration\probe-boot.mjs","4"
"source_or_tool",".mjs","8568","2026-08-01T13:04:50.4789412-04:00","44186374840637BB657434B43144A3B5AAB7AD645BD98CF4ED36580F3E385EC7","C:\Users\funny\Documents\AgentBridge-worktrees\gasper-vec901-903-proof-prep-20260801","scripts\gasper-final-integration\mcp-model-revision.mjs","4"
"source_or_tool",".mjs","10093","2026-08-01T13:04:50.4779414-04:00","9D7DE141C08FA28B7E6C5F426B90867B306B87B605E77AB7AEC99614E3C593D8","C:\Users\funny\Documents\AgentBridge-worktrees\gasper-vec901-903-proof-prep-20260801","scripts\gasper-build-proof\verify-build-identity.mjs","4"
"source_or_tool",".mjs","533","2026-08-01T13:04:50.4759363-04:00","F462A1705BF2DA544DFDADDA899D9FA37574B52BCB4B4654321FB1D0BC223804","C:\Users\funny\Documents\AgentBridge-worktrees\gasper-vec901-903-proof-prep-20260801","scripts\gasper-006\operational\run-f000-proofs.mjs","4"
"source_or_tool",".mjs","20991","2026-08-01T13:04:50.4739195-04:00","8801FD6D5D0C2BBE860F30D7280FAAD2C2C8FBEFF09BD8403EBBF16BDC53A9CF","C:\Users\funny\Documents\AgentBridge-worktrees\gasper-vec901-903-proof-prep-20260801","scripts\gasper-006\operational\cold-start-proof.mjs","4"
"source_or_tool",".mjs","23759","2026-08-01T13:04:50.4719185-04:00","0EC1FE39E0BD45FAC6CE18132C0F407BF580AF24995FEF229D4A40EB85B0DA9D","C:\Users\funny\Documents\AgentBridge-worktrees\gasper-vec901-903-proof-prep-20260801","scripts\gasper-006\mining\fixture-domain\mine-fixtures.mjs","4"
"source_or_tool",".mjs","5263","2026-08-01T13:04:50.4709135-04:00","44CAC21B366D383EAD25B00C3B27CF689CA8D11C0C57994F54CB57EBC46B731A","C:\Users\funny\Documents\AgentBridge-worktrees\gasper-vec901-903-proof-prep-20260801","scripts\gasper-006\mining\fixture-domain\extract-runtime-defaults.mjs","4"
"source_or_tool",".mjs","24351","2026-08-01T13:04:50.4684085-04:00","41BF2519A9436D35F36743B2B09960B2B23676178C8E4940E7EB06A9C35CE63B","C:\Users\funny\Documents\AgentBridge-worktrees\gasper-vec901-903-proof-prep-20260801","scripts\gasper-006\mining\clip-document\mine-clips.mjs","4"
"source_or_tool",".mjs","28297","2026-08-01T13:04:50.4637296-04:00","D81587A1780AA01A7E34555C2113BCD7068D8643990FB9FF5D5BC920A23AA5B1","C:\Users\funny\Documents\AgentBridge-worktrees\gasper-vec901-903-proof-prep-20260801","scripts\gasper-006\mine-runtime-fixtures.test.mjs","4"
"source_or_tool",".mjs","49048","2026-08-01T13:04:50.4627239-04:00","1E93F223F8492CE564D4F959F4784E93C5EC063E2A43E9BB892DAEBDCC7FC46A","C:\Users\funny\Documents\AgentBridge-worktrees\gasper-vec901-903-proof-prep-20260801","scripts\gasper-006\mine-runtime-fixtures.mjs","4"
"source_or_tool",".mjs","6002","2026-08-01T13:04:50.4617252-04:00","0B95A88F00DBA0592114511158E51A14352EE9E4ACEC060C3559813A2F401FAB","C:\Users\funny\Documents\AgentBridge-worktrees\gasper-vec901-903-proof-prep-20260801","scripts\gasper-006\lib\zero-write-preload.mjs","4"
"source_or_tool",".mjs","26229","2026-08-01T13:04:50.4607243-04:00","5BC82675F03DC81F139CD66C4FB2C68D1E4DBE3C97B31AF2702960D964C7953B","C:\Users\funny\Documents\AgentBridge-worktrees\gasper-vec901-903-proof-prep-20260801","scripts\gasper-006\lib\io.mjs","4"
"source_or_tool",".mjs","35521","2026-08-01T13:04:50.4582158-04:00","F05346775A3AEA3C2530600289A3C6F9B6369DFA5B5D5A836A77F53142D00B32","C:\Users\funny\Documents\AgentBridge-worktrees\gasper-vec901-903-proof-prep-20260801","scripts\gasper-006\integrate-mining.mjs","4"
"source_or_tool",".css","3611","2026-08-01T13:04:50.4572166-04:00","5BBDFEB393C1F23B848884DFE7207A893D48ECD5133F6A03A66338A1E233C853","C:\Users\funny\Documents\AgentBridge-worktrees\gasper-vec901-903-proof-prep-20260801","scripts\gasper-006\human-review\surface\review.css","4"
"source_or_tool",".js","7339","2026-08-01T13:04:50.4557035-04:00","49571D5488C280CF83408694D72793974FD552F80E2E9C6A1187AF97AFDEAEA3","C:\Users\funny\Documents\AgentBridge-worktrees\gasper-vec901-903-proof-prep-20260801","scripts\gasper-006\human-review\surface\review-app.js","4"
"source_or_tool",".html","6537","2026-08-01T13:04:50.4536982-04:00","8CB570FBC58DC2BC562FC7DC81E5A9C2BA2DC1FB242600931EBFFD5ABA9A5C54","C:\Users\funny\Documents\AgentBridge-worktrees\gasper-vec901-903-proof-prep-20260801","scripts\gasper-006\human-review\surface\index.html","4"
"source_or_tool",".mjs","6806","2026-08-01T13:04:50.4526887-04:00","27786DADE95827BA85647B37624B5E1DEC1C2E6DC349AE8282FB0CFB15AAC5FD","C:\Users\funny\Documents\AgentBridge-worktrees\gasper-vec901-903-proof-prep-20260801","scripts\gasper-006\human-review\review-server.mjs","4"
"source_or_tool",".mjs","8400","2026-08-01T13:04:50.4506821-04:00","24F4199E9A7B66E80B1F99B718517CF0C41527B930D6F9BEAF7EA6C93D91989A","C:\Users\funny\Documents\AgentBridge-worktrees\gasper-vec901-903-proof-prep-20260801","scripts\gasper-006\human-review\review-cli.mjs","4"
"source_or_tool",".mjs","28705","2026-08-01T13:04:50.4491776-04:00","D4D6613E89EA378DF5A6F7E6AEDEA30964CEBA112CC558D690526CACBC1FC10F","C:\Users\funny\Documents\AgentBridge-worktrees\gasper-vec901-903-proof-prep-20260801","scripts\gasper-006\human-review\prepare-d003h.mjs","4"
"source_or_tool",".mjs","15544","2026-08-01T13:04:50.4481720-04:00","881B1E19794364ABA8994059848548A1108877A6604F74B3ABB4E0B93FED76E9","C:\Users\funny\Documents\AgentBridge-worktrees\gasper-vec901-903-proof-prep-20260801","scripts\gasper-006\human-review\lib\store.mjs","4"
"source_or_tool",".mjs","2657","2026-08-01T13:04:50.4466673-04:00","698AA2844CB2B27F3A150009C774986302AE15F0DAC1EC66BA6536FAC193CBEF","C:\Users\funny\Documents\AgentBridge-worktrees\gasper-vec901-903-proof-prep-20260801","scripts\gasper-006\human-review\lib\paths.mjs","4"
"source_or_tool",".mjs","5245","2026-08-01T13:04:50.4466673-04:00","CE48C7C2699A8BC62233C7BAB198539B11A3D057AB0D3B3E31F695EF0193193E","C:\Users\funny\Documents\AgentBridge-worktrees\gasper-vec901-903-proof-prep-20260801","scripts\gasper-006\human-review\lib\schema.mjs","4"
"source_or_tool",".mjs","2629","2026-08-01T13:04:50.4441570-04:00","A13C89C5CFC7F22A6C2AFA32F467BD6F10975658E5C64AD89CBEA8E2A7779BB6","C:\Users\funny\Documents\AgentBridge-worktrees\gasper-vec901-903-proof-prep-20260801","scripts\gasper-006\human-review\lib\media-schema.mjs","4"
"source_or_tool",".mjs","1164","2026-08-01T13:04:50.4431513-04:00","25474A17B578D1F5894259E647858956CA0DF10C1DA0731B1FEC6275C1E375EF","C:\Users\funny\Documents\AgentBridge-worktrees\gasper-vec901-903-proof-prep-20260801","scripts\gasper-006\human-review\lib\hash.mjs","4"
"source_or_tool",".mjs","5892","2026-08-01T13:04:50.4406455-04:00","544BCA267F12800E7203754F2698495914EF5ECB4D08BD4C0ACE96355694055E","C:\Users\funny\Documents\AgentBridge-worktrees\gasper-vec901-903-proof-prep-20260801","scripts\gasper-006\human-review\capture-stimuli.mjs","4"
"source_or_tool",".mjs","2547","2026-08-01T13:04:50.4376351-04:00","E35D5EEE45BFDB031E8CDDAC24694381F278D94E51E314DC9CB38525D9DD6D40","C:\Users\funny\Documents\AgentBridge-worktrees\gasper-vec901-903-proof-prep-20260801","scripts\gasper-006\grammar\validate-draft-status.mjs","4"
"source_or_tool",".mjs","6634","2026-08-01T13:04:50.4371305-04:00","4C5B6349E83558886B798594954BA48CF6772A8920482599DAF61375F6B2750D","C:\Users\funny\Documents\AgentBridge-worktrees\gasper-vec901-903-proof-prep-20260801","scripts\gasper-006\grammar\grammar-contracts.pending.test.mjs","4"
"source_or_tool",".mjs","46562","2026-08-01T13:04:50.4339765-04:00","7B638039965AB7C75B66858E584B82ADE676A17F1B3E6133580795CAD2FC3519","C:\Users\funny\Documents\AgentBridge-worktrees\gasper-vec901-903-proof-prep-20260801","scripts\gasper-006\grammar\generate-pre-d003h-analysis.mjs","4"
"source_or_tool",".mjs","886","2026-08-01T13:04:50.4319704-04:00","81706B5B658789970245B02F21A5891792FFBF688C2B7C052CDF8B2AD306F65B","C:\Users\funny\Documents\AgentBridge-worktrees\gasper-vec901-903-proof-prep-20260801","scripts\gasper-006\grammar\analyze-range-findings.mjs","4"
"source_or_tool",".mjs","26273","2026-08-01T13:04:50.4289199-04:00","87848DD643992F7F3EDC79C7DD7E3359D0502B86DA7DC84E0B5F62E45612EAE6","C:\Users\funny\Documents\AgentBridge-worktrees\gasper-vec901-903-proof-prep-20260801","scripts\gasper-006\d003s\run-d003s.mjs","4"
"source_or_tool",".mjs","3417","2026-08-01T13:04:50.4289199-04:00","7B2A173774935316140EF0D1B5778C02E7AB0152399ED2C2191D75BEFBC8B37B","C:\Users\funny\Documents\AgentBridge-worktrees\gasper-vec901-903-proof-prep-20260801","scripts\gasper-006\d003s\update-status-after-d003s.mjs","4"
"source_or_tool",".mjs","11412","2026-08-01T13:04:50.4265965-04:00","809FE89FE4D830CE1834D5F2F114BF750ECEDFCB2412D909847AC6A8E9BE08D6","C:\Users\funny\Documents\AgentBridge-worktrees\gasper-vec901-903-proof-prep-20260801","scripts\gasper-006\d003s\promote-synthetic-anchors-and-freeze.mjs","4"
"source_or_tool",".mjs","22577","2026-08-01T13:04:50.4240853-04:00","F6B1E6E01F9ED43BA8D2399B9AA9ABD82C970D93B76BB0758E97EBEE5C9C454E","C:\Users\funny\Documents\AgentBridge-worktrees\gasper-vec901-903-proof-prep-20260801","scripts\gasper-006\calibration\review\prepare-review.mjs","4"
"source_or_tool",".mjs","19289","2026-08-01T13:04:50.4220849-04:00","8DB98B4FF39798E25059A4E35E091789ACE0B2F8A2F2E9A2511CCD8FFCBE9190","C:\Users\funny\Documents\AgentBridge-worktrees\gasper-vec901-903-proof-prep-20260801","scripts\gasper-006\calibration\native\calibrate-native.mjs","4"
"source_or_tool",".mjs","13238","2026-08-01T13:04:50.4195594-04:00","0AF1549B70CDD0BD8046A3DAC7D0D148D4FF7773CD3D94884E830594F80D6730","C:\Users\funny\Documents\AgentBridge-worktrees\gasper-vec901-903-proof-prep-20260801","scripts\gasper-006\calibration\integrate-calibration.mjs","4"
"source_or_tool",".mjs","14552","2026-08-01T13:04:50.4175588-04:00","CF7DED122587ADF4F0275225F1F291531DE44519A49FBDBEE505AB7B20EFACB8","C:\Users\funny\Documents\AgentBridge-worktrees\gasper-vec901-903-proof-prep-20260801","scripts\gasper-006\calibration\calibration.test.mjs","4"
"source_or_tool",".mjs","5077","2026-08-01T13:04:50.4140404-04:00","AAEAB4CD185456DA79A0430F69577F0EC83BC9FF4BD83E2677A07B327F86826C","C:\Users\funny\Documents\AgentBridge-worktrees\gasper-vec901-903-proof-prep-20260801","scripts\f001-live-acceptance.mjs","4"
"source_or_tool",".mjs","210","2026-08-01T13:04:50.4130399-04:00","D1284BC92D6DA1685AF1C7E1304A057EADBBB985AF94D6CA91A0CF2F42C8B6D0","C:\Users\funny\Documents\AgentBridge-worktrees\gasper-vec901-903-proof-prep-20260801","scripts\extract-app-snippet.mjs","4"
"source_or_tool",".mjs","1107","2026-08-01T13:04:50.4120395-04:00","73930C7300AD4552F9E00DBA805AFFA9D49F79906566289154E4DE2E6E427E51","C:\Users\funny\Documents\AgentBridge-worktrees\gasper-vec901-903-proof-prep-20260801","scripts\export-diagnostic-bundle.mjs","4"
"source_or_tool",".ps1","6142","2026-08-01T13:04:50.4110394-04:00","FF1F2E8B8E600BD83BDA0DD32E00DE11B1184FDCEBB3A55713FBD4FDFE1BBD4A","C:\Users\funny\Documents\AgentBridge-worktrees\gasper-vec901-903-proof-prep-20260801","scripts\ensure-latest-gasper-rig.ps1","4"
"source_or_tool",".ps1","6054","2026-08-01T13:04:50.4100332-04:00","95D527E4550A57CE5D67990433ACABAE02AA861C25D186A4A52E7AE6D5976E7A","C:\Users\funny\Documents\AgentBridge-worktrees\gasper-vec901-903-proof-prep-20260801","scripts\elevated-scm-install-and-arm-reboot.ps1","4"
"source_or_tool",".mjs","18121","2026-08-01T13:04:50.4085280-04:00","FA5C96D0E963CDF3127182B58E0BB7E830310B6F45E20EE6D954B9517AFB7581","C:\Users\funny\Documents\AgentBridge-worktrees\gasper-vec901-903-proof-prep-20260801","scripts\deploy-mcp-host.mjs","4"
"source_or_tool",".mjs","6061","2026-08-01T13:04:50.4075275-04:00","2F60C46B0A296C20277C8DF8ACE642DA3C831EBD0702AC16104CB7AF990E44BB","C:\Users\funny\Documents\AgentBridge-worktrees\gasper-vec901-903-proof-prep-20260801","scripts\context-kernel.mjs","4"
"source_or_tool",".ps1","2725","2026-08-01T13:04:50.4055213-04:00","854C1B96FAF10DC35F6BF5767E1C9E3F1655385370AC3494200A61E48493BB70","C:\Users\funny\Documents\AgentBridge-worktrees\gasper-vec901-903-proof-prep-20260801","scripts\cleanup-agentbridge-clutter.ps1","4"
"source_or_tool",".mjs","1524","2026-08-01T13:04:50.4044063-04:00","D39BCC21CFDCABC882483A183FAC7E7178EFFFC2075C51AC339FAFA68B0728A8","C:\Users\funny\Documents\AgentBridge-worktrees\gasper-vec901-903-proof-prep-20260801","scripts\check-h1-approval.mjs","4"
"source_or_tool",".mjs","8364","2026-08-01T13:04:50.4034062-04:00","5254250EAA45CFEAF8147749E202DD7596D1E4974A1570EA52F89424616C9A3E","C:\Users\funny\Documents\AgentBridge-worktrees\gasper-vec901-903-proof-prep-20260801","scripts\capture-raf-profile.mjs","4"
"source_or_tool",".mjs","5377","2026-08-01T13:04:50.4024079-04:00","180142A33A1F163864062DC5CC356CC3B07E0DB8E0D5C9DC70F6AFEE827C1508","C:\Users\funny\Documents\AgentBridge-worktrees\gasper-vec901-903-proof-prep-20260801","scripts\capture-r1-performance.mjs","4"
"source_or_tool",".mjs","2791","2026-08-01T13:04:50.4004007-04:00","6A1D50E7D20A4EAA6DC8585285FB407FE9239C8C3CF4E240898FCCC5F8ADCE9D","C:\Users\funny\Documents\AgentBridge-worktrees\gasper-vec901-903-proof-prep-20260801","scripts\capture-embodiment-gallery.mjs","4"
"source_or_tool",".mjs","4170","2026-08-01T13:04:50.3993959-04:00","9DD7785152C4866F26920F6BE1B78C5E30381AA6AFE93C7912D649FFDD15EF87","C:\Users\funny\Documents\AgentBridge-worktrees\gasper-vec901-903-proof-prep-20260801","scripts\capture-dais-runtime.mjs","4"
"source_or_tool",".mjs","14924","2026-08-01T13:04:50.3988914-04:00","25883779F401C9ACE5FBBADB8A96EB80A5CDD5E37EB8523AE4A55AE2DBD4581D","C:\Users\funny\Documents\AgentBridge-worktrees\gasper-vec901-903-proof-prep-20260801","scripts\build-studio-cartography-2.1.mjs","4"
"source_or_tool",".mjs","7675","2026-08-01T13:04:50.3978925-04:00","3E2077CF7EA49874A05F352A61D7DFE63D4700A01635697A44FB241B94D7F10B","C:\Users\funny\Documents\AgentBridge-worktrees\gasper-vec901-903-proof-prep-20260801","scripts\build-gasper-studio.mjs","4"
"source_or_tool",".mjs","7827","2026-08-01T13:04:50.3663289-04:00","6B91D6DF2C2119D4E81A3CF0060010AE189E6BDFBF9511DEE0F1938E7138FBB6","C:\Users\funny\Documents\AgentBridge-worktrees\gasper-vec901-903-proof-prep-20260801","scripts\app-capture\run-fixture-video-evidence.mjs","4"
"source_or_tool",".mjs","5976","2026-08-01T13:04:50.3647881-04:00","E9C92A28544308541B8642F6D45EE657DB48AFBDAB0C99207422C32B121B0BF9","C:\Users\funny\Documents\AgentBridge-worktrees\gasper-vec901-903-proof-prep-20260801","scripts\accept-gasper-006-golden-performance.mjs","4"
"source_or_tool",".ps1","2644","2026-08-01T13:04:50.3632838-04:00","1E84189658A35B7C0AB37293E732703152C66830905E352CAB91E87AD0001DC7","C:\Users\funny\Documents\AgentBridge-worktrees\gasper-vec901-903-proof-prep-20260801","scripts\WATCH_AGENTBRIDGE_SUPERVISOR.ps1","4"
"source_or_tool",".ps1","881","2026-08-01T13:04:50.3622803-04:00","62AB8BBAA96C51A003ECAA84A5E480D5ED4A15618A2ED6D7F8EE58D191AEFBBF","C:\Users\funny\Documents\AgentBridge-worktrees\gasper-vec901-903-proof-prep-20260801","scripts\SYNC_DESKTOP_UI.ps1","4"
"source_or_tool",".ps1","8350","2026-08-01T13:04:50.3587463-04:00","5630091C81E4D487A18FE0FBB385CA07303EC77FC21BB4D55314D6497E77253B","C:\Users\funny\Documents\AgentBridge-worktrees\gasper-vec901-903-proof-prep-20260801","scripts\RESTORE_WORKING_STATE.ps1","4"
"source_or_tool",".ps1","1281","2026-08-01T13:04:50.3567424-04:00","101743300B4E778DE5B99832EC5D9FB8E58B88DB8F82DDA34DBA3FB93A72991A","C:\Users\funny\Documents\AgentBridge-worktrees\gasper-vec901-903-proof-prep-20260801","scripts\OPEN_TAURI_STUDIO.ps1","4"
"source_or_tool",".ps1","9913","2026-08-01T13:04:50.3552306-04:00","0393ADD9C2AAEBA30DE4EAFF002DCDF8FBDFCD78443F8D488CE1A72F2E10D75A","C:\Users\funny\Documents\AgentBridge-worktrees\gasper-vec901-903-proof-prep-20260801","scripts\OPEN_GASPER_STUDIO_PILOT.ps1","4"
"source_or_tool",".ps1","4522","2026-08-01T13:04:50.3522330-04:00","D3817E7CBBC0C3221608EA92749FC03A215150D0905D6A46C7DA6087B5833B71","C:\Users\funny\Documents\AgentBridge-worktrees\gasper-vec901-903-proof-prep-20260801","scripts\INSTALL_PACKAGED_APP.ps1","4"
"source_or_tool",".ps1","1521","2026-08-01T13:04:50.3512310-04:00","4F0AA4E484CEBC86E8CD5B239B39F4361A6FD385AAC015AA95523677D2FAE106","C:\Users\funny\Documents\AgentBridge-worktrees\gasper-vec901-903-proof-prep-20260801","scripts\DEPLOY_SCENARIO_LAB_AND_GATEWAY.ps1","4"
"source_or_tool",".ps1","4757","2026-08-01T13:04:50.3502261-04:00","C440E222A642810C7B3662A892FF3A9D25E24E773F92855523C2C8896FFE7CFA","C:\Users\funny\Documents\AgentBridge-worktrees\gasper-vec901-903-proof-prep-20260801","scripts\CLOSE_GASPER_STUDIO_PILOT.ps1","4"
"source_or_tool",".mjs","4088","2026-08-01T13:04:50.3442073-04:00","3069EEA1A8E8B27C4F1601F91CB5AD106B2C9740862C49A35AA1CEC9B4CE1B71","C:\Users\funny\Documents\AgentBridge-worktrees\gasper-vec901-903-proof-prep-20260801","relay\server.mjs","4"
"source_or_tool",".ts","4284","2026-08-01T13:04:50.3335995-04:00","B11128B0DD93ED2E891A3E54237143F94C48366E5C4BEE93F33003ACF4F69FE6","C:\Users\funny\Documents\AgentBridge-worktrees\gasper-vec901-903-proof-prep-20260801","packages\terminal-pilot\src\visibility.ts","4"
"source_or_tool",".ts","2625","2026-08-01T13:04:50.3315999-04:00","B8AA74A0CD42982875EC3C800BF10E27910352FA93BFF26CBF5393DB20B8BD1D","C:\Users\funny\Documents\AgentBridge-worktrees\gasper-vec901-903-proof-prep-20260801","packages\terminal-pilot\src\types.ts","4"
"source_or_tool",".ts","6487","2026-08-01T13:04:50.3305938-04:00","EB1FAEFBF4C2FBAC1E9481E675F0E1A0FBA349069DAE1C094BF19AF95F339686","C:\Users\funny\Documents\AgentBridge-worktrees\gasper-vec901-903-proof-prep-20260801","packages\terminal-pilot\src\session-manager.ts","4"
"source_or_tool",".ts","3404","2026-08-01T13:04:50.3295904-04:00","8829A445BFC06EE779D6EFE5B904F734AF7073F5E770DA3ABFA3969B2CEEE795","C:\Users\funny\Documents\AgentBridge-worktrees\gasper-vec901-903-proof-prep-20260801","packages\terminal-pilot\src\security.ts","4"
"source_or_tool",".ts","5848","2026-08-01T13:04:50.3285862-04:00","C6341FA1C9C352451DA47FFDC0F41F47939CEFF055A6834EE152F8031BD34F71","C:\Users\funny\Documents\AgentBridge-worktrees\gasper-vec901-903-proof-prep-20260801","packages\terminal-pilot\src\screen-buffer.ts","4"
"source_or_tool",".ts","7822","2026-08-01T13:04:50.3270838-04:00","4482EB8AEC8B0825B5515F3A42679E65B4D7E1427D1B2DDD45AF86CA02046225","C:\Users\funny\Documents\AgentBridge-worktrees\gasper-vec901-903-proof-prep-20260801","packages\terminal-pilot\src\ipc-server.ts","4"
"source_or_tool",".ts","241","2026-08-01T13:04:50.3260768-04:00","2EC4977F794E1C27F00354C67DBE6CAE7B488913B96D08519637B0A8529DCEF7","C:\Users\funny\Documents\AgentBridge-worktrees\gasper-vec901-903-proof-prep-20260801","packages\terminal-pilot\src\index.ts","4"
"source_or_tool",".ts","1660","2026-08-01T13:04:50.3245739-04:00","87E6C653CEFFE956016C289D0C8385B45B894EE342D22B07C61E5B710CB5DFD8","C:\Users\funny\Documents\AgentBridge-worktrees\gasper-vec901-903-proof-prep-20260801","packages\terminal-pilot\src\host-main.ts","4"
"source_or_tool",".ts","5598","2026-08-01T13:04:50.3225669-04:00","B797CE2BFCBA846A0A6B9886800433481A94B812D5FC91FCF260E1DEFEE2F6D3","C:\Users\funny\Documents\AgentBridge-worktrees\gasper-vec901-903-proof-prep-20260801","packages\terminal-pilot\src\grok-adapter.ts","4"
"source_or_tool",".ts","8669","2026-08-01T13:04:50.3210597-04:00","C8DA2AF52CE170E1E77D303BBCCAC240E108784A5A12204FB73CBB0EDE524353","C:\Users\funny\Documents\AgentBridge-worktrees\gasper-vec901-903-proof-prep-20260801","packages\terminal-pilot\src\conpty-session.ts","4"
"source_or_tool",".ts","794","2026-08-01T13:04:50.3200539-04:00","14F6CAE6535553E763BE332195A60CEEA7F2E226967009E544953ACA38AF51FA","C:\Users\funny\Documents\AgentBridge-worktrees\gasper-vec901-903-proof-prep-20260801","packages\terminal-pilot\src\action-log.ts","4"
"source_or_tool",".mjs","13199","2026-08-01T13:04:50.3185486-04:00","64D6F32D4AF66F2F0116172A69CA407CF70F760A69E37D4BED23CF33EB14A64D","C:\Users\funny\Documents\AgentBridge-worktrees\gasper-vec901-903-proof-prep-20260801","packages\terminal-pilot\scripts\run-acceptance.mjs","4"
"source_or_tool",".ts","2580","2026-08-01T13:04:50.3089674-04:00","D0FF7758656A19C7EADDBFEBE402555E720A9DCA7C51537681E911C3B0E1DED4","C:\Users\funny\Documents\AgentBridge-worktrees\gasper-vec901-903-proof-prep-20260801","packages\supervisor\src\tunnel-status.ts","4"
"source_or_tool",".ts","4924","2026-08-01T13:04:50.3089674-04:00","18321AFAE17AF996F12EEE2BAA422E1F5F79D4BCC7E127B574F15527895B6D87","C:\Users\funny\Documents\AgentBridge-worktrees\gasper-vec901-903-proof-prep-20260801","packages\supervisor\src\tunnel.ts","4"
"source_or_tool",".ts","6438","2026-08-01T13:04:50.3069619-04:00","FBB31578E15279198E2A8AA0F7DB7404E6938BAD2C98CDECD75613E47881D1E7","C:\Users\funny\Documents\AgentBridge-worktrees\gasper-vec901-903-proof-prep-20260801","packages\supervisor\src\public-mcp-lifecycle.ts","4"
"source_or_tool",".ts","570","2026-08-01T13:04:50.3054477-04:00","A1B2813C916D4265FA5F5B8D08B90847220055D31F3DF5851C13060BB9E1C14D","C:\Users\funny\Documents\AgentBridge-worktrees\gasper-vec901-903-proof-prep-20260801","packages\supervisor\src\providers\types.ts","4"
"source_or_tool",".ts","9868","2026-08-01T13:04:50.3039422-04:00","0BF29692D0459F80EEC4BC013E8A1605B34CCB0E0A574477365829EB49717CCB","C:\Users\funny\Documents\AgentBridge-worktrees\gasper-vec901-903-proof-prep-20260801","packages\supervisor\src\providers\ngrok.ts","4"
"source_or_tool",".ts","4643","2026-08-01T13:04:50.3029406-04:00","7AB7AC1449B33C2ACD44100F3996A72B9AC0B39A5B0A3B943A04C0D76EB5343A","C:\Users\funny\Documents\AgentBridge-worktrees\gasper-vec901-903-proof-prep-20260801","packages\supervisor\src\providers\cloudflare.ts","4"
"source_or_tool",".ts","5747","2026-08-01T13:04:50.3009347-04:00","7CA0A6A67195D1AE408BF88B823D4032260E188F76C9779851C5D2143FA60B46","C:\Users\funny\Documents\AgentBridge-worktrees\gasper-vec901-903-proof-prep-20260801","packages\supervisor\src\process-manager.ts","4"
"source_or_tool",".ts","259","2026-08-01T13:04:50.2994319-04:00","BBE8A3F92DDF68A8396E64AC89BD77B053084F1AAFB398D1701E7A046B745387","C:\Users\funny\Documents\AgentBridge-worktrees\gasper-vec901-903-proof-prep-20260801","packages\supervisor\src\index.ts","4"
"source_or_tool",".ts","6189","2026-08-01T13:04:50.2984336-04:00","3CA22155E065BE31E4D9AEBBA58278E78554891D92ED02E92A1C274A741F3F90","C:\Users\funny\Documents\AgentBridge-worktrees\gasper-vec901-903-proof-prep-20260801","packages\supervisor\src\credentials-win.ts","4"
"source_or_tool",".ts","5804","2026-08-01T13:04:50.2974324-04:00","691783CB5CAEA0989FA7C87DEF3E360817A7EADB86FB8FF3368442F8AD47C0C3","C:\Users\funny\Documents\AgentBridge-worktrees\gasper-vec901-903-proof-prep-20260801","packages\supervisor\src\cli.ts","4"
"source_or_tool",".ts","5762","2026-08-01T13:04:50.2836895-04:00","CE332F5F38C09D171D721B28BD7467DC39BD3702BA6E1C0942E0BACB9ADD6F50","C:\Users\funny\Documents\AgentBridge-worktrees\gasper-vec901-903-proof-prep-20260801","packages\studio-protocol\src\broker.ts","4"
"source_or_tool",".ts","1127","2026-08-01T13:04:50.2826902-04:00","C92F1C7D2FC19C9CB50AABE9381956FD9785BB70CC84EB4E270DCC28423E2520","C:\Users\funny\Documents\AgentBridge-worktrees\gasper-vec901-903-proof-prep-20260801","packages\studio-protocol\src\animation-v2\index.ts","5"
"source_or_tool",".ts","131","2026-08-01T13:04:50.2747424-04:00","AA7858F05B2261348F1502FA076550B0930672E0DF3F054A22E8A8D9B68FB32E","C:\Users\funny\Documents\AgentBridge-worktrees\gasper-vec901-903-proof-prep-20260801","packages\shared\vitest.config.ts","5"
"source_or_tool",".ts","2827","2026-08-01T13:04:50.2716655-04:00","005B6374689410A128E62F093C0F1404E9DCD984420DF0637B9290781029E3BC","C:\Users\funny\Documents\AgentBridge-worktrees\gasper-vec901-903-proof-prep-20260801","packages\shared\src\sidekick.ts","5"
"source_or_tool",".ts","569","2026-08-01T13:04:50.2706653-04:00","908EE4FCD94591E9B3A0FEF27D1B19071A1F124D916901833D6F9D84BE4750E4","C:\Users\funny\Documents\AgentBridge-worktrees\gasper-vec901-903-proof-prep-20260801","packages\shared\src\redact.test.ts","5"
"source_or_tool",".ts","3012","2026-08-01T13:04:50.2696609-04:00","65D3C80D5950B58DF160BB0378205EEB69A9BDB56DEDF19C1E0E26B762B645BF","C:\Users\funny\Documents\AgentBridge-worktrees\gasper-vec901-903-proof-prep-20260801","packages\shared\src\paths.ts","5"
"source_or_tool",".ts","1405","2026-08-01T13:04:50.2684107-04:00","BF762A623DB191794000DB83FDBEB6B855408CFC5F9310BEA9E57272AE5FBABD","C:\Users\funny\Documents\AgentBridge-worktrees\gasper-vec901-903-proof-prep-20260801","packages\shared\src\paths.test.ts","5"
"source_or_tool",".ts","15075","2026-08-01T13:04:50.2674117-04:00","B2A5D85EDC10BC2EDA233A736D517F57118C9429ECC33CCD4DD7D66F2AECDA73","C:\Users\funny\Documents\AgentBridge-worktrees\gasper-vec901-903-proof-prep-20260801","packages\shared\src\index.ts","4"
"source_or_tool",".ts","2127","2026-08-01T13:04:50.2639017-04:00","A620DCFDF03377E10C399FE663F933BB16A85CA2E5234B989B8EA53B7383415C","C:\Users\funny\Documents\AgentBridge-worktrees\gasper-vec901-903-proof-prep-20260801","packages\shared\src\generated\expression-v2.d.ts","13"
"source_or_tool",".ts","3323","2026-08-01T13:04:50.1483814-04:00","3A83B3ECE622B6D983B5A36BDC120340F84ABC1AF8D6F2986584F0E0DE687730","C:\Users\funny\Documents\AgentBridge-worktrees\gasper-vec901-903-proof-prep-20260801","packages\shared\src\gasper-animation\types.ts","5"
"source_or_tool",".ts","46041","2026-08-01T13:04:50.1428752-04:00","57E3E757D768C6723FE23D29B7E12E30681FD1FDF10EB0886C21140DE1A25551","C:\Users\funny\Documents\AgentBridge-worktrees\gasper-vec901-903-proof-prep-20260801","packages\shared\src\gasper-animation\commands.ts","4"
"source_or_tool",".ts","4283","2026-08-01T13:04:50.1398685-04:00","9E240876A397302959CE692003C54AC858D8CD46705024DB80FFCA517B2C10C7","C:\Users\funny\Documents\AgentBridge-worktrees\gasper-vec901-903-proof-prep-20260801","packages\shared\src\expression-v2-contracts.ts","5"
"source_or_tool",".ts","1702","2026-08-01T13:04:50.1382098-04:00","FAE5BAB98858DC485065B67F72700E444BAA230A2E9680A5629A31006426AA1E","C:\Users\funny\Documents\AgentBridge-worktrees\gasper-vec901-903-proof-prep-20260801","packages\shared\src\expression-v2-contracts.test.ts","5"
"source_or_tool",".ts","2730","2026-08-01T13:04:50.1367041-04:00","927CCF5963B0A03D524780003A1DF56F7852E1FD77C547BB60FB555042F9E4F6","C:\Users\funny\Documents\AgentBridge-worktrees\gasper-vec901-903-proof-prep-20260801","packages\shared\src\expression-v2-contracts.dist.test.ts","5"
"source_or_tool",".ts","983","2026-08-01T13:04:50.1356971-04:00","E2E366E0D60136ACE083D5614EF753E7A3E4DF7A6184BC7211C06F67469A5D01","C:\Users\funny\Documents\AgentBridge-worktrees\gasper-vec901-903-proof-prep-20260801","packages\shared\src\expression-manifold.ts","5"
"source_or_tool",".ts","5550","2026-08-01T13:04:50.1341904-04:00","1D07FF0EA337278777FDC88F19F1FB5CB360E3D56AF79E2C5481A78326E38300","C:\Users\funny\Documents\AgentBridge-worktrees\gasper-vec901-903-proof-prep-20260801","packages\shared\src\app-capture\types.ts","4"
"source_or_tool",".ts","6364","2026-08-01T13:04:50.1331916-04:00","72E9F17B1F8C63A461FB7BC8BC716CB20A5F5A7F63DD31D1098DD9DEFDEFC90C","C:\Users\funny\Documents\AgentBridge-worktrees\gasper-vec901-903-proof-prep-20260801","packages\shared\src\app-capture\metrics.ts","4"
"source_or_tool",".ts","3949","2026-08-01T13:04:50.1321817-04:00","F0CD68B4CB9250DA4B02960DA6F7B15634B0300463B8F3B5A13BB5F7496F8BCA","C:\Users\funny\Documents\AgentBridge-worktrees\gasper-vec901-903-proof-prep-20260801","packages\shared\src\app-capture\metrics.test.ts","4"
"source_or_tool",".ts","102","2026-08-01T13:04:50.1306568-04:00","500474C2C26389B79199D1EA755D691A865F64E6BF51547F2DC794909E1932E9","C:\Users\funny\Documents\AgentBridge-worktrees\gasper-vec901-903-proof-prep-20260801","packages\shared\src\app-capture\index.ts","4"
"source_or_tool",".ts","7911","2026-08-01T13:04:50.1291511-04:00","9A29381F9F0F04BD6901835385C66ED74D0965D2AAF025A6FEB7FEE2040C19A2","C:\Users\funny\Documents\AgentBridge-worktrees\gasper-vec901-903-proof-prep-20260801","packages\shared\src\app-capture\gasper-motion-profile.ts","4"
"source_or_tool",".mjs","1779","2026-08-01T13:04:50.1256322-04:00","CABB8170DED3BCC31E1D368F468ACB44FED1A3BDDE1A2DEE3D13232994F91D7F","C:\Users\funny\Documents\AgentBridge-worktrees\gasper-vec901-903-proof-prep-20260801","packages\shared\scripts\copy-generated.mjs","5"
"source_or_tool",".ts","181","2026-08-01T13:04:50.1205753-04:00","A9D6344B7F601F8D02DFF085FE2614190DD5AAA734F264764224B7744663DCAE","C:\Users\funny\Documents\AgentBridge-worktrees\gasper-vec901-903-proof-prep-20260801","packages\gateway\vitest.config.ts","4"
"source_or_tool",".ts","3851","2026-08-01T13:04:50.1140494-04:00","502BCD2979D3B80B30FABC3A6451BDDD5C8742C9C050A1B2FC28FA5E2866C90B","C:\Users\funny\Documents\AgentBridge-worktrees\gasper-vec901-903-proof-prep-20260801","packages\gateway\src\updates.ts","4"
"source_or_tool",".ts","10441","2026-08-01T13:04:50.1120489-04:00","173AA25C95D6BE63828199DF45B37CF4FB69233C26AB9110E1163E88F59457F0","C:\Users\funny\Documents\AgentBridge-worktrees\gasper-vec901-903-proof-prep-20260801","packages\gateway\src\third-party\registry.ts","4"
"source_or_tool",".ts","7696","2026-08-01T13:04:50.1099919-04:00","5D5B9864071575F63C8DD78F0EF422C1B7AAD6A440C9C4505EB530F31E7CAB75","C:\Users\funny\Documents\AgentBridge-worktrees\gasper-vec901-903-proof-prep-20260801","packages\gateway\src\terminal-pilot\scheduled-task.ts","4"
"source_or_tool",".ts","31253","2026-08-01T13:04:50.1079923-04:00","6A5FBBCD8EA9E45AB1642DAFE31C94CA06DAB4BFCEE75DF78444426310636D1C","C:\Users\funny\Documents\AgentBridge-worktrees\gasper-vec901-903-proof-prep-20260801","packages\gateway\src\terminal-pilot\register-tools.ts","4"
"source_or_tool",".ts","5840","2026-08-01T13:04:50.0867357-04:00","4E38DCBDE8B516153FACA9088CAA0B0D44DDC3BEB889476A5C998D54274FF7ED","C:\Users\funny\Documents\AgentBridge-worktrees\gasper-vec901-903-proof-prep-20260801","packages\gateway\src\terminal-pilot\ipc-client.ts","4"
"source_or_tool",".ts","9944","2026-08-01T13:04:50.0857296-04:00","A9685F56B016C4AA41508EF1842FA0DC2E6F1A0180E114A2FF1FBC9D065359AD","C:\Users\funny\Documents\AgentBridge-worktrees\gasper-vec901-903-proof-prep-20260801","packages\gateway\src\terminal-pilot\host-resolve.ts","4"
"source_or_tool",".ts","1914","2026-08-01T13:04:50.0842252-04:00","8C043791F42C8898EF21C9586084DCC220AA0E32E0BF51E0EF507B65D03C8792","C:\Users\funny\Documents\AgentBridge-worktrees\gasper-vec901-903-proof-prep-20260801","packages\gateway\src\terminal-pilot\grok-standing-access.ts","4"
"source_or_tool",".ts","14463","2026-08-01T13:04:50.0832196-04:00","54A240B33251BCAEBCFDA48BD75F359510AB2E6DA80C9EB28E02B5F1ED3F3C8F","C:\Users\funny\Documents\AgentBridge-worktrees\gasper-vec901-903-proof-prep-20260801","packages\gateway\src\terminal-pilot\grok-approval.ts","4"
"source_or_tool",".ts","1794","2026-08-01T13:04:50.0817147-04:00","4DACA0549702836D065D21A09FBBEDA28FB1BFC875476619AC5A523B07D3E972","C:\Users\funny\Documents\AgentBridge-worktrees\gasper-vec901-903-proof-prep-20260801","packages\gateway\src\terminal-pilot\grok-approval.test.ts","4"
"source_or_tool",".ts","1868","2026-08-01T13:04:50.0802073-04:00","47C7D415904BA108FBB7BAB079A2CDBF751AC7841E978F88B4C9EF57EB45706B","C:\Users\funny\Documents\AgentBridge-worktrees\gasper-vec901-903-proof-prep-20260801","packages\gateway\src\terminal-pilot\bootstrap-types.ts","4"
"source_or_tool",".ts","1840","2026-08-01T13:04:50.0792092-04:00","75F887107EBF0850619A6EEDA8103897A3E586025F6BB8A3B3DAB9E99E144EF2","C:\Users\funny\Documents\AgentBridge-worktrees\gasper-vec901-903-proof-prep-20260801","packages\gateway\src\terminal-pilot\bootstrap-tools.test.ts","4"
"source_or_tool",".ts","32559","2026-08-01T13:04:50.0776977-04:00","AC5FF380D5634B6C4A6783BC12EDAFD452A439834613084DD4B622AAF5B52DA7","C:\Users\funny\Documents\AgentBridge-worktrees\gasper-vec901-903-proof-prep-20260801","packages\gateway\src\terminal-pilot\bootstrap-service.ts","4"
"source_or_tool",".ts","15986","2026-08-01T13:04:50.0756660-04:00","9FFD1F8F29A8231BB96E69670A51829594CC9A9927DCEC65C0A1D2A92FE141B5","C:\Users\funny\Documents\AgentBridge-worktrees\gasper-vec901-903-proof-prep-20260801","packages\gateway\src\terminal-pilot\bootstrap-service.test.ts","4"
"source_or_tool",".ts","13166","2026-08-01T13:04:50.0736664-04:00","521F35AEC4527CE8C2AE85BEEAE3424A4C275C173F4D2691AF249B0AD6117D99","C:\Users\funny\Documents\AgentBridge-worktrees\gasper-vec901-903-proof-prep-20260801","packages\gateway\src\store.ts","4"
"source_or_tool",".ts","674","2026-08-01T13:04:50.0725987-04:00","5024A2C01B9072220EC70DE21A592EC0C08E0A57ADF53BE87C67098B259C7192","C:\Users\funny\Documents\AgentBridge-worktrees\gasper-vec901-903-proof-prep-20260801","packages\gateway\src\stdio-main.ts","4"
"source_or_tool",".ts","10472","2026-08-01T13:04:50.0705933-04:00","C4EB7CF7296968B4F3991C170CAD19C7FF1C5D8E1B069532A75D9A73055D7DFB","C:\Users\funny\Documents\AgentBridge-worktrees\gasper-vec901-903-proof-prep-20260801","packages\gateway\src\sidekick\workspace.ts","4"
"source_or_tool",".ts","5498","2026-08-01T13:04:50.0690885-04:00","3FE1F925D503DA1B463EF1071CF502BBF588930246B3AAC34A483BBB10A2C809","C:\Users\funny\Documents\AgentBridge-worktrees\gasper-vec901-903-proof-prep-20260801","packages\gateway\src\sidekick\workspace-presets.ts","4"
"source_or_tool",".ts","17236","2026-08-01T13:04:50.0680880-04:00","D07045E8922513E4DF0A82AEF5E2284463973138053F221DAC684BD46B4AB079","C:\Users\funny\Documents\AgentBridge-worktrees\gasper-vec901-903-proof-prep-20260801","packages\gateway\src\sidekick\validation.ts","4"
"source_or_tool",".ts","1389","2026-08-01T13:04:50.0670825-04:00","4B87C6225CD51C68737FF963464FB3C34DE95D16757A60A4DF238C08A4B3B113","C:\Users\funny\Documents\AgentBridge-worktrees\gasper-vec901-903-proof-prep-20260801","packages\gateway\src\sidekick\transition-truth.ts","4"
"source_or_tool",".ts","3256","2026-08-01T13:04:50.0655685-04:00","25204D0CF24A271E88213591C2BDFD9FA00E53B12FA0404E00FFCD596C588F8C","C:\Users\funny\Documents\AgentBridge-worktrees\gasper-vec901-903-proof-prep-20260801","packages\gateway\src\sidekick\transition-truth.test.ts","4"
"source_or_tool",".ts","9301","2026-08-01T13:04:50.0650326-04:00","347F5D5CB29D8B633F7605345671ADEADA57ACB8A61628ADA3AAB84290936EAC","C:\Users\funny\Documents\AgentBridge-worktrees\gasper-vec901-903-proof-prep-20260801","packages\gateway\src\sidekick\timeline.ts","4"
"source_or_tool",".ts","3624","2026-08-01T13:04:50.0635245-04:00","7344B140E918D0213B71DCF8FDEBD35DDE2BEA97B158608AD0EB9ECCD4D18C67","C:\Users\funny\Documents\AgentBridge-worktrees\gasper-vec901-903-proof-prep-20260801","packages\gateway\src\sidekick\studio-state.ts","4"
"source_or_tool",".ts","9497","2026-08-01T13:04:50.0625243-04:00","0D32E9DD27D22FB05CA6F557877A0D564E29ECA12194C7C5A7D966972E08C17C","C:\Users\funny\Documents\AgentBridge-worktrees\gasper-vec901-903-proof-prep-20260801","packages\gateway\src\sidekick\state-graph.ts","4"
"source_or_tool",".ts","3062","2026-08-01T13:04:50.0615190-04:00","EE270C7F2C7E7B0F5B5A22558C55E99AE58A3E99C0576F5D8E11F2E0D9FB442A","C:\Users\funny\Documents\AgentBridge-worktrees\gasper-vec901-903-proof-prep-20260801","packages\gateway\src\sidekick\state-graph.test.ts","4"
"source_or_tool",".ts","41431","2026-08-01T13:04:50.0605155-04:00","4A988FB89C1106648E1244D98FCB7CDB86A76EF0B3988C8426163667D5AFCEA5","C:\Users\funny\Documents\AgentBridge-worktrees\gasper-vec901-903-proof-prep-20260801","packages\gateway\src\sidekick\service.ts","4"
"source_or_tool",".ts","23020","2026-08-01T13:04:50.0590110-04:00","6214343E1961E8E72B6ABFC41EED90E9A3F875E2B212053880E2F87BFAD7A91C","C:\Users\funny\Documents\AgentBridge-worktrees\gasper-vec901-903-proof-prep-20260801","packages\gateway\src\sidekick\semantic-controls.ts","4"
"source_or_tool",".ts","15138","2026-08-01T13:04:50.0570110-04:00","245F51936402052E4EBB798E5F54C911541A0BFA14C846DF98F9400AE02958DE","C:\Users\funny\Documents\AgentBridge-worktrees\gasper-vec901-903-proof-prep-20260801","packages\gateway\src\sidekick\scenario-lab-bridge.ts","4"
"source_or_tool",".ts","2060","2026-08-01T13:04:50.0560060-04:00","03CBE6BE0FD9F1A34BF60125F8596F7427CEA65289E92C678CF544C629AD0A1C","C:\Users\funny\Documents\AgentBridge-worktrees\gasper-vec901-903-proof-prep-20260801","packages\gateway\src\sidekick\scenario-lab-bridge.test.ts","4"
"source_or_tool",".ts","9819","2026-08-01T13:04:50.0545025-04:00","C29B8F05EEA9672AC294F0F12E3D1E58D833234E8305639424D6512BA99CA7D3","C:\Users\funny\Documents\AgentBridge-worktrees\gasper-vec901-903-proof-prep-20260801","packages\gateway\src\sidekick\runtime-authority.ts","4"
"source_or_tool",".ts","2128","2026-08-01T13:04:50.0535016-04:00","35C47FF9AE8CCC7E16BE252E3DC99C82DEDF817E5E8ED54B6363BFF7C2C68E66","C:\Users\funny\Documents\AgentBridge-worktrees\gasper-vec901-903-proof-prep-20260801","packages\gateway\src\sidekick\runtime-authority.test.ts","4"
"source_or_tool",".ts","26753","2026-08-01T13:04:50.0525021-04:00","665ADE23D05999FB0F4A7D2D1CFFEE768C00842652BA64EFE1324A91478534D5","C:\Users\funny\Documents\AgentBridge-worktrees\gasper-vec901-903-proof-prep-20260801","packages\gateway\src\sidekick\runtime-adapter.ts","4"
"source_or_tool",".ts","79226","2026-08-01T13:04:50.0504790-04:00","9CE74707003B085EA9158DDA37FA977F83D0CFC49CE423C78C85B025B0948B8E","C:\Users\funny\Documents\AgentBridge-worktrees\gasper-vec901-903-proof-prep-20260801","packages\gateway\src\sidekick\register-tools.ts","4"
"source_or_tool",".ts","9792","2026-08-01T13:04:50.0494801-04:00","2E4AAB915515E15C6AAE616DC4BC9AD3922A1B376002462E2227F63D149C7D24","C:\Users\funny\Documents\AgentBridge-worktrees\gasper-vec901-903-proof-prep-20260801","packages\gateway\src\sidekick\pilot-session.ts","4"
"source_or_tool",".ts","733","2026-08-01T13:04:50.0474798-04:00","ACFCE6371A9C0C8008D9CACFE910B1A7AF43768075683608CC49D04FFE5C8F1A","C:\Users\funny\Documents\AgentBridge-worktrees\gasper-vec901-903-proof-prep-20260801","packages\gateway\src\sidekick\permission-state.ts","4"
"source_or_tool",".ts","6531","2026-08-01T13:04:50.0464818-04:00","1C6138B31E37B55991A9342D543F74D265145CAF8276117D930E6412516F4419","C:\Users\funny\Documents\AgentBridge-worktrees\gasper-vec901-903-proof-prep-20260801","packages\gateway\src\sidekick\performance.ts","4"
"source_or_tool",".ts","6779","2026-08-01T13:04:50.0454743-04:00","F74D6EE86EDFA6D6542FD319478D415243C3E724C36D5EA37456D894719AAA86","C:\Users\funny\Documents\AgentBridge-worktrees\gasper-vec901-903-proof-prep-20260801","packages\gateway\src\sidekick\operating-mode.ts","4"
"source_or_tool",".ts","35202","2026-08-01T13:04:50.0439698-04:00","150DFD5AC33841E703AC003552E7666A9D8D0BA127AA65AC1C0F141694656951","C:\Users\funny\Documents\AgentBridge-worktrees\gasper-vec901-903-proof-prep-20260801","packages\gateway\src\sidekick\mesh-authoring.ts","4"
"source_or_tool",".ts","1323","2026-08-01T13:04:50.0429701-04:00","55FBC634C18FEE3E5C75B65403407E0FEEE34291A8E3E9B1C9CEB55865192CA3","C:\Users\funny\Documents\AgentBridge-worktrees\gasper-vec901-903-proof-prep-20260801","packages\gateway\src\sidekick\mcp-result.ts","4"
"source_or_tool",".ts","3741","2026-08-01T13:04:50.0419174-04:00","1DFFC8EA48BB72CFB60EB4D23E00B38C86E5C96D33D3B8372F6DFC0DE8FED3BF","C:\Users\funny\Documents\AgentBridge-worktrees\gasper-vec901-903-proof-prep-20260801","packages\gateway\src\sidekick\material-presets.ts","4"
"source_or_tool",".ts","5612","2026-08-01T13:04:50.0409176-04:00","62B4928AAE7A13B8A8871E3CB01E0FE25FCA3D4A7882777CDB49A264763D7140","C:\Users\funny\Documents\AgentBridge-worktrees\gasper-vec901-903-proof-prep-20260801","packages\gateway\src\sidekick\file-watch.ts","4"
"source_or_tool",".ts","3775","2026-08-01T13:04:50.0399123-04:00","95CCCA60831328BF7A62B04903E83092BA603ABC6F3E7D79821C525F36107F44","C:\Users\funny\Documents\AgentBridge-worktrees\gasper-vec901-903-proof-prep-20260801","packages\gateway\src\sidekick\face-authoring.ts","4"
"source_or_tool",".ts","6898","2026-08-01T13:04:50.0384034-04:00","157B96906423BC6026979DB53748F9AF37DCD781A07BF75494380793E3E2E0FF","C:\Users\funny\Documents\AgentBridge-worktrees\gasper-vec901-903-proof-prep-20260801","packages\gateway\src\sidekick\deformers.ts","4"
"source_or_tool",".ts","18118","2026-08-01T13:04:50.0374034-04:00","5523542CA6C0098BF8EE6C88C05F901C4E86AFF39DE0B7221153432DA614B92E","C:\Users\funny\Documents\AgentBridge-worktrees\gasper-vec901-903-proof-prep-20260801","packages\gateway\src\sidekick\compare.ts","4"
"source_or_tool",".ts","19312","2026-08-01T13:04:50.0364037-04:00","7C48F8E3CF8217F183C39C0238CD5DB8672AC4B7314D7730AEABA5947AC85AB0","C:\Users\funny\Documents\AgentBridge-worktrees\gasper-vec901-903-proof-prep-20260801","packages\gateway\src\sidekick\candidates.ts","4"
"source_or_tool",".ts","7690","2026-08-01T13:04:50.0338823-04:00","0114AE8473336FABC0EA795B293145DF30B4E7B6A2DB874386E3B676077693B0","C:\Users\funny\Documents\AgentBridge-worktrees\gasper-vec901-903-proof-prep-20260801","packages\gateway\src\sidekick\bootstrap.ts","4"
"source_or_tool",".ts","22749","2026-08-01T13:04:50.0323786-04:00","CEDFCCD3A02DC1E90FD9996F8803E9082976C4B3DFF013AE08B12A39017628D1","C:\Users\funny\Documents\AgentBridge-worktrees\gasper-vec901-903-proof-prep-20260801","packages\gateway\src\repo\repository-service.ts","4"
"source_or_tool",".ts","4142","2026-08-01T13:04:50.0313742-04:00","B3710FF8C2D76775C6D5120028678895D30EE92DBF7E0BD6FBAAB68045B26204","C:\Users\funny\Documents\AgentBridge-worktrees\gasper-vec901-903-proof-prep-20260801","packages\gateway\src\repo\deploy-mcp.ts","4"
"source_or_tool",".ts","3846","2026-08-01T13:04:50.0286566-04:00","ECE8161BBCED686DFA38D9F695A05EEDC671BFC2C0070F6A4EC827A2B600F6A8","C:\Users\funny\Documents\AgentBridge-worktrees\gasper-vec901-903-proof-prep-20260801","packages\gateway\src\remote-status.ts","4"
"source_or_tool",".ts","4448","2026-08-01T13:04:50.0276550-04:00","E60FAE424C7E068D14E5F9AFFCB409B7F5583AE10DCBD4C6A68E1B30CCF81AAD","C:\Users\funny\Documents\AgentBridge-worktrees\gasper-vec901-903-proof-prep-20260801","packages\gateway\src\protocol.test.ts","4"
"source_or_tool",".ts","6777","2026-08-01T13:04:50.0266555-04:00","64209CA29C6EC3D15AD78DF05F8CF76C9DDC3A0DC333A81AE9D650E3AE4C606E","C:\Users\funny\Documents\AgentBridge-worktrees\gasper-vec901-903-proof-prep-20260801","packages\gateway\src\profiles\generators.ts","4"
"source_or_tool",".ts","1034","2026-08-01T13:04:50.0244086-04:00","5DFF496C49BE95D58CFBBD1F03B47F4E4BD396E697DBA0024476483CA6FD32B4","C:\Users\funny\Documents\AgentBridge-worktrees\gasper-vec901-903-proof-prep-20260801","packages\gateway\src\paths-data.ts","4"
"source_or_tool",".ts","28238","2026-08-01T13:04:50.0223787-04:00","302EAE65BCBA36F7E7CC8D66A60386719C4D5F35DB5758F235F5ACC608ADC198","C:\Users\funny\Documents\AgentBridge-worktrees\gasper-vec901-903-proof-prep-20260801","packages\gateway\src\mcp-server.ts","4"
"source_or_tool",".ts","1884","2026-08-01T13:04:50.0213781-04:00","A1EB4DB3172509D714FDE8D1015B12FB73B37BD42D8133AB94EFB66F83897670","C:\Users\funny\Documents\AgentBridge-worktrees\gasper-vec901-903-proof-prep-20260801","packages\gateway\src\logger.ts","4"
"source_or_tool",".ts","423","2026-08-01T13:04:50.0203733-04:00","F10C1D3553D85EE92850DFD28B3DCC3AF135B1679FD5A2340DB2ADA84DADFD01","C:\Users\funny\Documents\AgentBridge-worktrees\gasper-vec901-903-proof-prep-20260801","packages\gateway\src\index.ts","4"
"source_or_tool",".ts","59296","2026-08-01T13:04:50.0193752-04:00","5FB0913B97DBEDD6B349D17A6136AE056B44BD7C614ED5E5078E1B855F88F284","C:\Users\funny\Documents\AgentBridge-worktrees\gasper-vec901-903-proof-prep-20260801","packages\gateway\src\http-server.ts","4"
"source_or_tool",".ts","8061","2026-08-01T13:04:50.0168490-04:00","1BF7D4BC694B0420429A266F8A54EE5295C37E2348F68D09611104EA8D8DEDBF","C:\Users\funny\Documents\AgentBridge-worktrees\gasper-vec901-903-proof-prep-20260801","packages\gateway\src\hq\register-observer-tools.ts","4"
"source_or_tool",".ts","3883","2026-08-01T13:04:50.0157443-04:00","FE6C066ACAA024D5331B36555EEE722DF9362B2BF8D33F5E84E0A905D6C5822E","C:\Users\funny\Documents\AgentBridge-worktrees\gasper-vec901-903-proof-prep-20260801","packages\gateway\src\hq\register-observer-tools.test.ts","4"
"source_or_tool",".ts","25474","2026-08-01T13:04:50.0137449-04:00","6B0F857F2A7CB743979BC05F47BF6010659C633D53AA96C9C1CB96D230DA9F7D","C:\Users\funny\Documents\AgentBridge-worktrees\gasper-vec901-903-proof-prep-20260801","packages\gateway\src\gasper\studio-bridge-transport.ts","4"
"source_or_tool",".ts","8133","2026-08-01T13:04:50.0116814-04:00","14ECFE66A3C2751AB6E893F50E00ACDD346FEFD5A32020655402AD6D5CC11150","C:\Users\funny\Documents\AgentBridge-worktrees\gasper-vec901-903-proof-prep-20260801","packages\gateway\src\gasper\studio-bridge-transport.test.ts","4"
"source_or_tool",".ts","2588","2026-08-01T13:04:50.0106759-04:00","D1CEABB6E0622A68AD0854274EDCAEAA6CA7059560D682CC39BBA54E871D9E1A","C:\Users\funny\Documents\AgentBridge-worktrees\gasper-vec901-903-proof-prep-20260801","packages\gateway\src\gasper\register-performance-tools.ts","4"
"source_or_tool",".ts","10998","2026-08-01T13:04:50.0091716-04:00","56580D8FCE3BE8882D8A1B3533B074CFF0B57705AB8A9A7ECF4B770F8266111C","C:\Users\funny\Documents\AgentBridge-worktrees\gasper-vec901-903-proof-prep-20260801","packages\gateway\src\gasper\register-animation-tools.ts","4"
"source_or_tool",".ts","1943","2026-08-01T13:04:50.0071648-04:00","1B1E89F16F4BF9CBBC38B2FE2C99ED297CA342F664DFC80B0CA76060E0D958D5","C:\Users\funny\Documents\AgentBridge-worktrees\gasper-vec901-903-proof-prep-20260801","packages\gateway\src\gasper\native-launch.ts","4"
"source_or_tool",".ts","2888","2026-08-01T13:04:50.0055330-04:00","7F90FFEFB94CBF23B06EB0E4A7B6ECA19FA748D18E6A1D093353940006A038FD","C:\Users\funny\Documents\AgentBridge-worktrees\gasper-vec901-903-proof-prep-20260801","packages\gateway\src\diagnostics.ts","4"
"source_or_tool",".ts","1167","2026-08-01T13:04:50.0035325-04:00","C2CB701C00124891DA299ED62A1D7978CF0A9D716DCE616B73AA37293CE3DA35","C:\Users\funny\Documents\AgentBridge-worktrees\gasper-vec901-903-proof-prep-20260801","packages\gateway\src\cli.ts","4"
"source_or_tool",".ts","7221","2026-08-01T13:04:50.0025328-04:00","FAE68B0A6862BD6A94704533F1F8A1EEE578399AB5C564793955A26F1DAF30FE","C:\Users\funny\Documents\AgentBridge-worktrees\gasper-vec901-903-proof-prep-20260801","packages\gateway\src\browser\runtime-url.ts","4"
"source_or_tool",".ts","6480","2026-08-01T13:04:50.0015280-04:00","03B15D2FF5E0BA5F94085FF2F141039EEAEEE9096B2DD9F4DDFEEFFF6C2006F9","C:\Users\funny\Documents\AgentBridge-worktrees\gasper-vec901-903-proof-prep-20260801","packages\gateway\src\browser\runtime-url.test.ts","4"
"source_or_tool",".ts","35494","2026-08-01T13:04:49.9990189-04:00","C85058E75E47A4CE7351BB34D42DF3B79BC90F19AAAD1A9F592A5D38FE5CCFB3","C:\Users\funny\Documents\AgentBridge-worktrees\gasper-vec901-903-proof-prep-20260801","packages\gateway\src\browser\browser-service.ts","4"
"source_or_tool",".ts","25018","2026-08-01T13:04:49.9980178-04:00","FBD038199652DED35A31DCEEF4D9E8FDD0C4367800D36FE9A549EE13FFD734F8","C:\Users\funny\Documents\AgentBridge-worktrees\gasper-vec901-903-proof-prep-20260801","packages\gateway\src\browser\browser-launch.ts","4"
"source_or_tool",".ts","1099","2026-08-01T13:04:49.9960130-04:00","13671D0BEA7C4A82DFA5B849BF2B88F8037D86DD390F917E5326DF64ADA32B02","C:\Users\funny\Documents\AgentBridge-worktrees\gasper-vec901-903-proof-prep-20260801","packages\gateway\src\auth\request-context.ts","4"
"source_or_tool",".ts","11349","2026-08-01T13:04:49.9945086-04:00","C83931CDCFDDB652C06949E69DAD040DCD428C30122B45E71236D7957E3E2D62","C:\Users\funny\Documents\AgentBridge-worktrees\gasper-vec901-903-proof-prep-20260801","packages\gateway\src\auth\context-receipts.ts","4"
"source_or_tool",".ts","3711","2026-08-01T13:04:49.9925087-04:00","DD2141CD2E14A07CC5F2B3FD959EF4424A860B1AB3E3D9A0A980ED28F423ACF6","C:\Users\funny\Documents\AgentBridge-worktrees\gasper-vec901-903-proof-prep-20260801","packages\gateway\src\auth\context-receipts.test.ts","4"
"source_or_tool",".ts","5325","2026-08-01T13:04:49.9904951-04:00","1A54A784E21BE5434202B708D9E39D324D220D1D05C8EB2A23CAB019E0CB973A","C:\Users\funny\Documents\AgentBridge-worktrees\gasper-vec901-903-proof-prep-20260801","packages\gateway\src\app-capture\window-targets.ts","4"
"source_or_tool",".ts","10242","2026-08-01T13:04:49.9894933-04:00","64CFEF3C7CF121282B5E5D4FB93D599671E665C2FEBCB786C6269D51D81B719A","C:\Users\funny\Documents\AgentBridge-worktrees\gasper-vec901-903-proof-prep-20260801","packages\gateway\src\app-capture\register-tools.ts","4"
"source_or_tool",".ts","2497","2026-08-01T13:04:49.9874948-04:00","61488B782C754C20CD5CAC53F6AC2ED2C6F33DC625A71AF316EEDCCF3A8A5093","C:\Users\funny\Documents\AgentBridge-worktrees\gasper-vec901-903-proof-prep-20260801","packages\gateway\src\app-capture\process-registry.ts","4"
"source_or_tool",".ts","557","2026-08-01T13:04:49.9864942-04:00","78BD0B82041E948C1B74733475A6714AB12A6BB5DA788B6AAC230A98D513DA87","C:\Users\funny\Documents\AgentBridge-worktrees\gasper-vec901-903-proof-prep-20260801","packages\gateway\src\app-capture\index.ts","4"
"source_or_tool",".ts","2584","2026-08-01T13:04:49.9854884-04:00","7738BFA2D25608777FC620B9FC346FB7ADF19AD05B53E452C0E1DFCD08F9361F","C:\Users\funny\Documents\AgentBridge-worktrees\gasper-vec901-903-proof-prep-20260801","packages\gateway\src\app-capture\ffmpeg-bin.ts","4"
"source_or_tool",".ts","10788","2026-08-01T13:04:49.9844688-04:00","88D860C6AFDCCC91585682608CAC04E6F9483C2E2D899BCCE070683959197A29","C:\Users\funny\Documents\AgentBridge-worktrees\gasper-vec901-903-proof-prep-20260801","packages\gateway\src\app-capture\capture-service.ts","4"
"source_or_tool",".ts","3229","2026-08-01T13:04:49.9828857-04:00","2C0E09B9331089D0140472B47796003BEA03DF934536FC586281EC5569F7DD7D","C:\Users\funny\Documents\AgentBridge-worktrees\gasper-vec901-903-proof-prep-20260801","packages\gateway\src\app-capture\capture-lease.ts","4"
"source_or_tool",".ts","4351","2026-08-01T13:04:49.9808803-04:00","2641944BDC5C301BCD188B62BAB68A29060A96EC65FB698B14C636AF951E9D6E","C:\Users\funny\Documents\AgentBridge-worktrees\gasper-vec901-903-proof-prep-20260801","packages\gateway\src\app-capture\app-capture.test.ts","4"
"source_or_tool",".ts","18983","2026-08-01T13:04:49.9797662-04:00","CED301998E57C298EC20537FA29A4E6061EEE077C12AAE66A5410D7814725421","C:\Users\funny\Documents\AgentBridge-worktrees\gasper-vec901-903-proof-prep-20260801","packages\gateway\src\app-capture\analyze-service.ts","4"
"source_or_tool",".ts","3709","2026-08-01T13:04:49.9736269-04:00","0A5DBE4EF14A31ABD1A56890CE4A6812DAC969D5C3199937FE7899E03BD86BB8","C:\Users\funny\Documents\AgentBridge-worktrees\gasper-vec901-903-proof-prep-20260801","packages\gasper-studio\vite.config.ts","4"
"source_or_tool",".ts","18574","2026-08-01T13:04:49.9590139-04:00","A5721598E53CA14946E2DF85FA8AA7C004ECA3CFE97963CA8C56DB916189F988","C:\Users\funny\Documents\AgentBridge-worktrees\gasper-vec901-903-proof-prep-20260801","packages\gasper-studio\src\http-bridge-client.ts","4"
"source_or_tool",".ts","38623","2026-08-01T13:04:49.9377802-04:00","A97142A124ABC935B75FF7DC829BCA48D7829AFEF218DBEA183C52301147C461","C:\Users\funny\Documents\AgentBridge-worktrees\gasper-vec901-903-proof-prep-20260801","packages\gasper-studio\src\createProductionWorldClassAdapter.ts","4"
"source_or_tool",".ts","5919","2026-08-01T13:04:49.9341095-04:00","B3699F484EFA8CAB0331E243BBB3BF4CD4E97726E5F70927A770859C609428DB","C:\Users\funny\Documents\AgentBridge-worktrees\gasper-vec901-903-proof-prep-20260801","packages\gasper-studio\src\bridge-client.ts","4"
"source_or_tool",".ts","694","2026-08-01T13:04:49.8530688-04:00","DE00AECB9C06AA3C46691525466D675D45ABA302FDC6C2C78BD178BACD57D6FE","C:\Users\funny\Documents\AgentBridge-worktrees\gasper-vec901-903-proof-prep-20260801","packages\gasper-studio-shell-lab\vite.config.ts","4"
"source_or_tool",".ts","28528","2026-08-01T13:04:49.8510690-04:00","2C82FC6EE9099ED755A2A544A1AD53CC4DB0E44681FA581CA5E1A1BB5B256928","C:\Users\funny\Documents\AgentBridge-worktrees\gasper-vec901-903-proof-prep-20260801","packages\gasper-studio-shell-lab\src\syntheticAdapter.ts","4"
"source_or_tool",".ts","617","2026-08-01T13:04:49.8498376-04:00","17104D53DA8DEA034060C151B4E5142EFC83D3B0A10C008583A58701007E551C","C:\Users\funny\Documents\AgentBridge-worktrees\gasper-vec901-903-proof-prep-20260801","packages\gasper-studio-shell-lab\src\scenarios.ts","4"
"source_or_tool",".tsx","323","2026-08-01T13:04:49.8478377-04:00","120EB842CE83A1867AAE2AACA799E064DEEF7EA83DA32E74EAAD06B93279DA7D","C:\Users\funny\Documents\AgentBridge-worktrees\gasper-vec901-903-proof-prep-20260801","packages\gasper-studio-shell-lab\src\main.tsx","4"
"source_or_tool",".css","1221","2026-08-01T13:04:49.8468381-04:00","DD6B9E57D2CA560D4B23719F2F54C148CE21B297B539D68EEC0D71619176CEB0","C:\Users\funny\Documents\AgentBridge-worktrees\gasper-vec901-903-proof-prep-20260801","packages\gasper-studio-shell-lab\src\lab.css","4"
"source_or_tool",".tsx","2776","2026-08-01T13:04:49.8455155-04:00","F7CC4805E15790F2ED6A13C6A84F6223604A0807E403AFF6C05148AB3465279C","C:\Users\funny\Documents\AgentBridge-worktrees\gasper-vec901-903-proof-prep-20260801","packages\gasper-studio-shell-lab\src\LabApp.tsx","4"
"source_or_tool",".html","572","2026-08-01T13:04:49.8424208-04:00","1D3B479699C38E249141A31DA34F7F94C7F6B07912604AC49E74F99606CFF5CB","C:\Users\funny\Documents\AgentBridge-worktrees\gasper-vec901-903-proof-prep-20260801","packages\gasper-studio-shell-lab\index.html","4"
"source_or_tool",".mjs","4351","2026-08-01T13:04:49.8388978-04:00","16B06EAD842233FF7D081C52087D629F2DEB433729E5F1FF8A68417C704F155B","C:\Users\funny\Documents\AgentBridge-worktrees\gasper-vec901-903-proof-prep-20260801","packages\gasper-demo-lab\server.mjs","4"
"source_or_tool",".css","4029","2026-08-01T13:04:49.8363953-04:00","5D3D34120CBEE7DAFC90DF986E277D392EB63E35E377049B71FC629DB957430B","C:\Users\funny\Documents\AgentBridge-worktrees\gasper-vec901-903-proof-prep-20260801","packages\gasper-demo-lab\public\styles.css","4"
"source_or_tool",".js","15979","2026-08-01T13:04:49.8338805-04:00","FE074C96910CCD34FEF15CA5BD8683DFEE48BBA988678303D59773AB6E96085D","C:\Users\funny\Documents\AgentBridge-worktrees\gasper-vec901-903-proof-prep-20260801","packages\gasper-demo-lab\public\app.js","4"
"source_or_tool",".ts","2283","2026-08-01T13:04:49.8303412-04:00","0BD9EFCC0A444DFAB88D91C607F9D03CA308FD2C646C28139E2447E7681F541E","C:\Users\funny\Documents\AgentBridge-worktrees\gasper-vec901-903-proof-prep-20260801","packages\gasper-demo-content\validation\validate.ts","4"
"source_or_tool",".ts","1587","2026-08-01T13:04:49.8278312-04:00","1B887279BF880D0013E7536071A6426DB52D723ACFE4C2784F66F1945DDFB344","C:\Users\funny\Documents\AgentBridge-worktrees\gasper-vec901-903-proof-prep-20260801","packages\gasper-demo-content\src\loaders.ts","4"
"source_or_tool",".mjs","14441","2026-08-01T13:04:49.8255846-04:00","EE7BD1B8CFCB489DB292C3E23E0C5D8F370552892AA3C341E7580ED4A5F59F76","C:\Users\funny\Documents\AgentBridge-worktrees\gasper-vec901-903-proof-prep-20260801","packages\gasper-demo-content\scripts\validate-pack.mjs","4"
"source_or_tool",".mjs","80785","2026-08-01T13:04:49.8235853-04:00","9D3F89D941E7882495467373BFE40030D77F8804DCEB0EB0340EFD130D0A01CD","C:\Users\funny\Documents\AgentBridge-worktrees\gasper-vec901-903-proof-prep-20260801","packages\gasper-demo-content\scripts\generate-pack.mjs","4"
"source_or_tool",".ts","6436","2026-08-01T13:04:49.8215170-04:00","3A4A3BB4950573282837184E94C31BE0F4CF4EFB3DAC3944B6E0E9E3624BA339","C:\Users\funny\Documents\AgentBridge-worktrees\gasper-vec901-903-proof-prep-20260801","packages\gasper-demo-content\schema\content-types.ts","4"
"source_or_tool",".ts","242","2026-08-01T13:04:49.8180078-04:00","8209977285B7CBD43E817C9BBF22E97AF639A6B41C71E6964E91378DF256CE9C","C:\Users\funny\Documents\AgentBridge-worktrees\gasper-vec901-903-proof-prep-20260801","packages\gasper-demo-content\scenarios\types.ts","4"
"source_or_tool",".ts","924","2026-08-01T13:04:49.8079543-04:00","722E9242685276F24BB719D63194F6C80D60DDE782866A379FAF9BDDA63F9B3F","C:\Users\funny\Documents\AgentBridge-worktrees\gasper-vec901-903-proof-prep-20260801","packages\gasper-demo-content\index.ts","4"
"source_or_tool",".ts","1305","2026-08-01T13:04:49.7177103-04:00","40DCF4795BBC1058511A934A313335FA934B99D83D7D1451AA7491FB4D5813A9","C:\Users\funny\Documents\AgentBridge-worktrees\gasper-vec901-903-proof-prep-20260801","packages\desktop\vite.config.ts","5"
"source_or_tool",".ts","482","2026-08-01T13:04:49.7074581-04:00","472B48ACB4E73B741ADDD8502A5445534C17E1290B610F413A17C67258208787","C:\Users\funny\Documents\AgentBridge-worktrees\gasper-vec901-903-proof-prep-20260801","packages\desktop\src\vite-env.d.ts","5"
"source_or_tool",".css","26933","2026-08-01T13:04:49.6983713-04:00","99ED8CD0AEE6FC9198807CC7BE82504EA7A0D13D89974212FD4E48DD7D393D78","C:\Users\funny\Documents\AgentBridge-worktrees\gasper-vec901-903-proof-prep-20260801","packages\desktop\src\studio\worldclass\theme\worldclass.css","4"
"source_or_tool",".ts","1886","2026-08-01T13:04:49.6803577-04:00","FD712F1039BBA069AB9D94F90B837C4ADC228BB03140989D68CB38C077477FE2","C:\Users\funny\Documents\AgentBridge-worktrees\gasper-vec901-903-proof-prep-20260801","packages\desktop\src\studio\worldclass\index.ts","4"
"source_or_tool",".tsx","12022","2026-08-01T13:04:49.6692672-04:00","A1F02565C589BCA9DE3E53495FFF3C5C348580EDBB671CA82368A3400A5E10A5","C:\Users\funny\Documents\AgentBridge-worktrees\gasper-vec901-903-proof-prep-20260801","packages\desktop\src\studio\worldclass\animate\Timeline.tsx","4"
"source_or_tool",".tsx","3862","2026-08-01T13:04:49.6677614-04:00","A16AB42CFBAC89E0A426B99F51ED499603200D15CD1D768B9E995FF984C4835B","C:\Users\funny\Documents\AgentBridge-worktrees\gasper-vec901-903-proof-prep-20260801","packages\desktop\src\studio\worldclass\animate\PlaybackControls.tsx","4"
"source_or_tool",".ts","10478","2026-08-01T13:04:49.6637417-04:00","FF9E03FC600764A729272F7CC0895ED9AED1781142E67739DFE387C40A6D1BBF","C:\Users\funny\Documents\AgentBridge-worktrees\gasper-vec901-903-proof-prep-20260801","packages\desktop\src\studio\worldclass\adapter\types.ts","4"
"source_or_tool",".ts","1495","2026-08-01T13:04:49.6574009-04:00","2D8AD6904A45193946FFC533CF3CD258C40AC1C87B9E450F378085ABF55F51C6","C:\Users\funny\Documents\AgentBridge-worktrees\gasper-vec901-903-proof-prep-20260801","packages\desktop\src\studio\worldclass\WorldClassStudioAdapter.ts","4"
"source_or_tool",".ts","3488","2026-08-01T13:04:49.6528876-04:00","38449BD3380828907CD4C99F73D1B8081ABEEA5D48FD1DBC132C849A320F916E","C:\Users\funny\Documents\AgentBridge-worktrees\gasper-vec901-903-proof-prep-20260801","packages\desktop\src\studio\editModes.ts","5"
"source_or_tool",".ts","415","2026-08-01T13:04:49.6528876-04:00","48A06797B2D43738457E0EA44D619FD3109097B1578962A1CCBCA0AFA797FCDE","C:\Users\funny\Documents\AgentBridge-worktrees\gasper-vec901-903-proof-prep-20260801","packages\desktop\src\studio\index.ts","5"
"source_or_tool",".ts","381","2026-08-01T13:04:49.6513834-04:00","B87C2FD3B3A02B9FB1719EFB7BEFD183BD7B17D18B42490ACE7103D413572B5C","C:\Users\funny\Documents\AgentBridge-worktrees\gasper-vec901-903-proof-prep-20260801","packages\desktop\src\studio\animate\types.ts","5"
"source_or_tool",".ts","199","2026-08-01T13:04:49.6503782-04:00","AB2794148F70138BD8C40219A5C86FA88327EC9888D7699CD37392EE918FB1B9","C:\Users\funny\Documents\AgentBridge-worktrees\gasper-vec901-903-proof-prep-20260801","packages\desktop\src\studio\animate\index.ts","5"
"source_or_tool",".css","2132","2026-08-01T13:04:49.6488753-04:00","4D9EB01D4714129A05D95526AA010C45ABB3ABB8C82B0ED4398E094765327A3F","C:\Users\funny\Documents\AgentBridge-worktrees\gasper-vec901-903-proof-prep-20260801","packages\desktop\src\studio\animate\animate-timeline.css","5"
"source_or_tool",".tsx","8070","2026-08-01T13:04:49.6488753-04:00","390E47EFD02395A975AA115393B702B79E04E2451484DDF1E6980371FBAE6869","C:\Users\funny\Documents\AgentBridge-worktrees\gasper-vec901-903-proof-prep-20260801","packages\desktop\src\studio\animate\AnimateTimelinePanel.tsx","5"
"source_or_tool",".tsx","38496","2026-08-01T13:04:49.6453614-04:00","4D7BED942F6C93C6E75DCC32DBAF5E71535B3B4A114C9AC6013A85B94E1440C7","C:\Users\funny\Documents\AgentBridge-worktrees\gasper-vec901-903-proof-prep-20260801","packages\desktop\src\studio\StudioProductRoot.tsx","4"
"source_or_tool",".tsx","102783","2026-08-01T13:04:49.6438573-04:00","365E369AA5AD2D7FCD2EA075BBD52B5C4923EC7792E110E73A046E9A13EF60D0","C:\Users\funny\Documents\AgentBridge-worktrees\gasper-vec901-903-proof-prep-20260801","packages\desktop\src\studio\SidekickStudioView.tsx","4"
"source_or_tool",".tsx","1528","2026-08-01T13:04:49.6428525-04:00","BA689D491C433D4C5E6961186ED3107419D9F68DA20989BCE343B2DB2C6003E2","C:\Users\funny\Documents\AgentBridge-worktrees\gasper-vec901-903-proof-prep-20260801","packages\desktop\src\studio\ReferenceDrawer.tsx","5"
"source_or_tool",".tsx","713","2026-08-01T13:04:49.6406457-04:00","034C29073BF0B64696FB4530B90882DAC541815EFA7BD83DE79493D8DE2DAA7C","C:\Users\funny\Documents\AgentBridge-worktrees\gasper-vec901-903-proof-prep-20260801","packages\desktop\src\studio\InspectorSection.tsx","5"
"source_or_tool",".tsx","2280","2026-08-01T13:04:49.6406457-04:00","0A9D61A184E837FBAF63FB65CE6882079E517C4DBE1E1B48CC1215C4A00DAB15","C:\Users\funny\Documents\AgentBridge-worktrees\gasper-vec901-903-proof-prep-20260801","packages\desktop\src\studio\ConnectionPopover.tsx","5"
"source_or_tool",".tsx","513","2026-08-01T13:04:49.6395444-04:00","DF7C90F971A8EA6215542F544A2BC07F8C77E28299A55EA614DF50C4971E355E","C:\Users\funny\Documents\AgentBridge-worktrees\gasper-vec901-903-proof-prep-20260801","packages\desktop\src\studio\CommandOverflow.tsx","5"
"source_or_tool",".tsx","409","2026-08-01T13:04:49.6370347-04:00","7056D03386DCC45178A5E54AA688D022080D47506CD1DBFD9BECC9569756F0E9","C:\Users\funny\Documents\AgentBridge-worktrees\gasper-vec901-903-proof-prep-20260801","packages\desktop\src\main.tsx","5"
"source_or_tool",".ts","17737","2026-08-01T13:04:49.5591135-04:00","D4240AA63C05EDBE6B758FF46EFAA70ACB4A58E21DB565A743CA7B40D184F984","C:\Users\funny\Documents\AgentBridge-worktrees\gasper-vec901-903-proof-prep-20260801","packages\desktop\src\gasper\living\GasperLivingFacialAuthority.ts","2"
"source_or_tool",".ts","8469","2026-08-01T13:04:49.5540915-04:00","C70C52EAEF00F4CF855ECFAF5D44434D064033FEC0CA20823D09CD3AB9F0AF74","C:\Users\funny\Documents\AgentBridge-worktrees\gasper-vec901-903-proof-prep-20260801","packages\desktop\src\gasper\index.ts","2"
"source_or_tool",".ts","4669","2026-08-01T13:04:49.4864839-04:00","979FDDBE74A77F3936DEE70E8B4484286D7CBF82050C74EF798B9248F94E49C7","C:\Users\funny\Documents\AgentBridge-worktrees\gasper-vec901-903-proof-prep-20260801","packages\desktop\src\gasper\eight-state-loop\motion-grammar.ts","4"
"source_or_tool",".ts","6497","2026-08-01T13:04:49.4854779-04:00","42C092BF025F3370239F9889F81A53198EF9F3D93324C6329C96E38BEA231009","C:\Users\funny\Documents\AgentBridge-worktrees\gasper-vec901-903-proof-prep-20260801","packages\desktop\src\gasper\eight-state-loop\loop-manifest.ts","4"
"source_or_tool",".ts","548","2026-08-01T13:04:49.4814562-04:00","4360F648E6BB3707F29D8899439DC79CE74148286228B5EE20BF77E334EB2169","C:\Users\funny\Documents\AgentBridge-worktrees\gasper-vec901-903-proof-prep-20260801","packages\desktop\src\gasper\eight-state-loop\index.ts","4"
"source_or_tool",".ts","23740","2026-08-01T13:04:49.4804517-04:00","5C24B18EF9156ED4009276915EE6F9AB3C9C01B721418B6953AA225A66C2CE2D","C:\Users\funny\Documents\AgentBridge-worktrees\gasper-vec901-903-proof-prep-20260801","packages\desktop\src\gasper\eight-state-loop\EightStateLoopController.ts","2"
"source_or_tool",".svg","29369","2026-08-01T13:04:49.4406535-04:00","4A99845F911E4BAEA0777706DCF8BC675DBC9B02643D52DBEACAEDA3080A0B75","C:\Users\funny\Documents\AgentBridge-worktrees\gasper-vec901-903-proof-prep-20260801","packages\desktop\src\gasper\assets\gasper-rig-v655.svg","3"
"source_or_tool",".js","328155","2026-08-01T13:04:49.4134849-04:00","2935EBE5C11AC16CC75184DF49671B56F5B1BC786AA7C37B4ADC982D4AE8DE6D","C:\Users\funny\Documents\AgentBridge-worktrees\gasper-vec901-903-proof-prep-20260801","packages\desktop\src\gasper\assets\all-script-3.js","2"
"source_or_tool",".ts","97477","2026-08-01T13:04:49.3848796-04:00","2E94A803C5C1C30BF696D4B8A7A55D146515B0A53EFCC0BB0ACBD72FCED857CC","C:\Users\funny\Documents\AgentBridge-worktrees\gasper-vec901-903-proof-prep-20260801","packages\desktop\src\gasper\GasperRigController.ts","1"
"source_or_tool",".ts","59933","2026-08-01T13:04:49.3757422-04:00","A2A78FEB1C28D4848AAB7615D772C31FDF9F9679B2577D22F3955923D4AD9AEA","C:\Users\funny\Documents\AgentBridge-worktrees\gasper-vec901-903-proof-prep-20260801","packages\desktop\src\gasper\GasperLivingRuntime.ts","2"
"source_or_tool",".ts","30229","2026-08-01T13:04:49.3613418-04:00","3E35826ECE606E527C7436F2EDEDBB1DF31713579A03EDD8E0C434DA4ADA07F8","C:\Users\funny\Documents\AgentBridge-worktrees\gasper-vec901-903-proof-prep-20260801","packages\desktop\src\gasper\GasperDocument.ts","2"
"source_or_tool",".tsx","49303","2026-08-01T13:04:49.3580505-04:00","0582B06D0BCB623725FDB0F4E957C858F99D81D39F86C123B1C7F4C6DCB41C4C","C:\Users\funny\Documents\AgentBridge-worktrees\gasper-vec901-903-proof-prep-20260801","packages\desktop\src\gasper\GasperDaisStage.tsx","3"
"source_or_tool",".ts","2497","2026-08-01T13:04:49.3483519-04:00","1D5B72C7A8DBD62083040D554565F4BC0E10314EF5C5860B8E0603CDAC18929B","C:\Users\funny\Documents\AgentBridge-worktrees\gasper-vec901-903-proof-prep-20260801","packages\desktop\src\gasper\GasperAnimationCommands.ts","4"
"source_or_tool",".ts","4098","2026-08-01T13:04:49.3438400-04:00","10DB700012DC3BDF350D0EAA46F729653BA195F595310E86EF719F725098E478","C:\Users\funny\Documents\AgentBridge-worktrees\gasper-vec901-903-proof-prep-20260801","packages\desktop\src\api\studio-hotpath.ts","4"
"source_or_tool",".ts","4893","2026-08-01T13:04:49.3428302-04:00","8ABA49B5FD0AB4F4B8C143360640B5CBFA03E84B52DC4F37EF3170C3D1149E7A","C:\Users\funny\Documents\AgentBridge-worktrees\gasper-vec901-903-proof-prep-20260801","packages\desktop\src\api\mcp-session.ts","5"
"source_or_tool",".ts","4817","2026-08-01T13:04:49.3403198-04:00","F4C9807670F24D12B8FA3F48A988D85E5C8B817E1CA90680CA8F107CF2F5910C","C:\Users\funny\Documents\AgentBridge-worktrees\gasper-vec901-903-proof-prep-20260801","packages\desktop\src\api\client.ts","4"
"source_or_tool",".tsx","55808","2026-08-01T13:04:49.3388157-04:00","EBB675B121707A91EDD79EB0E9D094FC3BFDD8BE1FE0FF39609959C7F7CDBDE7","C:\Users\funny\Documents\AgentBridge-worktrees\gasper-vec901-903-proof-prep-20260801","packages\desktop\src\App.tsx","4"
"source_or_tool",".svg","112","2026-08-01T13:04:49.3306907-04:00","16BED41781A2A09FCFAFD909E37A6C61F85AEC8EEABA99376DCA6A97F310B244","C:\Users\funny\Documents\AgentBridge-worktrees\gasper-vec901-903-proof-prep-20260801","packages\desktop\public\favicon.svg","4"
"source_or_tool",".html","511","2026-08-01T13:04:49.3281846-04:00","A7102E07C49B31DC6D3D897D36AFEB11658C2FB6B0E18C5BA9C893F5C982BE29","C:\Users\funny\Documents\AgentBridge-worktrees\gasper-vec901-903-proof-prep-20260801","packages\desktop\index.html","4"
"source_or_tool",".ps1","5076","2026-08-01T13:04:49.3191569-04:00","189E5FADDC3695E3FD93E4857DCCB6D3A2DD2ACA04654374BEDAA0EEE867A3D0","C:\Users\funny\Documents\AgentBridge-worktrees\gasper-vec901-903-proof-prep-20260801","installer\install-watchdog.ps1","4"
"source_or_tool",".ps1","2776","2026-08-01T13:04:49.3181572-04:00","61A7A4AD2DF4709FF94A07B08973329FA49ED6B320DBEB6FF44E08730751D09B","C:\Users\funny\Documents\AgentBridge-worktrees\gasper-vec901-903-proof-prep-20260801","installer\install-user-service.ps1","4"
"source_or_tool",".ps1","4267","2026-08-01T13:04:49.3171568-04:00","3435CF90F9346D903BDA8F168BB9A051A4A116515328903BAC9E6F264F922265","C:\Users\funny\Documents\AgentBridge-worktrees\gasper-vec901-903-proof-prep-20260801","installer\install-scm-service.ps1","4"
"source_or_tool",".ps1","5081","2026-08-01T13:04:49.3161510-04:00","3CF254D26B441DA2FBF0851403923993C07E890EDDE9477D7ECDF4C19F815064","C:\Users\funny\Documents\AgentBridge-worktrees\gasper-vec901-903-proof-prep-20260801","installer\install-desktop.ps1","4"
"source_or_tool",".cjs","307","2026-08-01T13:04:49.3146472-04:00","CCE192CB237FFA6E369F4CDC6F47AF9311DCB17BCBEC15F3D7F9561108E5AA0E","C:\Users\funny\Documents\AgentBridge-worktrees\gasper-vec901-903-proof-prep-20260801","installer\initialize-process-title.cjs","4"
"source_or_tool",".ps1","3868","2026-08-01T13:04:49.3136463-04:00","76F6638A8AB255477FD2290A1CE64EEE24FA27FA164E431EA4FD7F66F4D980DD","C:\Users\funny\Documents\AgentBridge-worktrees\gasper-vec901-903-proof-prep-20260801","installer\build-installer.ps1","4"
"source_or_tool",".html","10195","2026-08-01T13:04:48.6764857-04:00","07C9878CD78F71007D8F48419C675F5A6D601EAE3489025E0E4FD940E1552740","C:\Users\funny\Documents\AgentBridge-worktrees\gasper-vec901-903-proof-prep-20260801","gasper-loop-review-iteration-08-standalone.html","4"
"source_or_tool",".html","10201","2026-08-01T13:04:48.6754810-04:00","668ECDCBDC732B278FF8E3139DA841ECFF12B8B7ACE96EEC595D2288F04630FC","C:\Users\funny\Documents\AgentBridge-worktrees\gasper-vec901-903-proof-prep-20260801","gasper-loop-review-iteration-07-standalone.html","4"
"source_or_tool",".html","10635","2026-08-01T13:04:48.6744059-04:00","49BC97702E4A053511CD7FB88FA7E29B96399DD172FA1B698BB6202235FFBE1D","C:\Users\funny\Documents\AgentBridge-worktrees\gasper-vec901-903-proof-prep-20260801","gasper-loop-review-iteration-06-standalone.html","4"
"source_or_tool",".html","10414","2026-08-01T13:04:48.6734055-04:00","6F919A8FF96B6510F2CBBD279FB2916B4F86069E43321C7F09F4ED6DA52A252B","C:\Users\funny\Documents\AgentBridge-worktrees\gasper-vec901-903-proof-prep-20260801","gasper-loop-review-iteration-05-standalone.html","4"
"source_or_tool",".html","10201","2026-08-01T13:04:48.6714047-04:00","A7D5657DB0536FD6934662854B54F332986BDF0D7417492C82D773833902A37D","C:\Users\funny\Documents\AgentBridge-worktrees\gasper-vec901-903-proof-prep-20260801","gasper-loop-review-iteration-04-standalone.html","4"
"source_or_tool",".html","10871","2026-08-01T13:04:48.6704002-04:00","20073064E54CE03AA036CF9EDFD130800EB76018AB25277D4F662B5F6B532EDC","C:\Users\funny\Documents\AgentBridge-worktrees\gasper-vec901-903-proof-prep-20260801","gasper-loop-review-iteration-03-standalone.html","4"
"source_or_tool",".html","3179","2026-08-01T13:04:48.6693362-04:00","20F2740E7062FF7431E81D55FB8CE94F0906FF6190F7512A9C4B50D20D7C1A66","C:\Users\funny\Documents\AgentBridge-worktrees\gasper-vec901-903-proof-prep-20260801","gasper-loop-review-iteration-02-standalone.html","4"
"source_or_tool",".html","3179","2026-08-01T13:04:48.6683359-04:00","117B3204B48379E5CD610FE2AF67E2CB2F8D96D350FC7905D93B0CE0E007BA4B","C:\Users\funny\Documents\AgentBridge-worktrees\gasper-vec901-903-proof-prep-20260801","gasper-loop-review-iteration-01-standalone.html","4"
"source_or_tool",".html","606","2026-08-01T13:04:48.6653312-04:00","B4BFFA8D68B32F4A8729CB8A6A80DB7525E94D50AF6583AD0334105132F2B749","C:\Users\funny\Documents\AgentBridge-worktrees\gasper-vec901-903-proof-prep-20260801","fixtures\test-repo\demo.html","4"
"source_or_tool",".mjs","1484","2026-08-01T13:04:48.6613102-04:00","9B0F1F60FAAD80E18B30453CE58C54A8F175AD99C12874CA33286E40F7CB4C00","C:\Users\funny\Documents\AgentBridge-worktrees\gasper-vec901-903-proof-prep-20260801","fixtures\sample-mcp-server\server.mjs","4"
"source_or_tool",".svg","2506","2026-08-01T13:04:48.2478894-04:00","0382A8181FDB1FA3A8FC058F9087253115A34CFF4F7E5B1AB8915E0DE96DCA23","C:\Users\funny\Documents\AgentBridge-worktrees\gasper-vec901-903-proof-prep-20260801","evidence\gasper-005-dispatch-001\motion-strip.svg","4"
"source_or_tool",".svg","793","2026-08-01T13:04:48.2383534-04:00","8E30776752B7E526BD6FD4E9E62D85D801649A75AD0F6907731F03355582B4A2","C:\Users\funny\Documents\AgentBridge-worktrees\gasper-vec901-903-proof-prep-20260801","evidence\embodiment-aware-dais\inspector-singularity.svg","4"
"source_or_tool",".svg","3608","2026-08-01T13:04:48.2358447-04:00","041F82DB422D7675EAB6DCF266816E983F9A36D50639BB45F7AF5C05F7734C5E","C:\Users\funny\Documents\AgentBridge-worktrees\gasper-vec901-903-proof-prep-20260801","evidence\embodiment-aware-dais\handles-morph-singularity.svg","4"
"source_or_tool",".svg","2359","2026-08-01T13:04:48.2333401-04:00","D13FB403C4E20094E3394D0F22F5B3BF59476329EB71248A2156734782D6A754","C:\Users\funny\Documents\AgentBridge-worktrees\gasper-vec901-903-proof-prep-20260801","evidence\embodiment-aware-dais\fit-wispwalker.svg","4"
"source_or_tool",".svg","3460","2026-08-01T13:04:48.2308196-04:00","8D9C08B6A7A3026DB8A2C2ACE8CFC2AE7CCBA6A1654A313EC591E8B3CE3A7812","C:\Users\funny\Documents\AgentBridge-worktrees\gasper-vec901-903-proof-prep-20260801","evidence\embodiment-aware-dais\fit-singularity.svg","4"
"source_or_tool",".svg","2359","2026-08-01T13:04:48.2283149-04:00","DE54486CE106B7FF3FE87C9FAEFC3BB9724C11D0965E999359490DB61F2B0CC8","C:\Users\funny\Documents\AgentBridge-worktrees\gasper-vec901-903-proof-prep-20260801","evidence\embodiment-aware-dais\fit-presence.svg","4"
"source_or_tool",".svg","2351","2026-08-01T13:04:48.1987486-04:00","26C7B98B2281223D41A9EF2D6729270B85B7DAC37015780224D1705B00F17C7E","C:\Users\funny\Documents\AgentBridge-worktrees\gasper-vec901-903-proof-prep-20260801","evidence\embodiment-aware-dais\fit-halo.svg","4"
"source_or_tool",".svg","2360","2026-08-01T13:04:48.1957437-04:00","AEFDF0869F71D6B1A699276908B705CABCEAF1648A36D8D54A3351AB4C0D5A83","C:\Users\funny\Documents\AgentBridge-worktrees\gasper-vec901-903-proof-prep-20260801","evidence\embodiment-aware-dais\fit-dormant-orbit.svg","4"
"source_or_tool",".svg","2568","2026-08-01T13:04:48.1932349-04:00","C626FB6492D2BB963B359CF49C110CF0E4C131A8972661E1898B5804517D795B","C:\Users\funny\Documents\AgentBridge-worktrees\gasper-vec901-903-proof-prep-20260801","evidence\embodiment-aware-dais\fit-comet.svg","4"
"source_or_tool",".svg","867","2026-08-01T13:04:48.1892192-04:00","3C535970DC91FB1029B43C3770B1F518A21217D4C32619F5757A17E5A5CE8497","C:\Users\funny\Documents\AgentBridge-worktrees\gasper-vec901-903-proof-prep-20260801","evidence\embodiment-aware-dais\compare-ghost.svg","4"
"source_or_tool",".mjs","8871","2026-08-01T13:04:47.9890978-04:00","B6521C153C77531151F517FF45F2AAC9A3AD335C8A06AC22FCBF3BB238C5B811","C:\Users\funny\Documents\AgentBridge-worktrees\gasper-vec901-903-proof-prep-20260801","evidence\acceptance-latest\mcp-lifecycle-gpt-review.mjs","4"
"source_or_tool",".rs","15822","2026-08-01T13:04:47.6268975-04:00","89BCBD9E0C5DF7D68C0DC7131ED501D51EB62D4449FF7949BC3EAC1EED07D135","C:\Users\funny\Documents\AgentBridge-worktrees\gasper-vec901-903-proof-prep-20260801","crates\vector-scene\src\tournament.rs","4"
"source_or_tool",".rs","5140","2026-08-01T13:04:47.6258933-04:00","791876000F2128C9175ED504B4E99FF69C37693A496DBCD9C14F771E48FC335B","C:\Users\funny\Documents\AgentBridge-worktrees\gasper-vec901-903-proof-prep-20260801","crates\vector-scene\src\svg_serialize.rs","4"
"source_or_tool",".rs","5314","2026-08-01T13:04:47.6253894-04:00","072EB934DF44FEB9CF7262F8222C476EC5478754D233192842599AFF1E1B73CC","C:\Users\funny\Documents\AgentBridge-worktrees\gasper-vec901-903-proof-prep-20260801","crates\vector-scene\src\resvg_backend.rs","4"
"source_or_tool",".rs","5661","2026-08-01T13:04:47.6243884-04:00","DFBEFE80CD716599C95529CA9DCBD1E5133E376262398CBBF5F1A70DA7497C3F","C:\Users\funny\Documents\AgentBridge-worktrees\gasper-vec901-903-proof-prep-20260801","crates\vector-scene\src\lib.rs","4"
"source_or_tool",".rs","9514","2026-08-01T13:04:47.6233109-04:00","B05A310625B595D6B719869F9BF03ED94BB5CE59102D3FC3839CE9D12B857393","C:\Users\funny\Documents\AgentBridge-worktrees\gasper-vec901-903-proof-prep-20260801","crates\vector-scene\src\bridge.rs","4"
"source_or_tool",".rs","4215","2026-08-01T13:04:47.6213116-04:00","F7D99F869997950EC78C59AD3E26C23B0ADACF932CCD9B612323F1854077A248","C:\Users\funny\Documents\AgentBridge-worktrees\gasper-vec901-903-proof-prep-20260801","crates\vector-scene\src\bin\tournament_lab.rs","4"
"source_or_tool",".rs","2351","2026-08-01T13:04:47.6193123-04:00","05F3728DF2B249A1648238B8429B44F070E811EE21431B54A4FF96E63A58CB01","C:\Users\funny\Documents\AgentBridge-worktrees\gasper-vec901-903-proof-prep-20260801","crates\vector-scene\src\bench.rs","4"
"source_or_tool",".toml","685","2026-08-01T13:04:47.6169939-04:00","97A9B18872A6E28CF03BD7109672C0E68BD0CA46F4F889A02D6BF94191E36F50","C:\Users\funny\Documents\AgentBridge-worktrees\gasper-vec901-903-proof-prep-20260801","crates\vector-scene\Cargo.toml","4"
"source_or_tool",".rs","9467","2026-08-01T13:04:47.6146590-04:00","2B4D0D61FE47D1AC3C772A940A2393C3D2BE298881177ACCD84E418A7F5885F0","C:\Users\funny\Documents\AgentBridge-worktrees\gasper-vec901-903-proof-prep-20260801","crates\service\src\main.rs","4"
"source_or_tool",".toml","317","2026-08-01T13:04:47.6125839-04:00","2E05B1C3203DAE52C3BC00E0F4F4E3F3771065763715DF1B2DE0BD97A4B03258","C:\Users\funny\Documents\AgentBridge-worktrees\gasper-vec901-903-proof-prep-20260801","crates\service\Cargo.toml","4"
"source_or_tool",".rs","585","2026-08-01T13:04:47.6074082-04:00","3D87C7A39068F5B4043164A14ABB4809081DAC154F4BE07B85ED8941E3B26012","C:\Users\funny\Documents\AgentBridge-worktrees\gasper-vec901-903-proof-prep-20260801","crates\gasper-studio\src\main.rs","4"
"source_or_tool",".rs","10291","2026-08-01T13:04:47.6054346-04:00","C59600B6EDCBCFD484C325B048674B2F2374B14B6C1C4E9A467130B342D66FE8","C:\Users\funny\Documents\AgentBridge-worktrees\gasper-vec901-903-proof-prep-20260801","crates\gasper-studio\src\gasper_commands.rs","5"
"source_or_tool",".rs","5436","2026-08-01T13:04:47.6054346-04:00","6B206610668789F34693A002891190D49D84672336DD5166776A36AE8A1C6F98","C:\Users\funny\Documents\AgentBridge-worktrees\gasper-vec901-903-proof-prep-20260801","crates\gasper-studio\src\lib.rs","4"
"source_or_tool",".toml","741","2026-08-01T13:04:47.6023866-04:00","453250885A53F567AB6267E39537D8A3106C846F0D9D39DC3DC698E6B8B9D29D","C:\Users\funny\Documents\AgentBridge-worktrees\gasper-vec901-903-proof-prep-20260801","crates\gasper-studio\permissions\document-io.toml","5"
"source_or_tool",".rs","1059","2026-08-01T13:04:47.5816727-04:00","4302C4175294AC8CF222289415BBE2DDCD9C70B40171A2FBC7EEFE36939612D7","C:\Users\funny\Documents\AgentBridge-worktrees\gasper-vec901-903-proof-prep-20260801","crates\gasper-studio\build.rs","4"
"source_or_tool",".toml","762","2026-08-01T13:04:47.5806682-04:00","53947757CAEFAA36218658A11A3BC638315579C42D219A4EB42F51E16ADC02A6","C:\Users\funny\Documents\AgentBridge-worktrees\gasper-vec901-903-proof-prep-20260801","crates\gasper-studio\Cargo.toml","5"
"source_or_tool",".rs","49462","2026-08-01T13:04:47.5786450-04:00","A2BD73BD4025DDD77ADFAB014848D5ED08780936CB79336B6D1B7863BBA76E3E","C:\Users\funny\Documents\AgentBridge-worktrees\gasper-vec901-903-proof-prep-20260801","crates\gasper-document\src\lib.rs","5"
"source_or_tool",".toml","443","2026-08-01T13:04:47.5756398-04:00","798C570E4E2A39100070A09A5F5BE82FA122610A5C067DA1FB0658CF820D4743","C:\Users\funny\Documents\AgentBridge-worktrees\gasper-vec901-903-proof-prep-20260801","crates\gasper-document\Cargo.toml","5"
"source_or_tool",".rs","7667","2026-08-01T13:04:47.5736308-04:00","611190C24A10746BE9223B83EA44729B6AEEBE229CA94428D504885D59C8B284","C:\Users\funny\Documents\AgentBridge-worktrees\gasper-vec901-903-proof-prep-20260801","crates\expression-core\src\v2\temporal.rs","4"
"source_or_tool",".rs","10000","2026-08-01T13:04:47.5726322-04:00","367D8CD47692309C97DD8E236146F2D0291F833EBA1EA8D7D59884DEE111798C","C:\Users\funny\Documents\AgentBridge-worktrees\gasper-vec901-903-proof-prep-20260801","crates\expression-core\src\v2\state.rs","4"
"source_or_tool",".rs","6778","2026-08-01T13:04:47.5716337-04:00","01731A22970CBF08624098BDCC861D317A3983001EA5AFA0836EB90DF72BFF8F","C:\Users\funny\Documents\AgentBridge-worktrees\gasper-vec901-903-proof-prep-20260801","crates\expression-core\src\v2\schemars_export.rs","4"
"source_or_tool",".rs","9154","2026-08-01T13:04:47.5691102-04:00","3271498EE72E63C8F76D6EF814304E73CAC9617CA5EDDD72BFD1192A0B95C382","C:\Users\funny\Documents\AgentBridge-worktrees\gasper-vec901-903-proof-prep-20260801","crates\expression-core\src\v2\scenario.rs","4"
"source_or_tool",".rs","3278","2026-08-01T13:04:47.5691102-04:00","D8D703BEC6EDC7295ECF1300E692F7C9B30DD0E902C00C87AEF93AE889DDA8CB","C:\Users\funny\Documents\AgentBridge-worktrees\gasper-vec901-903-proof-prep-20260801","crates\expression-core\src\v2\scalar.rs","4"
"source_or_tool",".rs","34583","2026-08-01T13:04:47.5676064-04:00","A39F4BB89C94D02B343142B7ACA9AF280B26005E4759C547CDB1111A0C221564","C:\Users\funny\Documents\AgentBridge-worktrees\gasper-vec901-903-proof-prep-20260801","crates\expression-core\src\v2\policy.rs","4"
"source_or_tool",".rs","4855","2026-08-01T13:04:47.5666087-04:00","8185C007630C98BB64F5A55DF010C3D639388B1EF00DCDE27B41DBD02F1499AA","C:\Users\funny\Documents\AgentBridge-worktrees\gasper-vec901-903-proof-prep-20260801","crates\expression-core\src\v2\motion.rs","4"
"source_or_tool",".rs","1210","2026-08-01T13:04:47.5656029-04:00","006C5AB1A792C04C88E4EC2B18A0730F7522EC4E780FAB3A0C90F978F2FCF79A","C:\Users\funny\Documents\AgentBridge-worktrees\gasper-vec901-903-proof-prep-20260801","crates\expression-core\src\v2\mod.rs","4"
"source_or_tool",".rs","22898","2026-08-01T13:04:47.5638123-04:00","BC9CBD29E60C80E219261CE0CBB6209F933C28A576B055D480001DCB59D89274","C:\Users\funny\Documents\AgentBridge-worktrees\gasper-vec901-903-proof-prep-20260801","crates\expression-core\src\v2\kernel.rs","4"
"source_or_tool",".rs","7495","2026-08-01T13:04:47.5628069-04:00","F76500FB398ECC2305ED4F9F706AC5398A133B85BAF8DFE14242E007BDE94BE5","C:\Users\funny\Documents\AgentBridge-worktrees\gasper-vec901-903-proof-prep-20260801","crates\expression-core\src\v2\intent.rs","4"
"source_or_tool",".rs","4970","2026-08-01T13:04:47.5613018-04:00","BB43F5CF189114002A84A4A5EDFB7DDEBA1AFC477F02C49FB83C94A658C80B98","C:\Users\funny\Documents\AgentBridge-worktrees\gasper-vec901-903-proof-prep-20260801","crates\expression-core\src\v2\frame.rs","4"
"source_or_tool",".rs","5533","2026-08-01T13:04:47.5602972-04:00","886E1F3452CD6A72660062DF02A0A5373941590FD3F1012CF7332C809974D253","C:\Users\funny\Documents\AgentBridge-worktrees\gasper-vec901-903-proof-prep-20260801","crates\expression-core\src\v2\embodiment.rs","4"
"source_or_tool",".rs","12468","2026-08-01T13:04:47.5592973-04:00","05F6DAFF1352A7762EE089DFD512B8F5C27D0ECEEE844A431C69BDD9CE3EBD45","C:\Users\funny\Documents\AgentBridge-worktrees\gasper-vec901-903-proof-prep-20260801","crates\expression-core\src\v2\contracts.rs","4"
"source_or_tool",".rs","13585","2026-08-01T13:04:47.5582915-04:00","3735BF2F36CE286027BC82ADE3AE9F8677AC85522222CCA32B0E48419E63E315","C:\Users\funny\Documents\AgentBridge-worktrees\gasper-vec901-903-proof-prep-20260801","crates\expression-core\src\v2\anchors.rs","4"
"source_or_tool",".rs","8299","2026-08-01T13:04:47.5556026-04:00","B427022DC5B623A90CE4D6F84AD69307E2395326299ED0BF11A3AC0074280CC3","C:\Users\funny\Documents\AgentBridge-worktrees\gasper-vec901-903-proof-prep-20260801","crates\expression-core\src\v2\adapter.rs","4"
"source_or_tool",".rs","814","2026-08-01T13:04:47.5546023-04:00","7260932E2670E4F7DA8C9199683E48812136DD5CDF596D566E656229EA0B60BD","C:\Users\funny\Documents\AgentBridge-worktrees\gasper-vec901-903-proof-prep-20260801","crates\expression-core\src\trace.rs","4"
"source_or_tool",".rs","1738","2026-08-01T13:04:47.5535975-04:00","1AC7588A092F6069C48420DAE521C7CE2C872190D6CC029B2F75462B54DEBD14","C:\Users\funny\Documents\AgentBridge-worktrees\gasper-vec901-903-proof-prep-20260801","crates\expression-core\src\schema.rs","4"
"source_or_tool",".rs","8496","2026-08-01T13:04:47.5515782-04:00","02705351D2D6FCABDFFEA8314B568D724F01EA4DD3F40CF9F4425C714348D95F","C:\Users\funny\Documents\AgentBridge-worktrees\gasper-vec901-903-proof-prep-20260801","crates\expression-core\src\model.rs","4"
"source_or_tool",".rs","1155","2026-08-01T13:04:47.5505736-04:00","FC05C6B205933B7BDCD270A29504B523A4ED1D64B409979C70E6BB2112F51BE6","C:\Users\funny\Documents\AgentBridge-worktrees\gasper-vec901-903-proof-prep-20260801","crates\expression-core\src\lib.rs","4"
"source_or_tool",".rs","1097","2026-08-01T13:04:47.5490691-04:00","67C5ABEF8B513FDE6269DE2828170E4C78B309E9FFC4FB37982E44B55DA713CF","C:\Users\funny\Documents\AgentBridge-worktrees\gasper-vec901-903-proof-prep-20260801","crates\expression-core\src\hash.rs","4"
"source_or_tool",".rs","6257","2026-08-01T13:04:47.5490691-04:00","A26CE6437D8F0AA6B0E4E5547DB3EDBE0ADAD216221FF5591E8F6F742EDC2D6E","C:\Users\funny\Documents\AgentBridge-worktrees\gasper-vec901-903-proof-prep-20260801","crates\expression-core\src\eval.rs","4"
"source_or_tool",".rs","2312","2026-08-01T13:04:47.5480635-04:00","76AEE3D8AAAF0F56FB19FE800ACC2F27B83DAF750A6F842D1AD8D9B94370BCDA","C:\Users\funny\Documents\AgentBridge-worktrees\gasper-vec901-903-proof-prep-20260801","crates\expression-core\src\chirality.rs","4"
"source_or_tool",".rs","10010","2026-08-01T13:04:47.5465586-04:00","C960C69C3241D7068A380685BB49ABC97E86058EAA6EF03A5F30A802F99C1F09","C:\Users\funny\Documents\AgentBridge-worktrees\gasper-vec901-903-proof-prep-20260801","crates\expression-core\src\bin\scenario_lab.rs","4"
"source_or_tool",".rs","933","2026-08-01T13:04:47.5455542-04:00","D0D5328C19F8A949A8A0C9CEF03E1DD74056DE1258AC5FBB396F57FEAA231518","C:\Users\funny\Documents\AgentBridge-worktrees\gasper-vec901-903-proof-prep-20260801","crates\expression-core\src\bin\export_contracts.rs","4"
"source_or_tool",".rs","2521","2026-08-01T13:04:47.5440492-04:00","6A12EC188BEFDA2542C71EFBFB52DD82D67C5E8DF1C63DC21D1A3C85B79BDFF5","C:\Users\funny\Documents\AgentBridge-worktrees\gasper-vec901-903-proof-prep-20260801","crates\expression-core\src\bin\affect_lab_cli.rs","4"
"source_or_tool",".rs","5050","2026-08-01T13:04:47.5420455-04:00","2EEFD0AF66D9B9E85CCD1A7B1A85E7170C0D22B413D615BCF8E0F00D4C733F74","C:\Users\funny\Documents\AgentBridge-worktrees\gasper-vec901-903-proof-prep-20260801","crates\expression-core\src\anchor.rs","4"
"source_or_tool",".toml","691","2026-08-01T13:04:47.4970865-04:00","4564233143C1DBC97F32F438141AED67FBD9089E18CE72869FC4450F261FAF1C","C:\Users\funny\Documents\AgentBridge-worktrees\gasper-vec901-903-proof-prep-20260801","crates\expression-core\Cargo.toml","4"
"source_or_tool",".rs","21697","2026-08-01T13:04:47.4935835-04:00","596207E48438E4635D70B1A6425FB0D0508E9874F224AC26DD7B884253D7A1BA","C:\Users\funny\Documents\AgentBridge-worktrees\gasper-vec901-903-proof-prep-20260801","crates\desktop\src\startup.rs","4"
"source_or_tool",".rs","5684","2026-08-01T13:04:47.4925847-04:00","540651392310DE38A83AED654BA22E379A5CD47667A8F06CF5C3F6BCF95E9892","C:\Users\funny\Documents\AgentBridge-worktrees\gasper-vec901-903-proof-prep-20260801","crates\desktop\src\main.rs","4"
"source_or_tool",".rs","2350","2026-08-01T13:04:47.4915798-04:00","2AEA6D830603F3E074B8BE711B8637F48E9719E1689414E596A15F4FA354878B","C:\Users\funny\Documents\AgentBridge-worktrees\gasper-vec901-903-proof-prep-20260801","crates\desktop\src\lib.rs","4"
"source_or_tool",".rs","6991","2026-08-01T13:04:47.4890704-04:00","F4F77DCD65261CB68A800DD015A131CA136C0315A92C998AE6FFAFC85210B257","C:\Users\funny\Documents\AgentBridge-worktrees\gasper-vec901-903-proof-prep-20260801","crates\desktop\src\gasper_commands.rs","4"
"source_or_tool",".toml","790","2026-08-01T13:04:47.4789946-04:00","4327BF18AF05FD2A374C160A70B61213197D5164477E3C001A0043983954F07B","C:\Users\funny\Documents\AgentBridge-worktrees\gasper-vec901-903-proof-prep-20260801","crates\desktop\Cargo.toml","4"
"source_or_tool",".rs","92","2026-08-01T13:04:47.4789946-04:00","8DF0694155674E51262D476075DDC3EE251C8491B499419F1B4577C1E75767F2","C:\Users\funny\Documents\AgentBridge-worktrees\gasper-vec901-903-proof-prep-20260801","crates\desktop\build.rs","4"
"source_or_tool",".mjs","1706","2026-08-01T13:04:47.4724811-04:00","C41E6FC44B9F7A4ED3274B0B61B4A73FA35AB71B1D8C62EDE6AABF2413A89B73","C:\Users\funny\Documents\AgentBridge-worktrees\gasper-vec901-903-proof-prep-20260801","bin\triforce.mjs","4"
"source_or_tool",".mjs","586","2026-08-01T13:04:47.4714755-04:00","771C1949C76720B22F44F9C83667DB68A5A7E4A8213F7A62F59E99FE87F3DBA9","C:\Users\funny\Documents\AgentBridge-worktrees\gasper-vec901-903-proof-prep-20260801","bin\planops.mjs","4"
"source_or_tool",".ps1","2083","2026-08-01T13:04:47.4256820-04:00","1C0F62C7EFF15E82B9D8168A6B9D6D54C9D66536C179FDDD8EFDC1B796A96470","C:\Users\funny\Documents\AgentBridge-worktrees\gasper-vec901-903-proof-prep-20260801","artifacts\repair\startup-soak.ps1","4"
"source_or_tool",".mjs","1154","2026-08-01T13:04:47.4226821-04:00","9742635F3402F2AF8158BC1F21B30B027667D22A76A2BC7A4EC6A4ECACA39CD3","C:\Users\funny\Documents\AgentBridge-worktrees\gasper-vec901-903-proof-prep-20260801","artifacts\repair\mcp-initialize-probe.mjs","4"
"source_or_tool",".cjs","527","2026-08-01T13:04:47.4206726-04:00","17308AF7D9C08FA33473F7C456488AAFEDE83D516276D3125467AC14DAEE4C0A","C:\Users\funny\Documents\AgentBridge-worktrees\gasper-vec901-903-proof-prep-20260801","artifacts\reddit-intelligence\summarize-seven.cjs","4"
"source_or_tool",".cjs","3925","2026-08-01T13:04:47.4191691-04:00","283E62B72FF0D4B57A5763B58E59F88442BAA69F9D255E0869F2E071547E5727","C:\Users\funny\Documents\AgentBridge-worktrees\gasper-vec901-903-proof-prep-20260801","artifacts\reddit-intelligence\reddit-mine-last10.cjs","4"
"source_or_tool",".cjs","2446","2026-08-01T13:04:47.4096539-04:00","90FE3A00F38B45EB55C2AB483949F97A6A3249622284E5423C33EE8E52BE1007","C:\Users\funny\Documents\AgentBridge-worktrees\gasper-vec901-903-proof-prep-20260801","artifacts\reddit-intelligence\deepdive-five-links.cjs","4"
"source_or_tool",".mjs","1583","2026-08-01T13:04:47.3947779-04:00","2AA1754C483A915E7DB290232FEC0234E9D1C95013A8043DA7E65D6BA79F1632","C:\Users\funny\Documents\AgentBridge-worktrees\gasper-vec901-903-proof-prep-20260801","artifacts\operational-context-kernel-final\launch-gasper-playback-fixed.mjs","4"
"source_or_tool",".html","315","2026-08-01T13:04:47.1363431-04:00","A40ECF148DBFDE2268CEBB5773D25118F4AE9B40125922B756A380B2E3AB1E6D","C:\Users\funny\Documents\AgentBridge-worktrees\gasper-vec901-903-proof-prep-20260801","artifacts\hq-visual-evidence\2026-07-22-oath-recovery\hq-settings-probe.html","4"
"source_or_tool",".html","560","2026-08-01T13:04:47.1348261-04:00","C4A1BA210104F8B057E5F098CC052D2897CD0FED1208BA85F234A970639F63B2","C:\Users\funny\Documents\AgentBridge-worktrees\gasper-vec901-903-proof-prep-20260801","artifacts\hq-visual-evidence\2026-07-22-oath-recovery\hq-live-viewport-atlas.html","4"
"source_or_tool",".html","482","2026-08-01T13:04:47.1137687-04:00","150A4E8AD97C55842A917D853D9D3EFC0AA3FC91E7F9B8FC0216E94E2C4FB8CB","C:\Users\funny\Documents\AgentBridge-worktrees\gasper-vec901-903-proof-prep-20260801","artifacts\hq-visual-evidence\2026-07-22-oath-recovery\hq-live-review.html","4"
"source_or_tool",".html","887","2026-08-01T13:04:47.0813663-04:00","3B4075354E27B62BDCE482278CBB602C4E11514C5DA6B55B4A0025521D364C82","C:\Users\funny\Documents\AgentBridge-worktrees\gasper-vec901-903-proof-prep-20260801","artifacts\hq-visual-evidence\2026-07-22-oath-recovery\hq-live-comparison-atlas.html","4"
"source_or_tool",".html","329","2026-08-01T13:04:47.0639181-04:00","D3028365358E079E52D5A74382225E98B4F90611E24C221F0BDD53B8E65D3689","C:\Users\funny\Documents\AgentBridge-worktrees\gasper-vec901-903-proof-prep-20260801","artifacts\hq-visual-evidence\2026-07-22-oath-recovery\hq-integration-settings-probe.html","4"
"source_or_tool",".html","355","2026-08-01T13:04:47.0580991-04:00","C6AE99D652263A366F5B60F6D494FB4FA3B9A6780F56032B96E4219AE5E0D63B","C:\Users\funny\Documents\AgentBridge-worktrees\gasper-vec901-903-proof-prep-20260801","artifacts\hq-visual-evidence\2026-07-22-oath-recovery\hq-integration-settings-left-focus.html","4"
"source_or_tool",".html","340","2026-08-01T13:04:47.0515714-04:00","EAD20D363D6189B7BB43DB8E990C2C72FE854DE5EBA12DCE0A148F7FA0441227","C:\Users\funny\Documents\AgentBridge-worktrees\gasper-vec901-903-proof-prep-20260801","artifacts\hq-visual-evidence\2026-07-22-oath-recovery\hq-auth-cleanup-restored.html","4"
"source_or_tool",".mjs","1538","2026-08-01T13:04:47.0223310-04:00","CC70E4CA24653593C2D2DADCDA725DA46B1DC3BF99D2C8C5C838F74144E6D916","C:\Users\funny\Documents\AgentBridge-worktrees\gasper-vec901-903-proof-prep-20260801","artifacts\hq-native-app-absorption\request-renewal.mjs","4"
"source_or_tool",".mjs","2740","2026-08-01T13:04:47.0210253-04:00","E64C62ECF106D18D569F45CE8A15205BF32127688F49B21B82E5604F1AD1A7E3","C:\Users\funny\Documents\AgentBridge-worktrees\gasper-vec901-903-proof-prep-20260801","artifacts\hq-native-app-absorption\request-integration-grok-approval.mjs","4"
"source_or_tool",".mjs","2377","2026-08-01T13:04:47.0195201-04:00","A240346DF6D98F2FFC905196216EAC04752718C7FF0C825827093E55A88FEEC1","C:\Users\funny\Documents\AgentBridge-worktrees\gasper-vec901-903-proof-prep-20260801","artifacts\hq-native-app-absorption\request-grok-approval.mjs","4"
"source_or_tool",".mjs","2389","2026-08-01T13:04:47.0185209-04:00","D91E12D2B78EB7279BC0F7091DE550912935D8725BA7373A903BFA817D5ACAE4","C:\Users\funny\Documents\AgentBridge-worktrees\gasper-vec901-903-proof-prep-20260801","artifacts\hq-native-app-absorption\patch-main-atomic.mjs","4"
"source_or_tool",".mjs","957","2026-08-01T13:04:47.0185209-04:00","9C666A094FE9508A48B25A498560FDBF6AC60BF94095F878B0290CC8D291F76A","C:\Users\funny\Documents\AgentBridge-worktrees\gasper-vec901-903-proof-prep-20260801","artifacts\hq-native-app-absorption\launch-with-receipt.mjs","4"
"source_or_tool",".mjs","253","2026-08-01T13:04:46.9963837-04:00","1A1EF094CD5231BFA9EA8D8F078A1828C2775F2D2D7719147525B8051301D30B","C:\Users\funny\Documents\AgentBridge-worktrees\gasper-vec901-903-proof-prep-20260801","artifacts\hq-native-app-absorption\inspect-command-runner-identity.mjs","4"
"source_or_tool",".mjs","870","2026-08-01T13:04:46.9938679-04:00","DA8252DE4CEE7947B65C6CDBCA6FAD7BA7D2C0FDDB16C75F6D4956DB58648F26","C:\Users\funny\Documents\AgentBridge-worktrees\gasper-vec901-903-proof-prep-20260801","artifacts\hq-native-app-absorption\debug-approved-launch.mjs","4"
"source_or_tool",".mjs","3836","2026-08-01T13:04:46.9938679-04:00","285C7DC31DBDA60F05B5FB2A2511BF72B55D79EC4C2FEC0910CCCE914722B46A","C:\Users\funny\Documents\AgentBridge-worktrees\gasper-vec901-903-proof-prep-20260801","artifacts\hq-native-app-absorption\close-operational-loop.mjs","4"
"source_or_tool",".mjs","3522","2026-08-01T13:04:46.9923640-04:00","07232C9FB29F0C94B514816D3D603817B5C7B05837F0F74D13A23B140CAF8B2B","C:\Users\funny\Documents\AgentBridge-worktrees\gasper-vec901-903-proof-prep-20260801","artifacts\hq-native-app-absorption\close-operational-loop-main.mjs","4"
"source_or_tool",".mjs","681","2026-08-01T13:04:46.9913635-04:00","3C34664F8D844017095BBA786172603A3F3C11057F0F2949998BDF011CD38D15","C:\Users\funny\Documents\AgentBridge-worktrees\gasper-vec901-903-proof-prep-20260801","artifacts\hq-native-app-absorption\add-system-git-safe-directory.mjs","4"
"source_or_tool",".cjs","3926","2026-08-01T13:04:46.9883551-04:00","395439294BD3C93A99BA88C9855D76D406FAAA6B9CC613109EA7953E5C0C5799","C:\Users\funny\Documents\AgentBridge-worktrees\gasper-vec901-903-proof-prep-20260801","artifacts\hq-current\zip-hq-archive.cjs","4"
"source_or_tool",".cjs","1046","2026-08-01T13:04:46.9878517-04:00","6CF04FC736B9DAC7DDAEDA40F1CDBB333A5DAF3E2EDCD16573E9281E2796C7AC","C:\Users\funny\Documents\AgentBridge-worktrees\gasper-vec901-903-proof-prep-20260801","artifacts\hq-current\wait-npm.cjs","4"
"source_or_tool",".cjs","1150","2026-08-01T13:04:46.9868515-04:00","80C73EE848BA67B6B1F8D3A3D0CB1F24F75AA65F15C6497D6DB484504D79E952","C:\Users\funny\Documents\AgentBridge-worktrees\gasper-vec901-903-proof-prep-20260801","artifacts\hq-current\try-copy-nm.cjs","4"
"source_or_tool",".cjs","274","2026-08-01T13:04:46.9858468-04:00","395D43031DA918AC52D4EE9413B9F7AEDBE7970585F888F6113615D10DA0607E","C:\Users\funny\Documents\AgentBridge-worktrees\gasper-vec901-903-proof-prep-20260801","artifacts\hq-current\test-launcher-resolve.cjs","4"
"source_or_tool",".cjs","1204","2026-08-01T13:04:46.9843421-04:00","EC800717E2FDB9A265F48A3FF80285A898E28E93195526D525F176B3121C648A","C:\Users\funny\Documents\AgentBridge-worktrees\gasper-vec901-903-proof-prep-20260801","artifacts\hq-current\status-zip-nm2.cjs","4"
"source_or_tool",".cjs","1359","2026-08-01T13:04:46.9823357-04:00","CAB3219F7B3AEED86509DFF68E80D469003B15E4A9949BA315D67C466CBD398D","C:\Users\funny\Documents\AgentBridge-worktrees\gasper-vec901-903-proof-prep-20260801","artifacts\hq-current\status-zip-nm.cjs","4"
"source_or_tool",".cjs","1011","2026-08-01T13:04:46.9808307-04:00","3D7E6A5F4CAF641F2A61F76EAC037EB57D787752E7CF8ABCD2774AF8644BBC59","C:\Users\funny\Documents\AgentBridge-worktrees\gasper-vec901-903-proof-prep-20260801","artifacts\hq-current\status-now.cjs","4"
"source_or_tool",".cjs","939","2026-08-01T13:04:46.9803265-04:00","41B7C2FB6B7FCAA572C57C158B6F631A43C432C3349B1DAF6D902451878B1BCD","C:\Users\funny\Documents\AgentBridge-worktrees\gasper-vec901-903-proof-prep-20260801","artifacts\hq-current\start-npm-install.cjs","4"
"source_or_tool",".cjs","2968","2026-08-01T13:04:46.9768171-04:00","9DE583CF9FA0E56D27D76C85840EF9A154F7C219096F6EC6454567287D903BCB","C:\Users\funny\Documents\AgentBridge-worktrees\gasper-vec901-903-proof-prep-20260801","artifacts\hq-current\rm-empty-recovery.cjs","4"
"source_or_tool",".cjs","1195","2026-08-01T13:04:46.9758117-04:00","23A251FADD1D29C1C11379BBDE30237A1AC74E760F5F245042C79A3BE6ED7302","C:\Users\funny\Documents\AgentBridge-worktrees\gasper-vec901-903-proof-prep-20260801","artifacts\hq-current\resolve-lnk.cjs","4"
"source_or_tool",".cjs","640","2026-08-01T13:04:46.9743054-04:00","F24D7816CD6ECFCB051EFA83FD456A169C7D50BC162D2AED37966D6540D0659F","C:\Users\funny\Documents\AgentBridge-worktrees\gasper-vec901-903-proof-prep-20260801","artifacts\hq-current\read-hq-launcher-tools.cjs","4"
"source_or_tool",".cjs","134","2026-08-01T13:04:46.9733046-04:00","91CD31289B4FCCEE6D8D08D395A84ED41C8262A0141D79C3E774624889D94D99","C:\Users\funny\Documents\AgentBridge-worktrees\gasper-vec901-903-proof-prep-20260801","artifacts\hq-current\read-full-launcher-ps1.cjs","4"
"source_or_tool",".cjs","448","2026-08-01T13:04:46.9712990-04:00","52D58FCA19DDCC4B638E5C200C4F2CC5C1B4650A50905C25444369E515BE588C","C:\Users\funny\Documents\AgentBridge-worktrees\gasper-vec901-903-proof-prep-20260801","artifacts\hq-current\read-finish-log.cjs","4"
"source_or_tool",".cjs","1693","2026-08-01T13:04:46.9702933-04:00","F39F363633FCB87EBC90FEB200FE0F8F4CAE15935A49AB26FC180FC3691634C4","C:\Users\funny\Documents\AgentBridge-worktrees\gasper-vec901-903-proof-prep-20260801","artifacts\hq-current\poll-zip-hq.cjs","4"
"source_or_tool",".cjs","1600","2026-08-01T13:04:46.9687818-04:00","D65445CB7492E1B222679969005BC03332BF5C9613C7D38C306729E355F100B6","C:\Users\funny\Documents\AgentBridge-worktrees\gasper-vec901-903-proof-prep-20260801","artifacts\hq-current\poll-npm-install.cjs","4"
"source_or_tool",".cjs","2100","2026-08-01T13:04:46.9681248-04:00","17BE11FC27E2353EFB5569437798A1CCD003F2996F07EE017A64461D20BA5AF1","C:\Users\funny\Documents\AgentBridge-worktrees\gasper-vec901-903-proof-prep-20260801","artifacts\hq-current\patch-launcher-ev-path.cjs","4"
"source_or_tool",".cjs","3992","2026-08-01T13:04:46.9670649-04:00","388E66CD7428326725080D350338179084A09758F632806341164FD278FEF03B","C:\Users\funny\Documents\AgentBridge-worktrees\gasper-vec901-903-proof-prep-20260801","artifacts\hq-current\patch-desktop-hq-launcher.cjs","4"
"source_or_tool",".cjs","1124","2026-08-01T13:04:46.9660608-04:00","A409235B15B241850B830C86DAFFED4746EC7F61CAD87586A6280D7B5A8B34EE","C:\Users\funny\Documents\AgentBridge-worktrees\gasper-vec901-903-proof-prep-20260801","artifacts\hq-current\npm-install-canonical.cjs","4"
"source_or_tool",".cjs","536","2026-08-01T13:04:46.9644275-04:00","B1C9A7A96FB2E0CE6D2EC8E6FED9D8ED1282ABB12FC6AD353C7586078D057923","C:\Users\funny\Documents\AgentBridge-worktrees\gasper-vec901-903-proof-prep-20260801","artifacts\hq-current\list-gasper-handoff.cjs","4"
"source_or_tool",".cjs","1283","2026-08-01T13:04:46.9619242-04:00","E340CCA4A8266BD1AA9FD04EC76C8FDD7B5B83698FDD5150C26A9260781EB2C3","C:\Users\funny\Documents\AgentBridge-worktrees\gasper-vec901-903-proof-prep-20260801","artifacts\hq-current\kill-and-rm-recovery.cjs","4"
"source_or_tool",".cjs","741","2026-08-01T13:04:46.9609184-04:00","2C85CCE7E1278D94B65E959D514A9229D506A5BAB2603BD4A504E206DE2B03EA","C:\Users\funny\Documents\AgentBridge-worktrees\gasper-vec901-903-proof-prep-20260801","artifacts\hq-current\kick-zip-hq.cjs","4"
"source_or_tool",".cjs","887","2026-08-01T13:04:46.9594128-04:00","26BBE4650895CF72258593F3623A9F8BAAC3B95F681B483ED1B8A2B9764A095C","C:\Users\funny\Documents\AgentBridge-worktrees\gasper-vec901-903-proof-prep-20260801","artifacts\hq-current\kick-npm-install.cjs","4"
"source_or_tool",".cjs","513","2026-08-01T13:04:46.9584137-04:00","535A1585EFCBDCCBF1BFA940C6DFAF49D4371655D8BACDEFD82104D3960CE3E6","C:\Users\funny\Documents\AgentBridge-worktrees\gasper-vec901-903-proof-prep-20260801","artifacts\hq-current\kick-fix-nm.cjs","4"
"source_or_tool",".cjs","486","2026-08-01T13:04:46.9574121-04:00","DD02C78E9B1940031E33D0BF706EF6AFE72E74B664B47E886CC028F6D13123EA","C:\Users\funny\Documents\AgentBridge-worktrees\gasper-vec901-903-proof-prep-20260801","artifacts\hq-current\kick-finish-zip.cjs","4"
"source_or_tool",".cjs","2516","2026-08-01T13:04:46.9564126-04:00","C07DA8B2B38E717BCD905A9BC7749B9EA3406933B3F29EE35F224D0455043371","C:\Users\funny\Documents\AgentBridge-worktrees\gasper-vec901-903-proof-prep-20260801","artifacts\hq-current\junction-nm-and-launch.cjs","4"
"source_or_tool",".cjs","2603","2026-08-01T13:04:46.9554075-04:00","48D7B3E6386FA78A8B14C59D6B00C98EBA639834E6884F91560C60737D609DC2","C:\Users\funny\Documents\AgentBridge-worktrees\gasper-vec901-903-proof-prep-20260801","artifacts\hq-current\inventory-hq-trees.cjs","4"
"source_or_tool",".cjs","1318","2026-08-01T13:04:46.9533738-04:00","641FBF43DDCE470A1EC58DE79B222E1177A71ED462D3F131F4DDE000806D2C0E","C:\Users\funny\Documents\AgentBridge-worktrees\gasper-vec901-903-proof-prep-20260801","artifacts\hq-current\inventory-gasper-docs.cjs","4"
"source_or_tool",".cjs","565","2026-08-01T13:04:46.9526482-04:00","A551D7F2A44551C7FD5AB6DB7425E6BF6872B20F5B4772D7E1021D05F12B60B6","C:\Users\funny\Documents\AgentBridge-worktrees\gasper-vec901-903-proof-prep-20260801","artifacts\hq-current\inspect-canon.cjs","4"
"source_or_tool",".cjs","2887","2026-08-01T13:04:46.9506480-04:00","DCE299A757BC5F9A9EE2F551C2F71601A04397ACEC5B3A30785DA39F21FCE12A","C:\Users\funny\Documents\AgentBridge-worktrees\gasper-vec901-903-proof-prep-20260801","artifacts\hq-current\fix-nm-launch.cjs","4"
"source_or_tool",".cjs","9410","2026-08-01T13:04:46.9506480-04:00","E5D23C89756E06809BE26757DF87765AB5374DE4DCA82B5A4AD460A94BDB005F","C:\Users\funny\Documents\AgentBridge-worktrees\gasper-vec901-903-proof-prep-20260801","artifacts\hq-current\force-grok-ui-all-trees.cjs","4"
"source_or_tool",".cjs","1709","2026-08-01T13:04:46.9496436-04:00","B3EB1D52EF573A32FA0CAAE67D1267F834F5CEDCAE3740CBE75703D993CC25E6","C:\Users\funny\Documents\AgentBridge-worktrees\gasper-vec901-903-proof-prep-20260801","artifacts\hq-current\fix-nm-before-delete.cjs","4"
"source_or_tool",".cjs","2200","2026-08-01T13:04:46.9481391-04:00","D74EF335D7D53C9880DFEA4BDD356CA1D61BB0E3F5470BF01190320CE8E52F18","C:\Users\funny\Documents\AgentBridge-worktrees\gasper-vec901-903-proof-prep-20260801","artifacts\hq-current\fix-junction-launch2.cjs","4"
"source_or_tool",".cjs","3471","2026-08-01T13:04:46.9470489-04:00","359E0018FB4CB1C991E79E6B8DA2E8C3704DEC13E9A5FB14028B0037C05C48E3","C:\Users\funny\Documents\AgentBridge-worktrees\gasper-vec901-903-proof-prep-20260801","artifacts\hq-current\finish-archive.cjs","4"
"source_or_tool",".cjs","2625","2026-08-01T13:04:46.9454920-04:00","6A1006E64DBBC575401711AA0FF87450195C491E35E4FE38FC4BD431FD23F995","C:\Users\funny\Documents\AgentBridge-worktrees\gasper-vec901-903-proof-prep-20260801","artifacts\hq-current\finish-after-zip.cjs","4"
"source_or_tool",".cjs","833","2026-08-01T13:04:46.9444871-04:00","B220706C1C8D9001FB6D92E922A07221868CF95170004FF75093A62D55D294E8","C:\Users\funny\Documents\AgentBridge-worktrees\gasper-vec901-903-proof-prep-20260801","artifacts\hq-current\find-provider-settings.cjs","4"
"source_or_tool",".cjs","799","2026-08-01T13:04:46.9429827-04:00","EF7365C8394D6560CCFC44AA0F57DD0E6992EBF52D3AC60384DBF4953AD73AB1","C:\Users\funny\Documents\AgentBridge-worktrees\gasper-vec901-903-proof-prep-20260801","artifacts\hq-current\find-lock.cjs","4"
"source_or_tool",".cjs","941","2026-08-01T13:04:46.9419825-04:00","5592A26C3D8D964DCA8F36661FA63040526D803878631805BDFC526A61837F41","C:\Users\funny\Documents\AgentBridge-worktrees\gasper-vec901-903-proof-prep-20260801","artifacts\hq-current\find-grok-provider.cjs","4"
"source_or_tool",".cjs","1928","2026-08-01T13:04:46.9409756-04:00","F141A0D756E91F7E625CBC7286286B421D1667A089E81132E8F0E858480F28D5","C:\Users\funny\Documents\AgentBridge-worktrees\gasper-vec901-903-proof-prep-20260801","artifacts\hq-current\find-gasper-vision-docs.cjs","4"
"source_or_tool",".cjs","1598","2026-08-01T13:04:46.9391700-04:00","1A6BAC0EBA3137321E3DAA12B0FBF2076E65473ACF2051A468592954D8F77377","C:\Users\funny\Documents\AgentBridge-worktrees\gasper-vec901-903-proof-prep-20260801","artifacts\hq-current\direct-launch.cjs","4"
"source_or_tool",".cjs","1697","2026-08-01T13:04:46.9391700-04:00","3B6B0AA674EAD3AFC56E1A50C54F44D9B4DE27DDFE5071775C33A619522071B0","C:\Users\funny\Documents\AgentBridge-worktrees\gasper-vec901-903-proof-prep-20260801","artifacts\hq-current\find-desktop-launcher.cjs","4"
"source_or_tool",".cjs","2133","2026-08-01T13:04:46.9381711-04:00","233A0E0F40D2124A2C92AEED6E96AAEE072010107C2C0270DDE2F99AE9143FED","C:\Users\funny\Documents\AgentBridge-worktrees\gasper-vec901-903-proof-prep-20260801","artifacts\hq-current\diagnose-launch-fail.cjs","4"
"source_or_tool",".cjs","2235","2026-08-01T13:04:46.9371388-04:00","FDF88FB268601B892BE8671B2BEAB5623B14042152773C00D8A44FF3B24616C9","C:\Users\funny\Documents\AgentBridge-worktrees\gasper-vec901-903-proof-prep-20260801","artifacts\hq-current\diagnose-grok-ui.cjs","4"
"source_or_tool",".cjs","1962","2026-08-01T13:04:46.9357147-04:00","286EA126DC3B3C765E7C0969664EC4E7585BD43D8AC8565615820AF5BC425E44","C:\Users\funny\Documents\AgentBridge-worktrees\gasper-vec901-903-proof-prep-20260801","artifacts\hq-current\diagnose-dev-cwd.cjs","4"
"source_or_tool",".cjs","740","2026-08-01T13:04:46.9342113-04:00","6D7EAA531DCA9D7F1CCBAE02910FAA72C850B7B434D9B0DE5C1D2915B8C902B5","C:\Users\funny\Documents\AgentBridge-worktrees\gasper-vec901-903-proof-prep-20260801","artifacts\hq-current\check-zip-once.cjs","4"
"source_or_tool",".cjs","1463","2026-08-01T13:04:46.9342113-04:00","83987D0F3C69CD30E578B056E9693A8ED931CCC23132DE15C92FA33A18B5BBA2","C:\Users\funny\Documents\AgentBridge-worktrees\gasper-vec901-903-proof-prep-20260801","artifacts\hq-current\check-zip-progress.cjs","4"
"source_or_tool",".cjs","783","2026-08-01T13:04:46.9327079-04:00","08F26ED8B806F5473F79CC2D4181651525CC0C247D8DF9DEFF27456DED6ACC54","C:\Users\funny\Documents\AgentBridge-worktrees\gasper-vec901-903-proof-prep-20260801","artifacts\hq-current\check-tar-proc.cjs","4"
"source_or_tool",".cjs","538","2026-08-01T13:04:46.9317082-04:00","428EC0F1DAA4EC778ED20805497B47A965A4ACB636A1A4736D1D4892D6A533EE","C:\Users\funny\Documents\AgentBridge-worktrees\gasper-vec901-903-proof-prep-20260801","artifacts\hq-current\check-npm-once.cjs","4"
"source_or_tool",".cjs","859","2026-08-01T13:04:46.9306589-04:00","493157332A156C94EB7BB53BF20E77CB1C155E2212A58A3E2468C42433B716E4","C:\Users\funny\Documents\AgentBridge-worktrees\gasper-vec901-903-proof-prep-20260801","artifacts\hq-current\check-archive-progress.cjs","4"
"source_or_tool",".cjs","5928","2026-08-01T13:04:46.9296534-04:00","13226C31ECF9698FB63F5CE5CFAFE1E41E15C9CFD5EDB18C90D2306B808E1AE2","C:\Users\funny\Documents\AgentBridge-worktrees\gasper-vec901-903-proof-prep-20260801","artifacts\hq-current\archive-noncanonical-hq.cjs","4"
"source_or_tool",".cjs","3556","2026-08-01T13:04:46.9281368-04:00","B2015D33323B1C1BE048F1F0B667F95605DF83D553B4DA5F476712D17BCC2230","C:\Users\funny\Documents\AgentBridge-worktrees\gasper-vec901-903-proof-prep-20260801","artifacts\hq-current\add-grok-provider.cjs","4"
"source_or_tool",".ps1","747","2026-08-01T13:04:46.9265783-04:00","70A015E634ED1A9B69EBED0620DD2AEDD5FEA4F7793FBFB2626413ED72BC1D4C","C:\Users\funny\Documents\AgentBridge-worktrees\gasper-vec901-903-proof-prep-20260801","artifacts\hq-current\_resolve.ps1","4"
"source_or_tool",".html","2876","2026-08-01T13:04:14.5721136-04:00","5766998DBD5FD692BBC9B170AEBCB6CCFE2C6CB44DB9A13B27D86A1C530BCD57","C:\Users\funny\Documents\AgentBridge-worktrees\gasper-vec901-903-proof-prep-20260801","artifacts\gasper-completion\oath-correction-r4\integration-recapture\visual-review.html","4"
"source_or_tool",".mjs","5215","2026-08-01T13:04:14.5721136-04:00","5D95C3BDF21E8FE69540AA4DB1FAC556E3AB37C0D7367DDAD6D34C82876F8D87","C:\Users\funny\Documents\AgentBridge-worktrees\gasper-vec901-903-proof-prep-20260801","artifacts\gasper-completion\oath-correction-r4\integration-recapture\runtime-compositing-diagnostic.mjs","4"
"source_or_tool",".cjs","4326","2026-08-01T13:04:14.5711141-04:00","67C3F469EFC60D39D19D60B842A1141DB2AA02196274092E43247D86CB55CAA0","C:\Users\funny\Documents\AgentBridge-worktrees\gasper-vec901-903-proof-prep-20260801","artifacts\gasper-completion\oath-correction-r4\integration-recapture\reviewers\run-structural-review.cjs","4"
"source_or_tool",".cjs","6710","2026-08-01T13:04:14.5701091-04:00","63636DE2C28489FD0FA7DAD1F4EB3E5278F7CB29E4EB1AB21F455EE3ABA5B502","C:\Users\funny\Documents\AgentBridge-worktrees\gasper-vec901-903-proof-prep-20260801","artifacts\gasper-completion\oath-correction-r4\integration-recapture\reviewers\run-evidence-review.cjs","4"
"source_or_tool",".html","3893","2026-08-01T13:04:14.5676045-04:00","3D889C90035726E00946B4FDFE672D20B75C66C6D89AD96F742768ABF410528C","C:\Users\funny\Documents\AgentBridge-worktrees\gasper-vec901-903-proof-prep-20260801","artifacts\gasper-completion\oath-correction-r4\integration-recapture\review-atlas.html","4"
"source_or_tool",".py","3143","2026-08-01T13:04:14.5640830-04:00","BEE1F7853B4227D3B13400CEFCF3056BC935FFCD84E4AA2B480CAEBB8A9B8CA8","C:\Users\funny\Documents\AgentBridge-worktrees\gasper-vec901-903-proof-prep-20260801","artifacts\gasper-completion\oath-correction-r4\integration-recapture\probe-expression-vectors.py","4"
"source_or_tool",".py","4604","2026-08-01T13:04:14.5640830-04:00","B9B55D71B4559D58EBDF22E35655DC9A39974CBE64DF84560D3BA112190D4DF8","C:\Users\funny\Documents\AgentBridge-worktrees\gasper-vec901-903-proof-prep-20260801","artifacts\gasper-completion\oath-correction-r4\integration-recapture\probe-optical-metrics.py","4"
"source_or_tool",".cjs","2144","2026-08-01T13:04:14.5625766-04:00","44D7D91CE2483220DB8112BC2282C71897D68AAF2900EFC3A53573225942C4B0","C:\Users\funny\Documents\AgentBridge-worktrees\gasper-vec901-903-proof-prep-20260801","artifacts\gasper-completion\oath-correction-r4\integration-recapture\patch-stage4.cjs","4"
"source_or_tool",".py","3147","2026-08-01T13:04:14.5625766-04:00","000E43102EA6FB19DAB59B448F964AC08C6A4DA09B2A4E1DA9B94ED2E371229A","C:\Users\funny\Documents\AgentBridge-worktrees\gasper-vec901-903-proof-prep-20260801","artifacts\gasper-completion\oath-correction-r4\integration-recapture\probe-expression-vectors-16.py","4"
"source_or_tool",".cjs","11225","2026-08-01T13:04:14.5615760-04:00","2EED911B31263660193F234608F6FEB2E07C18668D21BE26BCC6B131F24E8D82","C:\Users\funny\Documents\AgentBridge-worktrees\gasper-vec901-903-proof-prep-20260801","artifacts\gasper-completion\oath-correction-r4\integration-recapture\patch-seal-recovery.cjs","4"
"source_or_tool",".cjs","3767","2026-08-01T13:04:14.5605704-04:00","1A8CA699F170D38F429B1BA26FC03CF536F7276BE3A0E693F8E748AA4B636D37","C:\Users\funny\Documents\AgentBridge-worktrees\gasper-vec901-903-proof-prep-20260801","artifacts\gasper-completion\oath-correction-r4\integration-recapture\patch-seal-recovery-tests-doc.cjs","4"
"source_or_tool",".cjs","3999","2026-08-01T13:04:14.5605704-04:00","A2CFDD14A871F9EC137C6AAD6BEA5B1BD1B02D1F3EC99694B3956B84107A191E","C:\Users\funny\Documents\AgentBridge-worktrees\gasper-vec901-903-proof-prep-20260801","artifacts\gasper-completion\oath-correction-r4\integration-recapture\patch-seal-recovery-tests-doc-v2.cjs","4"
"source_or_tool",".cjs","7715","2026-08-01T13:04:14.5590660-04:00","F1FFD7E42953B52EB15CCCD9022ADC84469C7A656CF6C33D9BB50D9D102D738C","C:\Users\funny\Documents\AgentBridge-worktrees\gasper-vec901-903-proof-prep-20260801","artifacts\gasper-completion\oath-correction-r4\integration-recapture\patch-runtime-capture-boundary.cjs","4"
"source_or_tool",".mjs","1368","2026-08-01T13:04:14.5585619-04:00","0270E8796AE8FE1FF21BE3C4551461596EA25BEEBB683FE1CD760402AE535FC1","C:\Users\funny\Documents\AgentBridge-worktrees\gasper-vec901-903-proof-prep-20260801","artifacts\gasper-completion\oath-correction-r4\integration-recapture\patch-build-launcher.mjs","4"
"source_or_tool",".mjs","1516","2026-08-01T13:04:14.5579105-04:00","4047075DC24E9CC3B9EEB6901F589FF9754BD26A407EF000B0271CFF9A5D6C13","C:\Users\funny\Documents\AgentBridge-worktrees\gasper-vec901-903-proof-prep-20260801","artifacts\gasper-completion\oath-correction-r4\integration-recapture\patch-build-launcher-v2.mjs","4"
"source_or_tool",".mjs","1633","2026-08-01T13:04:14.5555566-04:00","26B593E88D6A8D9EAACA178F0CDA7913342BEB16BE28CEC0A561D116586BAB06","C:\Users\funny\Documents\AgentBridge-worktrees\gasper-vec901-903-proof-prep-20260801","artifacts\gasper-completion\oath-correction-r4\integration-recapture\marker-validation\normalize-markers.mjs","4"
"source_or_tool",".mjs","615","2026-08-01T13:04:14.4098506-04:00","546D71A18925AA36631DA9B6EDE1EBAF1FC85D0E5E49A1255808093E51D39B6F","C:\Users\funny\Documents\AgentBridge-worktrees\gasper-vec901-903-proof-prep-20260801","artifacts\gasper-completion\oath-correction-r4\integration-recapture\dump-expression-samples.mjs","4"
"source_or_tool",".cjs","1182","2026-08-01T13:04:14.3776866-04:00","D0CCDC6CB4436D492C63F2535F42FAA0A628ADA7DE97318123B672B2D13ED35F","C:\Users\funny\Documents\AgentBridge-worktrees\gasper-vec901-903-proof-prep-20260801","artifacts\gasper-completion\oath-correction-r3\integration-recapture\status-now.cjs","4"
"source_or_tool",".html","3649","2026-08-01T13:04:14.3776866-04:00","A7C7FAE604D8D1A61A563AE04D4261F40FEFBD4F6110E8551EFDE715B7BBA2D2","C:\Users\funny\Documents\AgentBridge-worktrees\gasper-vec901-903-proof-prep-20260801","artifacts\gasper-completion\oath-correction-r3\integration-recapture\review-atlas.html","4"
"source_or_tool",".cjs","534","2026-08-01T13:04:14.3766885-04:00","2A05619D44B9192464894FFC17C478504352CCD6BC5515AA643E836C58A2D64C","C:\Users\funny\Documents\AgentBridge-worktrees\gasper-vec901-903-proof-prep-20260801","artifacts\gasper-completion\oath-correction-r3\integration-recapture\r4-scope-map.cjs","4"
"source_or_tool",".cjs","1176","2026-08-01T13:04:14.3454097-04:00","B58C49246F29E5E8ADC6487153F38B6D96EF9F54C881A266496DD40C52882EB6","C:\Users\funny\Documents\AgentBridge-worktrees\gasper-vec901-903-proof-prep-20260801","artifacts\gasper-completion\oath-correction-r3\integration-recapture\inspect-capture-evidence.cjs","4"
"source_or_tool",".html","7135","2026-08-01T13:04:14.1891651-04:00","8769BAC7C3DBDB5BC22D5E3031251F09914B2C14E030575D32A2AFCEBD6D69C7","C:\Users\funny\Documents\AgentBridge-worktrees\gasper-vec901-903-proof-prep-20260801","artifacts\gasper-completion\native-goals\visual-acceptance\review\CODY_REVIEW.html","4"
"source_or_tool",".mjs","39021","2026-08-01T13:04:14.1653835-04:00","3E8C8313C34F5DCEB0B161746FF01730D8C752AAF0C900FAFEB1C67F7BED0217","C:\Users\funny\Documents\AgentBridge-worktrees\gasper-vec901-903-proof-prep-20260801","artifacts\gasper-completion\native-goals\visual-acceptance\prepare-cody-package.mjs","4"
"source_or_tool",".mjs","3916","2026-08-01T13:04:14.1643778-04:00","E7AA330ED9CBBF5C003A12F922EDA1A688709DB11C02A2A7D12A850DE32ACBB2","C:\Users\funny\Documents\AgentBridge-worktrees\gasper-vec901-903-proof-prep-20260801","artifacts\gasper-completion\native-goals\visual-acceptance\open-owner-review.mjs","4"
"source_or_tool",".html","427521","2026-08-01T13:04:13.1615549-04:00","F98AFC1C806C2B22B87D2D11172D65CD0AE04D307749FA2E578A46C2FBB7ED9E","C:\Users\funny\Documents\AgentBridge-worktrees\gasper-vec901-903-proof-prep-20260801","artifacts\designops\studio-ux-ingredients-0.1\stations\marquee-overlay.html","4"
"source_or_tool",".mjs","20324","2026-08-01T13:04:13.1037842-04:00","E85A4F361A543BF144FB501330BF452CAD3D356302712E37E5D6D7567CD14253","C:\Users\funny\Documents\AgentBridge-worktrees\gasper-vec901-903-proof-prep-20260801","artifacts\designops\gasper-studio-total-cartography-2026-07-18\synthesize-audit.mjs","4"
"source_or_tool",".mjs","12276","2026-08-01T13:04:13.0892546-04:00","87EACEAED5E0CE20B6F66E115F892DB2D0289E7A168EFDDCF09676F7B1516161","C:\Users\funny\Documents\AgentBridge-worktrees\gasper-vec901-903-proof-prep-20260801","artifacts\designops\gasper-studio-total-cartography-2026-07-18\static-cartography.mjs","4"
"source_or_tool",".mjs","1133","2026-08-01T13:04:13.0882497-04:00","FFDD16F95142448F514B33F949201F9A2914F36EBAE6F31B17347466D460D40C","C:\Users\funny\Documents\AgentBridge-worktrees\gasper-vec901-903-proof-prep-20260801","artifacts\designops\gasper-studio-total-cartography-2026-07-18\read-static-worker-status.mjs","4"
"source_or_tool",".mjs","1779","2026-08-01T13:04:13.0882497-04:00","23134CA3E22D02502B5390E63BC8760C301702EEC2CA1F841F508608E03B110B","C:\Users\funny\Documents\AgentBridge-worktrees\gasper-vec901-903-proof-prep-20260801","artifacts\designops\gasper-studio-total-cartography-2026-07-18\request-static-worker.mjs","4"
"source_or_tool",".mjs","340","2026-08-01T13:04:13.0877464-04:00","701C4741D6A691492D85D75971BE9154C861267F6F9205AE885D049B5F006AB2","C:\Users\funny\Documents\AgentBridge-worktrees\gasper-vec901-903-proof-prep-20260801","artifacts\designops\gasper-studio-total-cartography-2026-07-18\print-source-snippet.mjs","4"
"source_or_tool",".mjs","244","2026-08-01T13:04:13.0866550-04:00","3BCBB8E9487C9FCAED4516A1AA5F5B48F630736CDEB1BAA5866C450406976EC5","C:\Users\funny\Documents\AgentBridge-worktrees\gasper-vec901-903-proof-prep-20260801","artifacts\designops\gasper-studio-total-cartography-2026-07-18\print-controller-snippet.mjs","4"
"source_or_tool",".mjs","1549","2026-08-01T13:04:12.8666438-04:00","0C8D38449B6AC301AA2D7E5144347793871DB2FADB47F61DC8C939A305E2AC8E","C:\Users\funny\Documents\AgentBridge-worktrees\gasper-vec901-903-proof-prep-20260801","artifacts\designops\gasper-studio-total-cartography-2026-07-18\live-shell-state.mjs","4"
"source_or_tool",".mjs","1887","2026-08-01T13:04:12.8660276-04:00","A1BAA085851692F240E3081BE529ADBBAEB14A904E00AF9BC47B4332D1222773","C:\Users\funny\Documents\AgentBridge-worktrees\gasper-vec901-903-proof-prep-20260801","artifacts\designops\gasper-studio-total-cartography-2026-07-18\live-same-clip-idempotency.mjs","4"
"source_or_tool",".mjs","1923","2026-08-01T13:04:12.8639536-04:00","F8213D1E7FFB2169831743278A9B99CE1535FA59CAA67F07C77AA7F31624DFF3","C:\Users\funny\Documents\AgentBridge-worktrees\gasper-vec901-903-proof-prep-20260801","artifacts\designops\gasper-studio-total-cartography-2026-07-18\live-resync.mjs","4"
"source_or_tool",".mjs","1656","2026-08-01T13:04:12.8639536-04:00","E3FF22C5B3FA6EFF8815597DEFE323056407C654141017593C8021FABDE14ECC","C:\Users\funny\Documents\AgentBridge-worktrees\gasper-vec901-903-proof-prep-20260801","artifacts\designops\gasper-studio-total-cartography-2026-07-18\live-restore-shell.mjs","4"
"source_or_tool",".mjs","2295","2026-08-01T13:04:12.8639536-04:00","A625B54AF420C738F96A37DEBE1CBC6A49C465589B593B3A9A4A5E96D51E38DA","C:\Users\funny\Documents\AgentBridge-worktrees\gasper-vec901-903-proof-prep-20260801","artifacts\designops\gasper-studio-total-cartography-2026-07-18\live-projection-refresh-via-ui.mjs","4"
"source_or_tool",".mjs","7013","2026-08-01T13:04:12.8629487-04:00","DBACEBB136927595E8448F1DAA7983AE7A6D7973C380D25BFA2326514583BEB8","C:\Users\funny\Documents\AgentBridge-worktrees\gasper-vec901-903-proof-prep-20260801","artifacts\designops\gasper-studio-total-cartography-2026-07-18\live-discovery.mjs","4"
"source_or_tool",".mjs","8228","2026-08-01T13:04:12.8623789-04:00","B7783A8F56B86E5DC2BE33B6F5C7F433C70D3D59B665682D8D9B9C16ED7E21A6","C:\Users\funny\Documents\AgentBridge-worktrees\gasper-vec901-903-proof-prep-20260801","artifacts\designops\gasper-studio-total-cartography-2026-07-18\live-controls-audit.mjs","4"
"source_or_tool",".mjs","6375","2026-08-01T13:04:12.7969552-04:00","294C6951A529669035578F8C294C221027AF3F1498CA597E5AD93280F9ADD134","C:\Users\funny\Documents\AgentBridge-worktrees\gasper-vec901-903-proof-prep-20260801","artifacts\designops\gasper-studio-first-principles-audit-2026-07-17\clickthrough.mjs","4"
"source_or_tool",".mjs","7049","2026-08-01T13:04:12.7823901-04:00","DD3BA390A0063119BBA617E75D334C495C3775F00C07C6C0045EEC3FA1294E76","C:\Users\funny\Documents\AgentBridge-worktrees\gasper-vec901-903-proof-prep-20260801","artifacts\_capture-007g-baseline.mjs","4"
"source_or_tool",".toml","469","2026-08-01T13:04:12.7793773-04:00","F25C283BF083AFA60BDFD3F42C0D129E7A3C5973D9AF1D0B5F1EDBBBD711DE37","C:\Users\funny\Documents\AgentBridge-worktrees\gasper-vec901-903-proof-prep-20260801","Cargo.toml","4"
"source_or_tool",".mjs","46672","2026-08-01T12:22:15.1429562-04:00","2B97D80739BFC9307A74A995E34D8184FBB4F9CE514714752059B81EB04C9580","C:\Users\funny\Documents\AgentBridge-worktrees\gasper-vec801-802-turbo-20260801","scripts\gasper-vector-organism\scan-no-raster-runtime.mjs","1"
"source_or_tool",".py","1155","2026-08-01T12:17:20.7660988-04:00","12856B15DE84C3683D3661B5E71AB044DB8ED0EFF2B8DF398C8B6A9609F914E8","C:\Users\funny\Documents\AgentBridge-worktrees\gasper-vec801-802-turbo-20260801",".vec802_refresh_hashes.py","1"
"source_or_tool",".py","13724","2026-08-01T12:16:39.8003651-04:00","7660BF8E73C220C7F99678CCD60B91C80C235CD1B508D36613AB5719E01022A1","C:\Users\funny\Documents\AgentBridge-worktrees\gasper-vec801-802-turbo-20260801",".vec802_patch_scanner.py","1"
"source_or_tool",".py","6692","2026-08-01T12:13:29.4545044-04:00","81C952594B30608534F367C8872B46164C2F27D493898FE5D97B62417E28D201","C:\Users\funny\Documents\AgentBridge-worktrees\gasper-vec801-802-turbo-20260801",".vec802_update_lock.py","1"
"source_or_tool",".ts","5909","2026-08-01T12:12:25.3630213-04:00","7E1EFBE35710935C300545338C667DA6CB028AABCB0EB340BB7D93850785D7D1","C:\Users\funny\Documents\AgentBridge-worktrees\gasper-vec801-802-turbo-20260801","tests\structural\gasper-vector-organism\controller-decomposition-vec801-802.test.ts","1"
"source_or_tool",".ts","13208","2026-08-01T12:08:43.9552027-04:00","B1E38CF1BBF98AC3939EB6306A1E6CFAEA7E7601A9730E983BC75F3BAFE252FF","C:\Users\funny\Documents\AgentBridge-worktrees\gasper-vec801-802-turbo-20260801","tests\structural\gasper-vector-organism\vector-material-filter-review.test.ts","1"
"source_or_tool",".ts","4927","2026-08-01T12:07:55.3279790-04:00","93052102D5303BF62269DFE536C5B949371E1B5ACCF650DD6B74CBE2230CE93B","C:\Users\funny\Documents\AgentBridge-worktrees\gasper-vec801-802-turbo-20260801","tests\structural\gasper-vector-organism\vec701-production-wiring.test.ts","1"
"source_or_tool",".ts","13799","2026-08-01T12:07:37.6133502-04:00","4017C65C699E72EB2F423205861B0EE8BBDDE8EEF7965E550F0D95C099739232","C:\Users\funny\Documents\AgentBridge-worktrees\gasper-vec801-802-turbo-20260801","tests\structural\gasper-vector-organism\organism-clock.test.ts","1"
"source_or_tool",".ts","9844","2026-08-01T12:07:24.8264343-04:00","AD744592C193102A297F73192975ABD9CBD6EBD7374373BB62A0A41C46FAE1F8","C:\Users\funny\Documents\AgentBridge-worktrees\gasper-vec801-802-turbo-20260801","tests\structural\gasper-vector-organism\live-svg-transition-invariant.test.ts","1"
"source_or_tool",".ts","5813","2026-08-01T12:06:26.2546377-04:00","0DACEAB39FFBF4088F814A7C5A9C86B2311D3BAF26CA615D6AE1330C2E00BB99","C:\Users\funny\Documents\AgentBridge-worktrees\gasper-vec801-802-turbo-20260801","tests\structural\gasper-vector-organism\canonical-compositor-vec501.test.ts","1"
"source_or_tool",".ts","16466","2026-08-01T12:06:14.1870338-04:00","209E2CCA21EACEBA4E69C99205EDE5BB40C0CBE068ACCA6E0DA199C10FB00A4C","C:\Users\funny\Documents\AgentBridge-worktrees\gasper-vec801-802-turbo-20260801","tests\structural\gasper-vector-organism\analytic-feature-relief.test.ts","1"
"source_or_tool",".ts","57863","2026-08-01T12:02:47.5914519-04:00","A8AC381CC3CB622D51B75D17BD1F06DE554193A7D21A67EA41908107A93019F1","C:\Users\funny\Documents\AgentBridge-worktrees\gasper-vec801-802-turbo-20260801","packages\desktop\src\gasper\GasperRigController.ts","1"
"source_or_tool",".ts","6495","2026-08-01T12:01:23.6119942-04:00","32D01348DC5935641D272EA1C23570CFB861415501B1959E19FB53FDCB053F04","C:\Users\funny\Documents\AgentBridge-worktrees\gasper-vec801-802-turbo-20260801","packages\desktop\src\gasper\controller\GasperControllerAnimationEditorAdapter.ts","1"
"source_or_tool",".ts","10925","2026-08-01T11:56:53.6230532-04:00","B2801A204E4D597F504FBD06258A756FD0447A25AC56C1F417348CE08F468C45","C:\Users\funny\Documents\AgentBridge-worktrees\gasper-vec801-802-turbo-20260801","packages\desktop\src\gasper\controller\GasperControllerLivingIntentService.ts","1"
"source_or_tool",".ts","4599","2026-08-01T11:54:36.2173613-04:00","3E1BC8C7C8F626AF18F2AE2B27249D0F60D724068FB80209400ACFDDC07A7A99","C:\Users\funny\Documents\AgentBridge-worktrees\gasper-vec801-802-turbo-20260801","packages\desktop\src\gasper\controller\GasperControllerRendererAdapter.ts","1"
"source_or_tool",".ts","7975","2026-08-01T11:51:18.2489308-04:00","0F90433EED154BEFBAC3549B394C9C61988525E3BE61AD7A06565A373BF8D3D5","C:\Users\funny\Documents\AgentBridge-worktrees\gasper-vec801-802-turbo-20260801","packages\desktop\src\gasper\controller\GasperControllerStateResolver.ts","1"
"source_or_tool",".ts","5704","2026-08-01T11:48:54.6233007-04:00","C6357C6AE6097BB213F992D4008D9705E8CF9EE23BAE28093262911583C89D7D","C:\Users\funny\Documents\AgentBridge-worktrees\gasper-vec801-802-turbo-20260801","packages\desktop\src\gasper\controller\GasperControllerInspectionService.ts","1"
"source_or_tool",".ts","2130","2026-08-01T11:45:54.7206861-04:00","A2A4F352E08C15ADC1F9C70F21645F4C4E2F0A801B02E4E2491B05DFA8708044","C:\Users\funny\Documents\AgentBridge-worktrees\gasper-vec801-802-turbo-20260801","packages\desktop\src\gasper\controller\GasperControllerClockService.ts","1"
"source_or_tool",".ts","5566","2026-08-01T11:44:48.5745265-04:00","CDDF28D8AD1759B058A63C0C70A1790CA8F1DB6E118C0DCF09B13A24C2B54BAD","C:\Users\funny\Documents\AgentBridge-worktrees\gasper-vec801-802-turbo-20260801","packages\desktop\src\gasper\controller\GasperControllerPolicies.ts","1"
"source_or_tool",".ts","5042","2026-08-01T11:44:48.5745265-04:00","6D516B960A9EAC731D65A97BF1A7114B8D2BEFB0C69D0923DE1950371576DA35","C:\Users\funny\Documents\AgentBridge-worktrees\gasper-vec801-802-turbo-20260801","packages\desktop\src\gasper\controller\GasperControllerBindingCatalog.ts","1"
"source_or_tool",".ts","12944","2026-08-01T02:08:40.4343052-04:00","DA51036CF658FEF6B4A8370904847BA1516C5FEB46816FD3BD4D7492FDB5CB52","C:\Users\funny\Documents\AgentBridge-worktrees\gasper-vec501-turbo-20260801","tests\structural\gasper-vector-organism\architecture-lock-v03-no-raster-gate.test.ts","1"
"source_or_tool",".ts","12666","2026-08-01T02:07:30.7526588-04:00","AB7288F4B34C8B67EBD14EE5E253EDCAA7847B27E3DCAB819CE33F0A024BA8EF","C:\Users\funny\Documents\AgentBridge-worktrees\gasper-vec501-turbo-20260801","tests\structural\gasper-vector-organism\vector-material-filter-review.test.ts","1"
"source_or_tool",".mjs","30252","2026-08-01T02:04:12.6889638-04:00","F7743A3F90FF2C4B11D7A305EC5B20F060A25E4376B39C85A0EFB87C1C9C928A","C:\Users\funny\Documents\AgentBridge-worktrees\gasper-vec501-turbo-20260801","scripts\gasper-vector-organism\scan-no-raster-runtime.mjs","1"
"source_or_tool",".ts","114874","2026-08-01T01:45:36.4532428-04:00","8432D4D8EA0845971681FA2732D608CE168B6B752763F5B3F905612E59BDE178","C:\Users\funny\Documents\AgentBridge-worktrees\gasper-vec501-turbo-20260801","packages\desktop\src\gasper\GasperRigController.ts","1"
"source_or_tool",".ts","13220","2026-08-01T01:31:08.9151431-04:00","6A7279A32C20B9EB2C8022D523F153B1299DC25B2E59D49A024AA1CECA24FB2A","C:\Users\funny\Documents\AgentBridge-worktrees\gasper-vec501-turbo-20260801","tests\structural\gasper-vector-organism\organism-clock.test.ts","1"
"source_or_tool",".ts","25762","2026-08-01T01:31:08.8419414-04:00","A2964DDF94E95C048D6D98CDD8758CE3F300E7B50985B7F65EAC551FDFDF2DC6","C:\Users\funny\Documents\AgentBridge-worktrees\gasper-vec501-turbo-20260801","tests\structural\gasper-rendered-authority\rendered-authority.test.ts","2"
"source_or_tool",".ts","20975","2026-08-01T01:31:08.8269097-04:00","80D81BCAED505E7DD07C6CEF10EE822EDA4034D200E5942E20F48EBF6EA5FF04","C:\Users\funny\Documents\AgentBridge-worktrees\gasper-vec501-turbo-20260801","tests\structural\gasper-r4-optical-legibility\optical-legibility.test.ts","2"
"source_or_tool",".ts","18896","2026-08-01T01:31:08.8248958-04:00","E7CC8A2AB314B8628152AD6D1C6E7B7F5D63D9CF6910915871977C815F7D6097","C:\Users\funny\Documents\AgentBridge-worktrees\gasper-vec501-turbo-20260801","tests\structural\gasper-r4-expression-visibility\expression-visibility.test.ts","2"
"source_or_tool",".ts","5792","2026-08-01T01:31:08.7710969-04:00","1B136F2F0951B57E31CD79BF95977E21FAF6BF4A122560C2DC0192F067C19D9D","C:\Users\funny\Documents\AgentBridge-worktrees\gasper-vec501-turbo-20260801","tests\structural\gasper-living-embodiment-dissolve.test.ts","1"
"source_or_tool",".ts","14888","2026-08-01T01:31:07.6449217-04:00","A91587D2BC826D342AA08111314102F2AD47CC7F792B410665296DC55D029438","C:\Users\funny\Documents\AgentBridge-worktrees\gasper-vec501-turbo-20260801","packages\desktop\src\gasper\renderer\productionAuthority.ts","1"
"source_or_tool",".ts","8411","2026-08-01T01:31:07.5998916-04:00","3F3A5739C23F7CA0635411A790FCF41196FFF9FDEF725AD636ED3908353289A9","C:\Users\funny\Documents\AgentBridge-worktrees\gasper-vec501-turbo-20260801","packages\desktop\src\gasper\index.ts","1"
"source_or_tool",".ts","35753","2026-08-01T01:31:07.5522611-04:00","BEFB9ADD1925E23597DFB77608A006C43E0FE72C471FE3966D48368C2612913C","C:\Users\funny\Documents\AgentBridge-worktrees\gasper-vec501-turbo-20260801","packages\desktop\src\gasper\eight-state-loop\EightStateLoopController.ts","1"
"source_or_tool",".js","327764","2026-08-01T01:31:07.4601983-04:00","2F90688B2AB7BCD58BFC38619501F194A68A34AC0813F3219B0C644ABA939CD8","C:\Users\funny\Documents\AgentBridge-worktrees\gasper-vec501-turbo-20260801","packages\desktop\src\gasper\assets\all-script-3.js","1"
"source_or_tool",".ts","67899","2026-08-01T01:31:07.4176411-04:00","81A3BD3C9D2560E3E0ABF8A5D3507237C248ED216A1669564DBCEF3FC732AE6F","C:\Users\funny\Documents\AgentBridge-worktrees\gasper-vec501-turbo-20260801","packages\desktop\src\gasper\GasperLivingRuntime.ts","1"
"source_or_tool",".ts","26164","2026-08-01T01:31:07.4010917-04:00","3F5A3DCBD8B48B5553F9B8F03397C0C2C1C4AC458F72CDCFB36F0280B8D10420","C:\Users\funny\Documents\AgentBridge-worktrees\gasper-vec501-turbo-20260801","packages\desktop\src\gasper\GasperDocument.ts","1"
"source_or_tool",".ts","18386","2026-07-31T03:02:29.6507846-04:00","ED281DE5B482CE389901C377460D0F39732A65BC59AE8352B201A44F0B69B54D","C:\Users\funny\Documents\AgentBridge-worktrees\gasper-current-001","tests\structural\gasper-visual-qa\telemetry-and-coverage.test.ts","1"
"source_or_tool",".ts","13283","2026-07-31T03:02:29.6427348-04:00","BD58FE034D808F3C9E620CD3F7AA6EFCD27D11C6D7D8ACB6344EFF28CD9D319B","C:\Users\funny\Documents\AgentBridge-worktrees\gasper-current-001","tests\structural\gasper-visual-qa\exercise-matrix-and-capture-contract.test.ts","1"
"source_or_tool",".ts","1659","2026-07-31T03:02:29.6166507-04:00","432326E2A164DA120A14B4732BD491B6985AEF29B5E05A293195C5053068E452","C:\Users\funny\Documents\AgentBridge-worktrees\gasper-current-001","tests\structural\gasper-r4-seal\r4-live-svg-visibility-invariant.test.ts","1"
"source_or_tool",".ts","30285","2026-07-31T03:02:29.6081190-04:00","F56738C2A5BD6A5F9DC177685B879E8F2991991122733464E7113378B11A8541","C:\Users\funny\Documents\AgentBridge-worktrees\gasper-current-001","tests\structural\gasper-production-authority-r3\production-authority.test.ts","1"
"source_or_tool",".ts","5523","2026-07-31T03:02:29.5910567-04:00","792C29D3E44F5471D68FAD021303A9EC38C30EE0B2D5BE3F555EDD915FDCE5BF","C:\Users\funny\Documents\AgentBridge-worktrees\gasper-current-001","tests\structural\gasper-living-embodiment-dissolve.test.ts","1"
"source_or_tool",".ts","9456","2026-07-31T03:02:29.5544435-04:00","5A8DCCDA68E25757E9DFB5D26B0155F9A5DCE0F29A77D64D6EEBAE552D0462FB","C:\Users\funny\Documents\AgentBridge-worktrees\gasper-current-001","tests\structural\gasper-architecture-v02.test.ts","1"
"source_or_tool",".mjs","17446","2026-07-31T03:02:29.4897265-04:00","C6FE3E439DF40CD0FF00F5E9046C6347748B2FC0E312FFAF0F7602EB394985DA","C:\Users\funny\Documents\AgentBridge-worktrees\gasper-current-001","scripts\gasper-visual-qa\matrix-drive.mjs","1"
"source_or_tool",".mjs","8398","2026-07-31T03:02:29.4832065-04:00","A75B54D5D8AE5D5BA01A4CF2CB36A416C100119CF5B2789EB0D751B680599753","C:\Users\funny\Documents\AgentBridge-worktrees\gasper-current-001","scripts\gasper-visual-qa\lib\exercise-matrix.mjs","1"
"source_or_tool",".mjs","3485","2026-07-31T03:02:29.4817062-04:00","CCEDCE046E0DC6E566BD04CDFBC05BC50593D53F126C28AB597EEF46247DC803","C:\Users\funny\Documents\AgentBridge-worktrees\gasper-current-001","scripts\gasper-visual-qa\lib\drive-step-actions.mjs","1"
"source_or_tool",".ts","8386","2026-07-31T03:02:28.9639197-04:00","76DC81B7A61C97F51EFBAB7A5E0761E8718629E4B4B1D12422E67F81E3326221","C:\Users\funny\Documents\AgentBridge-worktrees\gasper-current-001","packages\desktop\src\gasper\index.ts","1"
"source_or_tool",".ts","1881","2026-07-31T03:02:28.9629102-04:00","CCB70911F7D286700CDA8235B57D30B7F14011722040C70F12D2BBE942B11859","C:\Users\funny\Documents\AgentBridge-worktrees\gasper-current-001","packages\desktop\src\gasper\gsap-shim.ts","1"
"source_or_tool",".ts","35102","2026-07-31T03:02:28.9372057-04:00","003877339C81EA5ADBA05E3DBACC7CFE37C615C8417C88B9AFCE31EF94CC88FB","C:\Users\funny\Documents\AgentBridge-worktrees\gasper-current-001","packages\desktop\src\gasper\eight-state-loop\EightStateLoopController.ts","1"
"source_or_tool",".svg","28558","2026-07-31T03:02:28.9176347-04:00","C123ACC536DDBBDC5EC3A192573D00B981E55AA5671E5CB51F98F8EE730B5D26","C:\Users\funny\Documents\AgentBridge-worktrees\gasper-current-001","packages\desktop\src\gasper\assets\gasper-rig-v655.svg","1"
"source_or_tool",".js","304122","2026-07-31T03:02:28.9005866-04:00","61DA7BA577A3137381A07860E37B36874534B2841A5D2203786DE529E0773F53","C:\Users\funny\Documents\AgentBridge-worktrees\gasper-current-001","packages\desktop\src\gasper\assets\all-script-3.js","1"
"source_or_tool",".ts","123816","2026-07-31T03:02:28.8835331-04:00","BCD4D7BE031CA528510813070A94E33D95818394D783DDAAC483D753822710B8","C:\Users\funny\Documents\AgentBridge-worktrees\gasper-current-001","packages\desktop\src\gasper\GasperRigController.ts","1"
"source_or_tool",".ts","7209","2026-07-31T03:02:28.8760101-04:00","BB8DAA40DB1B17A46315DC8E39AABD98DC2257994FFE3B1FCC734DB26FFBF104","C:\Users\funny\Documents\AgentBridge-worktrees\gasper-current-001","packages\desktop\src\gasper\GasperLayerMixer.ts","1"
"source_or_tool",".cjs","1046","2026-07-25T16:00:43.7786296-04:00","CA121966207E26096D5A722ABECEBA4CAA554A9A9D9BCFE01EAFD58EAF236EE1","C:\Users\funny\Documents\gasper-reconciliation-recovery-2026-07-25","verify-stage2.cjs","1"
"source_or_tool",".js","153397","2026-07-24T15:38:42.6406701-04:00","A07A026A9296D3C8C516A3D6137D76FA3E4475B99C6DF1C674BB46F0BD893513","C:\Users\funny\Documents\RECOVERY-VAULT-GasperStudio-pre-reconcile-2026-07-26","packages\desktop\src\gasper\assets\all-script-3.js","1"
"source_or_tool",".js","149591","2026-07-24T03:26:34.6225642-04:00","898CDA9EB436503523C64AF3AB0EC33D8B135B56B80EC82BED45B78748F7941E","C:\Users\funny\Documents\RECOVERY-VAULT-GasperStudio-pre-reconcile-2026-07-26","packages\desktop\src\gasper\assets\candidate-script-3.js","1"
"source_or_tool",".toml","352","2026-07-24T00:51:15.5965378-04:00","2E6B7C382BC04B11BA640136D5276367EA3076220929D5666D071F19362A6959","C:\Users\funny\Documents\RECOVERY-VAULT-GasperStudio-pre-reconcile-2026-07-26","Cargo.toml","1"
"source_or_tool",".ts","108514","2026-07-23T23:57:58.2860285-04:00","5A5E6579E45CE8B10FE382449DDF7F39DBEBA7B6580DFD6323DCDA05C6DB6632","C:\Users\funny\Documents\RECOVERY-VAULT-GasperStudio-pre-reconcile-2026-07-26","packages\desktop\src\gasper\GasperRigController.ts","1"
"source_or_tool",".ts","65701","2026-07-23T23:55:28.8768460-04:00","6F741ABD2CD0F55D2A260259CEBDFFB0A665049D89EBEE5E713EB627721CD054","C:\Users\funny\Documents\RECOVERY-VAULT-GasperStudio-pre-reconcile-2026-07-26","packages\desktop\src\gasper\GasperLivingRuntime.ts","1"
"source_or_tool",".ts","16373","2026-07-22T12:36:40.1919789-04:00","4F5BFD9C0E2BD93DCC4205F4EC08308487BE54857A59B83812F7296B92E9533A","C:\Users\funny\Documents\RECOVERY-VAULT-GasperStudio-pre-reconcile-2026-07-26","packages\shared\src\gasper\facial\continuumLaws.ts","1"
"source_or_tool",".ts","8805","2026-07-20T14:51:10.0228176-04:00","07E6EF43B3A9E0FCF3DF176BF5E58AEBCED201545A83909D4895007572BEB544","C:\Users\funny\Documents\RECOVERY-VAULT-GasperStudio-pre-reconcile-2026-07-26","packages\shared\src\gasper-scenario\types.ts","1"
"source_or_tool",".ts","29565","2026-07-20T14:49:12.7833857-04:00","108797C59495173F48B443111BBB41FED6F4F897F4B6A6A6E6B3B712672BDAAF","C:\Users\funny\Documents\RECOVERY-VAULT-GasperStudio-pre-reconcile-2026-07-26","packages\desktop\src\gasper\eight-state-loop\EightStateLoopController.ts","1"
"source_or_tool",".ts","3450","2026-07-18T13:27:42.8055211-04:00","5B5138141CA643C83435D56C6FF3BABE235FA989311BF6BCBA13C258DE1E135C","C:\Users\funny\Documents\RECOVERY-VAULT-GasperStudio-pre-reconcile-2026-07-26","packages\desktop\src\gasper\eight-state-loop\schedulers.ts","1"
"source_or_tool",".ts","4407","2026-07-18T13:27:42.7970139-04:00","E43F6DB65B651B6010E075919077CDAA1ED4E5547A62DADD36123CC4CB73D472","C:\Users\funny\Documents\RECOVERY-VAULT-GasperStudio-pre-reconcile-2026-07-26","packages\desktop\src\gasper\eight-state-loop\loop-manifest.ts","1"
"source_or_tool",".ts","5758","2026-07-18T13:27:42.7756983-04:00","3B54744A2001CF09C86F2BF29155732A91FE04B54BDEB2DD471ADE2656F50579","C:\Users\funny\Documents\RECOVERY-VAULT-GasperStudio-pre-reconcile-2026-07-26","packages\desktop\src\gasper\eight-state-loop\types.ts","1"
"source_or_tool",".ts","5784","2026-07-18T13:26:39.2935243-04:00","D26FF082252FA55D64F9B032915856A82276885EB8B6352C8E38A7EEB62AB754","C:\Users\funny\Documents\RECOVERY-VAULT-GasperStudio-pre-reconcile-2026-07-26","packages\shared\src\app-capture\types.ts","1"
"source_or_tool",".ts","6620","2026-07-18T13:26:39.2925208-04:00","AF10DA1E57514E96EFA9CB0A42C96CEF3B29725ABCA2211BB33ED48D506ECFE8","C:\Users\funny\Documents\RECOVERY-VAULT-GasperStudio-pre-reconcile-2026-07-26","packages\shared\src\app-capture\metrics.ts","1"
"source_or_tool",".ts","4073","2026-07-18T13:26:39.2919218-04:00","930B32A7257A3B098F3C1FF55760F440FBCB2E6AC5D74BBA845888BE1708D3ED","C:\Users\funny\Documents\RECOVERY-VAULT-GasperStudio-pre-reconcile-2026-07-26","packages\shared\src\app-capture\metrics.test.ts","1"
"source_or_tool",".ts","105","2026-07-18T13:26:39.2919218-04:00","5BDF8D1045EE83980EC16D48184D7DB421C83966BA1661E8B424E2756E8766AF","C:\Users\funny\Documents\RECOVERY-VAULT-GasperStudio-pre-reconcile-2026-07-26","packages\shared\src\app-capture\index.ts","1"
"source_or_tool",".ts","8119","2026-07-18T13:26:39.2909155-04:00","A7B6D46AC5753ECB9E10878F32648CA2A764CF47D8433E36863FBA4D8E51665A","C:\Users\funny\Documents\RECOVERY-VAULT-GasperStudio-pre-reconcile-2026-07-26","packages\shared\src\app-capture\gasper-motion-profile.ts","1"
"source_or_tool",".ts","5943","2026-07-18T13:26:38.1334536-04:00","6C4946ABBFA27D478B7F9C0C3A972B24C7A1D200F0C1D520588E98371EF0B7E5","C:\Users\funny\Documents\RECOVERY-VAULT-GasperStudio-pre-reconcile-2026-07-26","packages\shared\src\gasper-scenario\loop.ts","1"
"source_or_tool",".ts","14519","2026-07-18T13:26:38.1334536-04:00","F51F0AD7A2A9C8BA1B2EB6B76A28AF81BBF27761E2C65B893EF16978D8B99C26","C:\Users\funny\Documents\RECOVERY-VAULT-GasperStudio-pre-reconcile-2026-07-26","packages\shared\src\gasper-scenario\historical-mapping.ts","1"
"source_or_tool",".ts","397","2026-07-18T13:26:38.1334536-04:00","5664A78F0938AEE1638B5077AECD1F9F2AC89D5E2E25FD036549E5F806131B48","C:\Users\funny\Documents\RECOVERY-VAULT-GasperStudio-pre-reconcile-2026-07-26","packages\shared\src\gasper-scenario\index.ts","1"
"source_or_tool",".ts","1060","2026-07-18T13:26:38.1329537-04:00","0B7A52EE53D1B80E74FFF52EEC6636133AC9E75A37403C7381F179D5A342B967","C:\Users\funny\Documents\RECOVERY-VAULT-GasperStudio-pre-reconcile-2026-07-26","packages\shared\src\gasper-scenario\hash.ts","1"
"source_or_tool",".ts","10421","2026-07-18T13:26:38.1329537-04:00","DF167FA757C6C83E8B466940795086BE6E6607C3D8768CDD702D69DB1E611B0B","C:\Users\funny\Documents\RECOVERY-VAULT-GasperStudio-pre-reconcile-2026-07-26","packages\shared\src\gasper-scenario\emit-artifacts.ts","1"
"source_or_tool",".ts","7939","2026-07-18T13:26:38.1319537-04:00","7C0135BC517487CCAE0618AAB6B14509CF7D98834C510B5D289C3A269D113595","C:\Users\funny\Documents\RECOVERY-VAULT-GasperStudio-pre-reconcile-2026-07-26","packages\shared\src\gasper-scenario\distinctness.ts","1"
"source_or_tool",".ts","11017","2026-07-18T13:26:38.1314537-04:00","7E5AC442FFFFA8E7D6EA18253337E5C21EFF99D094CECE33C9FAE60F1B2D90DF","C:\Users\funny\Documents\RECOVERY-VAULT-GasperStudio-pre-reconcile-2026-07-26","packages\shared\src\gasper-scenario\compiler.ts","1"
"source_or_tool",".ts","3923","2026-07-18T13:26:38.1309534-04:00","6EE270FF007ECAE7D4B3A5659A3D034C75790993E527D3E0B2E294553C0C3D55","C:\Users\funny\Documents\RECOVERY-VAULT-GasperStudio-pre-reconcile-2026-07-26","packages\shared\src\gasper-scenario\channels.ts","1"
"source_or_tool",".tsx","7011","2026-07-18T11:48:22.6077472-04:00","01FE09AECA403B9ECDDF57277E4E9544DC4CC973414EF723A41E8F87AD704200","C:\Users\funny\Documents\RECOVERY-VAULT-GasperStudio-pre-reconcile-2026-07-26","packages\desktop\src\studio\worldclass\shell\Inspector.tsx","1"
"source_or_tool",".ts","10844","2026-07-18T11:48:22.6072469-04:00","1755D00EE4300642DF51C45F67B237AE8B8C26F6B65591DF965B4D6E17738434","C:\Users\funny\Documents\RECOVERY-VAULT-GasperStudio-pre-reconcile-2026-07-26","packages\desktop\src\studio\worldclass\adapter\types.ts","1"
"source_or_tool",".tsx","1609","2026-07-18T11:47:51.5655227-04:00","7158EA4D2F0C9B633AB08DE14814630957DCEC19BD5E3720016CC3B44E0A9637","C:\Users\funny\Documents\RECOVERY-VAULT-GasperStudio-pre-reconcile-2026-07-26","packages\desktop\src\studio\worldclass\shell\Navigator.tsx","1"
"source_or_tool",".tsx","12343","2026-07-18T11:47:31.1876798-04:00","22167616B449681FB7219E1417479EF3CB0771FAFB0F42FDEAF68A8944D53FC8","C:\Users\funny\Documents\RECOVERY-VAULT-GasperStudio-pre-reconcile-2026-07-26","packages\desktop\src\studio\worldclass\animate\Timeline.tsx","1"
"source_or_tool",".ts","47327","2026-07-18T11:47:05.1436136-04:00","34ECC0A479327E3205DF7F7E6F2CC7098CED57836FEE68BED5C8578DE766E2D1","C:\Users\funny\Documents\RECOVERY-VAULT-GasperStudio-pre-reconcile-2026-07-26","packages\shared\src\gasper-animation\commands.ts","1"
"source_or_tool",".ts","5782","2026-07-18T11:29:04.9721103-04:00","979E467D6C0B6DF1DEA2233564E091FB60824BE461A7F06C2873E2ECD85883BA","C:\Users\funny\Documents\RECOVERY-VAULT-GasperStudio-pre-reconcile-2026-07-26","packages\desktop\src\studio\worldclass\keyboard\shellKeyboard.ts","1"
"source_or_tool",".tsx","3681","2026-07-18T11:29:04.8823523-04:00","BB4A2F757A0872754711325A3421B733A5653DDC7D7751B7A6F1239761D763DB","C:\Users\funny\Documents\RECOVERY-VAULT-GasperStudio-pre-reconcile-2026-07-26","packages\desktop\src\studio\worldclass\workspaces\DesignWorkspace.tsx","1"
"source_or_tool",".tsx","1363","2026-07-18T11:29:04.8823523-04:00","40765B17028D90846B4D0B364E57FCDC2F1A964DB2EC1B93C2E9C10C1499C2A2","C:\Users\funny\Documents\RECOVERY-VAULT-GasperStudio-pre-reconcile-2026-07-26","packages\desktop\src\studio\worldclass\workspaces\AnimateWorkspace.tsx","1"
"source_or_tool",".tsx","6490","2026-07-18T11:28:47.2894482-04:00","AB28C3CCD24376960EEEFF51EB758856E8BBA7C97AFA4AE9D8ABC6F2E9B46A92","C:\Users\funny\Documents\RECOVERY-VAULT-GasperStudio-pre-reconcile-2026-07-26","packages\desktop\src\studio\worldclass\shell\WorldClassStudioShell.tsx","1"
"source_or_tool",".ts","1970","2026-07-18T11:28:01.5833652-04:00","1FB303240470617BB8C092FAB5DBFE44F7436B5B8D86B1A7CC572AE8C9DC384C","C:\Users\funny\Documents\RECOVERY-VAULT-GasperStudio-pre-reconcile-2026-07-26","packages\desktop\src\studio\worldclass\index.ts","1"
"source_or_tool",".tsx","105527","2026-07-18T00:54:50.2794415-04:00","507ADA1333D35E23E6C2B90AFE8958453BDF68666512655772EF05E3A17B844F","C:\Users\funny\Documents\RECOVERY-VAULT-GasperStudio-pre-reconcile-2026-07-26","packages\desktop\src\studio\SidekickStudioView.tsx","1"
"source_or_tool",".tsx","55087","2026-07-17T23:56:33.4731186-04:00","CFDDE007B2864D23570F378952C1C8538A727BCE9AF4E590194882533B4E20BF","C:\Users\funny\Documents\RECOVERY-VAULT-GasperStudio-pre-reconcile-2026-07-26","packages\desktop\src\App.tsx","1"
"source_or_tool",".ts","4946","2026-07-17T23:55:32.9944616-04:00","B863348E5703CC6154A92F32E91E7FD841C28AF3CEBEFC03EEF3286189196718","C:\Users\funny\Documents\RECOVERY-VAULT-GasperStudio-pre-reconcile-2026-07-26","packages\desktop\src\api\client.ts","1"
"source_or_tool",".rs","5590","2026-07-17T13:42:19.3946455-04:00","EA97CF77FFBC05EFFE23979DDFB9F80285D4D00DCD2E4FC4CAAAEDB77E92E748","C:\Users\funny\Documents\RECOVERY-VAULT-GasperStudio-pre-reconcile-2026-07-26","crates\gasper-studio\src\lib.rs","1"
"source_or_tool",".rs","1087","2026-07-17T10:37:21.7696708-04:00","57C2E934D53AB695292EE61FF8A7C03954E918BEA0D09FD844A4A81BD491945A","C:\Users\funny\Documents\RECOVERY-VAULT-GasperStudio-pre-reconcile-2026-07-26","crates\gasper-studio\build.rs","1"
"source_or_tool",".ts","15603","2026-07-17T01:14:50.8594738-04:00","B43C388FA198AD4F574C3D83E8E391994EFC6613B3162A6B2CA89219A1FBBEE1","C:\Users\funny\Documents\RECOVERY-VAULT-GasperStudio-pre-reconcile-2026-07-26","packages\shared\src\index.ts","1"
"source_or_tool",".rs","602","2026-07-17T00:50:22.0660963-04:00","4E89C3656A3C7EB3C29D2FE8D99A1419F112CA24EB091D6556B833CE9AD7123E","C:\Users\funny\Documents\RECOVERY-VAULT-GasperStudio-pre-reconcile-2026-07-26","crates\gasper-studio\src\main.rs","1"
"source_or_tool",".tsx","39598","2026-07-16T21:33:03.9845297-04:00","B928FD50D2029A30FD428F5964629DC22A374CE10170800E1FB5965771B3092C","C:\Users\funny\Documents\RECOVERY-VAULT-GasperStudio-pre-reconcile-2026-07-26","packages\desktop\src\studio\StudioProductRoot.tsx","1"
"source_or_tool",".tsx","3385","2026-07-16T19:35:16.6993912-04:00","16C2AC4B34E0130189FCEA0433FD50052D8D8FDB9555D098A7F44681D81361E3","C:\Users\funny\Documents\RECOVERY-VAULT-GasperStudio-pre-reconcile-2026-07-26","packages\desktop\src\studio\worldclass\shell\StageFrame.tsx","1"
"source_or_tool",".css","28043","2026-07-16T19:30:39.5741876-04:00","CDA54395ACD04613D8683335DBC8F9E656BA62005A77F547DFE06C4ED1A2730B","C:\Users\funny\Documents\RECOVERY-VAULT-GasperStudio-pre-reconcile-2026-07-26","packages\desktop\src\studio\worldclass\theme\worldclass.css","1"
"source_or_tool",".css","3274","2026-07-16T19:30:39.5731875-04:00","A3B97827947A8E39A8A09633ED3E3902A0D7CFDEF91E566DD34E7930E5BD7C12","C:\Users\funny\Documents\RECOVERY-VAULT-GasperStudio-pre-reconcile-2026-07-26","packages\desktop\src\studio\worldclass\theme\tokens.css","1"
"source_or_tool",".tsx","614","2026-07-16T19:30:39.5687932-04:00","318B69CA698E6B8ABC2A6F7347DEA70FB57A9FDEB17E577DA940B6D8C77BC323","C:\Users\funny\Documents\RECOVERY-VAULT-GasperStudio-pre-reconcile-2026-07-26","packages\desktop\src\studio\worldclass\shell\ConnectionIndicator.tsx","1"
"source_or_tool",".tsx","796","2026-07-16T19:30:39.5642772-04:00","3E3E420C8C0253718756C1E689878D4EE69A32C97E738A0D9A1E4BA26F1A6497","C:\Users\funny\Documents\RECOVERY-VAULT-GasperStudio-pre-reconcile-2026-07-26","packages\desktop\src\studio\worldclass\controls\IconButton.tsx","1"
"source_or_tool",".ts","616","2026-07-16T19:30:39.5642772-04:00","A9467658C7E936B4554B24880A5B008917706B743F3D67EE6CA0CD41EB4103BC","C:\Users\funny\Documents\RECOVERY-VAULT-GasperStudio-pre-reconcile-2026-07-26","packages\desktop\src\studio\worldclass\hooks\useAdapterSnapshot.ts","1"
"source_or_tool",".tsx","344","2026-07-16T19:30:39.5632772-04:00","B2EAD1B0E8B7645CD11DDA685FD338ADE9A0F4C96422E6B40CB320139E51C66B","C:\Users\funny\Documents\RECOVERY-VAULT-GasperStudio-pre-reconcile-2026-07-26","packages\desktop\src\studio\worldclass\controls\EmptyState.tsx","1"
"source_or_tool",".ts","3345","2026-07-16T19:30:39.5622776-04:00","FB36226C17B4F282F1047320EC0AAFAF61C3ECE817A6D0F6E617412430264248","C:\Users\funny\Documents\RECOVERY-VAULT-GasperStudio-pre-reconcile-2026-07-26","packages\desktop\src\studio\worldclass\animate\timelineMath.ts","1"
"source_or_tool",".tsx","3975","2026-07-16T19:30:39.5612767-04:00","837F2B9CC09FA7EAEC9F9A08324FDE878F0EA728DCFB2A0DB135CA3F15D1BC69","C:\Users\funny\Documents\RECOVERY-VAULT-GasperStudio-pre-reconcile-2026-07-26","packages\desktop\src\studio\worldclass\animate\PlaybackControls.tsx","1"
"source_or_tool",".ts","4248","2026-07-16T19:30:39.5592771-04:00","2C667D978C06F0C6FA8C52A42A9D39F1C970F64E215074EC8CB5E02E5F401B59","C:\Users\funny\Documents\RECOVERY-VAULT-GasperStudio-pre-reconcile-2026-07-26","packages\desktop\src\studio\worldclass\adapter\productTruth.ts","1"
"source_or_tool",".tsx","310","2026-07-16T19:30:39.5582779-04:00","6BCE9E5BD3D6D671D1349E1786E6075D4F8945B03C57D632E0735323106AD9B1","C:\Users\funny\Documents\RECOVERY-VAULT-GasperStudio-pre-reconcile-2026-07-26","packages\desktop\src\studio\worldclass\WorldClassStudioShell.tsx","1"
"source_or_tool",".ts","1559","2026-07-16T19:30:39.5572774-04:00","5114A754E10DD0F0056D3847D3D604D2DCB64713153DDC90E82AF8A2401463C7","C:\Users\funny\Documents\RECOVERY-VAULT-GasperStudio-pre-reconcile-2026-07-26","packages\desktop\src\studio\worldclass\WorldClassStudioAdapter.ts","1"
"source_or_tool",".ts","21014","2026-07-16T18:29:21.9015991-04:00","D530BE6E878260A89540C48EC3C48585F461BC05BDB75A895BF2B36A9E3E6BDE","C:\Users\funny\Documents\RECOVERY-VAULT-GasperStudio-pre-reconcile-2026-07-26","packages\desktop\src\gasper\GasperContourSolver.ts","1"
"source_or_tool",".ts","5945","2026-07-16T18:28:23.5856856-04:00","A2AF2794A10ACCF5734D36BBBBD9865D5E0A83F0EEBF873AD82DD1D061551B0F","C:\Users\funny\Documents\RECOVERY-VAULT-GasperStudio-pre-reconcile-2026-07-26","packages\studio-protocol\src\broker.ts","1"
"source_or_tool",".css","20960","2026-07-16T18:22:11.9158388-04:00","620F2C55C396F579313592D65A8D11CFCEE0505391BB7EE3AFCEDEB44037BD1B","C:\Users\funny\Documents\RECOVERY-VAULT-GasperStudio-pre-reconcile-2026-07-26","packages\desktop\src\styles.css","1"
"source_or_tool",".html","528","2026-07-16T06:18:00.0626758-04:00","D47CD3B08672EBD75826B61E4192CD2B61645F2F0C1D87F5CEB5CA18F220FEC8","C:\Users\funny\Documents\RECOVERY-VAULT-GasperStudio-pre-reconcile-2026-07-26","packages\desktop\index.html","1"
"source_or_tool",".svg","113","2026-07-16T05:57:14.5582023-04:00","5A68C8DBF76E251A22DA5C78F70F9647B4C077E5AAE55EB52B45D1598B4BF51C","C:\Users\funny\Documents\RECOVERY-VAULT-GasperStudio-pre-reconcile-2026-07-26","packages\desktop\public\favicon.svg","1"
"source_or_tool",".ts","4236","2026-07-15T19:36:26.9270004-04:00","F6972B05BB92B7158DFFD001E43036B733EEA895EEA80739B98DC94230BCAE8E","C:\Users\funny\Documents\RECOVERY-VAULT-GasperStudio-pre-reconcile-2026-07-26","packages\desktop\src\api\studio-hotpath.ts","1"
"knowledge",".md","1699","2026-08-03T03:21:48.9233640-04:00","A07D2125DD25A32279674CEAC8A5677D6B02E3A4D6F1BC05D06A6A03D4325845","C:\Users\funny\Documents\Codex\2026-08-03\f\outputs\gasper-unified-field-readout-packet","VERIFY.md","1"
"knowledge",".md","2501","2026-08-03T03:21:44.7311192-04:00","093E6C122DAD0847FFF49DD0D729CF9F73EAAFB683E9D18EC1BF04A063E493C0","C:\Users\funny\Documents\Codex\2026-08-03\f\outputs\gasper-unified-field-readout-packet","README.md","1"
"knowledge",".txt","174","2026-08-01T13:04:50.9383669-04:00","FF85C62FB6DE7E6245B0411C60F2A57E23F4D90B98EFB14C3668B06609234148","C:\Users\funny\Documents\AgentBridge-worktrees\gasper-vec901-903-proof-prep-20260801","tests\structural\gasper-visual-qa\fixtures\static-scene-metadata.txt","4"
"knowledge",".txt","414","2026-08-01T13:04:50.9373676-04:00","78E070BFA2B21C2DE864A79208C80C89B6438DB3F0A58007C106DBD260C6993A","C:\Users\funny\Documents\AgentBridge-worktrees\gasper-vec901-903-proof-prep-20260801","tests\structural\gasper-visual-qa\fixtures\static-diff-metadata.txt","4"
"knowledge",".txt","10999","2026-08-01T13:04:50.9363697-04:00","F1D100C262169BD95C4D9FB64C5E12F2F7A9D0D6A42A89AC7B1D03CC54FF48A0","C:\Users\funny\Documents\AgentBridge-worktrees\gasper-vec901-903-proof-prep-20260801","tests\structural\gasper-visual-qa\fixtures\oath-002-false-zero-diff-metadata.txt","4"
"knowledge",".txt","1","2026-08-01T13:04:50.9338369-04:00","01BA4719C80B6FE911B091A7C05124B64EEECE964E09C058EF8F9805DACA546B","C:\Users\funny\Documents\AgentBridge-worktrees\gasper-vec901-903-proof-prep-20260801","tests\structural\gasper-visual-qa\fixtures\oath-002-empty-scene-metadata.txt","4"
"knowledge",".txt","308","2026-08-01T13:04:50.9338369-04:00","543FCD2AD566D1EF5346AB61E28F1751A965E781AD28A2ED9D760F123BD1E0DE","C:\Users\funny\Documents\AgentBridge-worktrees\gasper-vec901-903-proof-prep-20260801","tests\structural\gasper-visual-qa\fixtures\motion-scene-metadata.txt","4"
"knowledge",".txt","715","2026-08-01T13:04:50.9323233-04:00","B2EFA342D10D5BAB8B46CC122769C011E5E0A5CEBC71466BE31A7A63E35ECE12","C:\Users\funny\Documents\AgentBridge-worktrees\gasper-vec901-903-proof-prep-20260801","tests\structural\gasper-visual-qa\fixtures\motion-diff-metadata.txt","4"
"knowledge",".txt","713","2026-08-01T13:04:50.9307178-04:00","338C389FCE84C3EC0952FFF7E05396BA54E5298B1E3A36B15EC6DC336B023181","C:\Users\funny\Documents\AgentBridge-worktrees\gasper-vec901-903-proof-prep-20260801","tests\structural\gasper-visual-qa\fixtures\false-zero-yavg-only-collapse.txt","4"
"knowledge",".md","263","2026-08-01T13:04:50.6846672-04:00","11FBA8915440A7B17A05245D57EBC9C4EE0CE39FEE85FE81D4C4EE6786244AD3","C:\Users\funny\Documents\AgentBridge-worktrees\gasper-vec901-903-proof-prep-20260801","tests\headed\gasper-operational-animator\README.md","4"
"knowledge",".txt","3865","2026-08-01T13:04:50.3683357-04:00","A8CF2A9D1732D6FB8D2CF1C2390AEA4987B851411C6699BD3477C490C7ACBB36","C:\Users\funny\Documents\AgentBridge-worktrees\gasper-vec901-903-proof-prep-20260801","scripts\app-function-replacement.txt","4"
"knowledge",".yml","839","2026-08-01T13:04:50.3411358-04:00","F37CB12F16B3A83CF8C7811A7904279089FA42DD97D3BDCC635ED39A1DB0CF10","C:\Users\funny\Documents\AgentBridge-worktrees\gasper-vec901-903-proof-prep-20260801","relay\docker-compose.yml","4"
"knowledge",".md","769","2026-08-01T13:04:50.3391286-04:00","3DBA1ED059B154931331CA7ECA8414F301F5D0499DD53C58C7548FD3485279EF","C:\Users\funny\Documents\AgentBridge-worktrees\gasper-vec901-903-proof-prep-20260801","relay\README.md","4"
"knowledge",".md","657","2026-08-01T13:04:49.8404205-04:00","FF108A178975BF3DF88E580A0BD8B877B1A2AD7B82E64CFA761FBC14CBFD212E","C:\Users\funny\Documents\AgentBridge-worktrees\gasper-vec901-903-proof-prep-20260801","packages\gasper-studio-shell-lab\README.md","4"
"knowledge",".txt","32","2026-08-01T13:04:48.6663352-04:00","8736136294B3EE4E32CE728463349048CE830FE4BB7A7BAF84A33CE949874448","C:\Users\funny\Documents\AgentBridge-worktrees\gasper-vec901-903-proof-prep-20260801","fixtures\test-repo\hello.txt","4"
"knowledge",".md","168","2026-08-01T13:04:48.6638148-04:00","A7AA5EA484880DB7480C830D92DB35B3D339C81E3FD966A2A130D638E04F9893","C:\Users\funny\Documents\AgentBridge-worktrees\gasper-vec901-903-proof-prep-20260801","fixtures\test-repo\README.md","4"
"knowledge",".md","1225","2026-08-01T13:04:48.6572930-04:00","B01AC2883110C3689E5F4DF0D8DD4905F438C355EA1FA2CE190B6ED0D71DC9FF","C:\Users\funny\Documents\AgentBridge-worktrees\gasper-vec901-903-proof-prep-20260801","evidence\wave-next-20260715-200733\tournament\RENDERER_TOURNAMENT.md","12"
"knowledge",".md","347","2026-08-01T13:04:48.6491873-04:00","428503DE1C6007C4B7BE92DE5FC3E8D8F23BE7D15FC83CF24F7428955AC4A85C","C:\Users\funny\Documents\AgentBridge-worktrees\gasper-vec901-903-proof-prep-20260801","evidence\wave-next-20260715-200733\scenario\SCENARIO_MATRIX.md","4"
"knowledge",".md","1517","2026-08-01T13:04:48.6289924-04:00","2C23F41A431FD495ABDA4C7D825303E66F8AC65335BC8E90B8C57C3F7854A8C5","C:\Users\funny\Documents\AgentBridge-worktrees\gasper-vec901-903-proof-prep-20260801","evidence\wave-next-20260715-200733\SUCCESSOR_HANDOFF.md","8"
"knowledge",".md","347","2026-08-01T13:04:48.6279923-04:00","4145124D42CD850C9AFF786A8225D979FC739FB76F791317EB60B74285880E87","C:\Users\funny\Documents\AgentBridge-worktrees\gasper-vec901-903-proof-prep-20260801","evidence\wave-next-20260715-200733\SCENARIO_MATRIX.md","4"
"knowledge",".md","938","2026-08-01T13:04:48.6257836-04:00","CADBF20D0E1440E501D2CF277F17A729E3EC8041AF8F5956C73F857FB46F7F49","C:\Users\funny\Documents\AgentBridge-worktrees\gasper-vec901-903-proof-prep-20260801","evidence\wave-next-20260715-200733\REPOSITORY_STATE.md","4"
"knowledge",".md","1793","2026-08-01T13:04:48.6187602-04:00","7F0D50DCD6410C0D8E55C5B126FE23EA3E4BA2979E78D4F853F92E106F01978C","C:\Users\funny\Documents\AgentBridge-worktrees\gasper-vec901-903-proof-prep-20260801","evidence\wave-next-20260715-200733\MIGRATION_MATRIX.md","12"
"knowledge",".md","218","2026-08-01T13:04:48.6107488-04:00","13CF545970793212F4BD59121226AAE9118805AC87E357D7335DB0CD0D442ADA","C:\Users\funny\Documents\AgentBridge-worktrees\gasper-vec901-903-proof-prep-20260801","evidence\wave-next-20260715-200733\GASPERRESEARCH_RETURN_PACKET\README.md","4"
"knowledge",".md","2047","2026-08-01T13:04:48.6085936-04:00","7516975CBEF919AD8E534D247CA8F92F6A57C6B2FBA8740089E114EAC27B81DE","C:\Users\funny\Documents\AgentBridge-worktrees\gasper-vec901-903-proof-prep-20260801","evidence\wave-next-20260715-200733\GASPERRESEARCH_RETURN_PACKET\FINAL_REPORT.md","8"
"knowledge",".md","416","2026-08-01T13:04:48.6065929-04:00","F17F52081F1C3749350F3F7C772F7F800812CF7304A8845ECB326CD63AB56C54","C:\Users\funny\Documents\AgentBridge-worktrees\gasper-vec901-903-proof-prep-20260801","evidence\wave-next-20260715-200733\GASPERRESEARCH_RETURN_PACKET\FAILURES_AND_BLOCKERS.md","8"
"knowledge",".md","593","2026-08-01T13:04:48.5993333-04:00","5A978258C14AB77783319AB2F3A9E0B6F33A206056DC003A3DF0EB888EE94BDC","C:\Users\funny\Documents\AgentBridge-worktrees\gasper-vec901-903-proof-prep-20260801","evidence\wave-next-20260715-200733\COMMANDS_AND_EXIT_CODES.md","4"
"knowledge",".md","6437","2026-08-01T13:04:48.5917391-04:00","9118F0890A062B77C794FB465D99991E4675A18EE5703E6055C4211AD1A29203","C:\Users\funny\Documents\AgentBridge-worktrees\gasper-vec901-903-proof-prep-20260801","evidence\transition-authority-repair\IMPLEMENTATION_REPORT.md","4"
"knowledge",".md","584","2026-08-01T13:04:48.5840340-04:00","75EDD0CFBB5BE2875A6A5AC4BA85B10ADB93A4A6911324A5FADD74FCC8C2D59D","C:\Users\funny\Documents\AgentBridge-worktrees\gasper-vec901-903-proof-prep-20260801","evidence\studio-proof-6.5.4\SUMMARY.md","4"
"knowledge",".md","1483","2026-08-01T13:04:48.5631429-04:00","5E64CAD6101EB756D0529CAD6F16B82668A6C3268F289A21F82F36C9A7E6EC17","C:\Users\funny\Documents\AgentBridge-worktrees\gasper-vec901-903-proof-prep-20260801","evidence\sidekick-studio-0.3-0.4\SESSION_STATUS.md","4"
"knowledge",".md","2873","2026-08-01T13:04:48.5621365-04:00","19D1AC22DBF0724FD03AD586F589C2DC631DC144EDF4502A1E390B8816AF63E2","C:\Users\funny\Documents\AgentBridge-worktrees\gasper-vec901-903-proof-prep-20260801","evidence\sidekick-studio-0.3-0.4\MILESTONE_LEDGER.md","4"
"knowledge",".md","5626","2026-08-01T13:04:48.5606320-04:00","03AD0A8B68FA9DBC5373647296081E4AB0BE894E178B4ED94E5F4AE3EB91A77B","C:\Users\funny\Documents\AgentBridge-worktrees\gasper-vec901-903-proof-prep-20260801","evidence\sidekick-studio-0.3-0.4\GAP_LEDGER.md","4"
"knowledge",".txt","58","2026-08-01T13:04:48.5374833-04:00","7A79F7297ECFBFBD7C0CF3622A0BF5CD5F03DFB8EFD52DFBB4F4D21B049E5B31","C:\Users\funny\Documents\AgentBridge-worktrees\gasper-vec901-903-proof-prep-20260801","evidence\sidekick-0.2\H-remote.txt","4"
"knowledge",".txt","1028","2026-08-01T13:04:48.5354781-04:00","CB8CA0025839ACDEB1917F5B916393A256D1486E928AEBF6824E5CD498D242FB","C:\Users\funny\Documents\AgentBridge-worktrees\gasper-vec901-903-proof-prep-20260801","evidence\sidekick-0.2\G-reopen.txt","4"
"knowledge",".txt","849","2026-08-01T13:04:48.5344395-04:00","E41433FE5C49740A6EE6056DA4ECA0D23507651A9EEA3040452E1C08153A37A7","C:\Users\funny\Documents\AgentBridge-worktrees\gasper-vec901-903-proof-prep-20260801","evidence\sidekick-0.2\F-accept.txt","4"
"knowledge",".txt","1007","2026-08-01T13:04:48.5334397-04:00","3372A4CAD0A73F54B9239E674537441B4A10299E68D75D10AE770A080020CF3F","C:\Users\funny\Documents\AgentBridge-worktrees\gasper-vec901-903-proof-prep-20260801","evidence\sidekick-0.2\E-finish.txt","4"
"knowledge",".txt","689","2026-08-01T13:04:48.5324392-04:00","7461D27141A8922724F92B199C4A530B3EA732F1F98F9396ED378788E8D01C72","C:\Users\funny\Documents\AgentBridge-worktrees\gasper-vec901-903-proof-prep-20260801","evidence\sidekick-0.2\D-start-iter.txt","4"
"knowledge",".txt","2000","2026-08-01T13:04:48.5314401-04:00","1C42B64C7A9698B3A871795FBE427987993F8A2ACFB86D3614CD1A55942B2373","C:\Users\funny\Documents\AgentBridge-worktrees\gasper-vec901-903-proof-prep-20260801","evidence\sidekick-0.2\D-read-before.txt","4"
"knowledge",".txt","1662","2026-08-01T13:04:48.5303081-04:00","367D5F096E9B89142FBAF75638DA3636439D201E20037054B1BE904D73D78983","C:\Users\funny\Documents\AgentBridge-worktrees\gasper-vec901-903-proof-prep-20260801","evidence\sidekick-0.2\D-evidence.txt","4"
"knowledge",".txt","231","2026-08-01T13:04:48.5292988-04:00","B68B37650CAFFA8B4E0D08725E5FE056AF2784038230A4D36BCD188BADA02426","C:\Users\funny\Documents\AgentBridge-worktrees\gasper-vec901-903-proof-prep-20260801","evidence\sidekick-0.2\D-diff.txt","4"
"knowledge",".txt","992","2026-08-01T13:04:48.5277939-04:00","929905FD3E608DDE7684DCA9303458E2F73817548EC1FB036B027BF2DFB52CC6","C:\Users\funny\Documents\AgentBridge-worktrees\gasper-vec901-903-proof-prep-20260801","evidence\sidekick-0.2\D-checkpoint.txt","4"
"knowledge",".txt","400","2026-08-01T13:04:48.5227734-04:00","9212DAFC4436E7901A05907FDDF43BE4E5672B28259D5DAD5F4224A8C52E7995","C:\Users\funny\Documents\AgentBridge-worktrees\gasper-vec901-903-proof-prep-20260801","evidence\sidekick-0.2\C-shot-singularity.txt","12"
"knowledge",".txt","574","2026-08-01T13:04:48.5192688-04:00","A98B9C1768DB10CE1D52484DA7A8ADB7BD4B2C50A67E5BB921EE55C1D9DEF2DA","C:\Users\funny\Documents\AgentBridge-worktrees\gasper-vec901-903-proof-prep-20260801","evidence\sidekick-0.2\C-ready.txt","4"
"knowledge",".txt","1028","2026-08-01T13:04:48.5131099-04:00","DA57D5F8DD9F29B83F59FFE4228F3680E9F282FC70B127C3F4F5D3ED18DC5AB9","C:\Users\funny\Documents\AgentBridge-worktrees\gasper-vec901-903-proof-prep-20260801","evidence\sidekick-0.2\C-open.txt","4"
"knowledge",".txt","741","2026-08-01T13:04:48.5116059-04:00","D074DB228FF38BAEEEF5C8E1F8C1AAB8DBF3101BB13C44CEBA89BF65B0A0770E","C:\Users\funny\Documents\AgentBridge-worktrees\gasper-vec901-903-proof-prep-20260801","evidence\sidekick-0.2\C-embodiment-singularity.txt","4"
"knowledge",".txt","466","2026-08-01T13:04:48.5106069-04:00","F0872D942F94120876F4B4C5BBD1ECDB762FB4E00D9186D26090C243A17EFA5E","C:\Users\funny\Documents\AgentBridge-worktrees\gasper-vec901-903-proof-prep-20260801","evidence\sidekick-0.2\C-embodiment-presence.txt","4"
"knowledge",".txt","745","2026-08-01T13:04:48.5096006-04:00","82F9286BB13F6FD11384D191E87DB9251A6C20D722B0E3ADCCD1AB37AB667620","C:\Users\funny\Documents\AgentBridge-worktrees\gasper-vec901-903-proof-prep-20260801","evidence\sidekick-0.2\C-embodiment-dormant-orbit.txt","4"
"knowledge",".txt","5000","2026-08-01T13:04:48.5042815-04:00","A57EEC68B3ABEA989A8D2B6A37958A1FA7ACF660F93B313411088EFE7FF8FA27","C:\Users\funny\Documents\AgentBridge-worktrees\gasper-vec901-903-proof-prep-20260801","evidence\sidekick-0.2\B-workspace-status.txt","4"
"knowledge",".txt","143","2026-08-01T13:04:48.5042815-04:00","79D8553F9146D9FAEA971ED23A466ECC3DFBC79C7659E2833489DFB826FD20A9","C:\Users\funny\Documents\AgentBridge-worktrees\gasper-vec901-903-proof-prep-20260801","evidence\sidekick-0.2\C-console.txt","4"
"knowledge",".txt","8000","2026-08-01T13:04:48.5032818-04:00","DD550973616510DD6848CC515EF7C357C1CFF6D62F7245CE684347292753C5A6","C:\Users\funny\Documents\AgentBridge-worktrees\gasper-vec901-903-proof-prep-20260801","evidence\sidekick-0.2\B-tools-list.txt","4"
"knowledge",".txt","2240","2026-08-01T13:04:48.5021201-04:00","B5BC96B77D7D407E7C54D517D213EFF6319A2D3600C4FE8146367E384238D5B6","C:\Users\funny\Documents\AgentBridge-worktrees\gasper-vec901-903-proof-prep-20260801","evidence\sidekick-0.2\B-select.txt","4"
"knowledge",".txt","222","2026-08-01T13:04:48.4996071-04:00","6B9B614197C983F5FED70ECBD9C3B7C23EC2079B026443FC98AF41C866A8CE3E","C:\Users\funny\Documents\AgentBridge-worktrees\gasper-vec901-903-proof-prep-20260801","evidence\sidekick-0.2\B-initialize.txt","4"
"knowledge",".txt","4978","2026-08-01T13:04:48.4996071-04:00","B4A0CC4B1DD3150996534260254E93BA19D0BFC6F3CD3076BAFB01912EA0DDC6","C:\Users\funny\Documents\AgentBridge-worktrees\gasper-vec901-903-proof-prep-20260801","evidence\sidekick-0.2\B-locate.txt","4"
"knowledge",".md","2638","2026-08-01T13:04:48.4985451-04:00","3DC99B8C055F065DF2C3EE2F586D17A944313479C017648CA33D244999F71802","C:\Users\funny\Documents\AgentBridge-worktrees\gasper-vec901-903-proof-prep-20260801","evidence\sidekick-0.2\ACCEPTANCE_REPORT.md","4"
"knowledge",".txt","670","2026-08-01T13:04:48.4940216-04:00","7F52C64852AD88F04B1162086AEA2392053234B187383707E86C897CFE982435","C:\Users\funny\Documents\AgentBridge-worktrees\gasper-vec901-903-proof-prep-20260801","evidence\scm-elevate-latest\install-scm-raw.txt","4"
"knowledge",".md","347","2026-08-01T13:04:48.4841595-04:00","164F451BBC20F768E34EAFD7522DC5D16F3A8929E521F9882088B9186BFD782E","C:\Users\funny\Documents\AgentBridge-worktrees\gasper-vec901-903-proof-prep-20260801","evidence\scenario-lab-out\SCENARIO_MATRIX.md","4"
"knowledge",".md","9151","2026-08-01T13:04:48.4727647-04:00","6CA6F92BB36DF37735AECE12F49527579F43C4174D6747A597096B3EC89C0ADB","C:\Users\funny\Documents\AgentBridge-worktrees\gasper-vec901-903-proof-prep-20260801","evidence\runtime-authority-repair\FINAL_REPORT.md","4"
"knowledge",".md","2438","2026-08-01T13:04:48.4702558-04:00","11162952BCEAB1152F3F0DEEF975547A0B013FA6FA6303020E16430812D9B9B3","C:\Users\funny\Documents\AgentBridge-worktrees\gasper-vec901-903-proof-prep-20260801","evidence\productization-0.4\verification-plan-results.md","4"
"knowledge",".md","2775","2026-08-01T13:04:48.4647337-04:00","6C331A6B6DCC995B4E3F04416FDBE62BB3B4FE0A5132B0B4F240DDFC3105E7BB","C:\Users\funny\Documents\AgentBridge-worktrees\gasper-vec901-903-proof-prep-20260801","evidence\productization-0.4\GAP_LEDGER.md","4"
"knowledge",".md","1069","2026-08-01T13:04:48.4622220-04:00","512FD6E8966487F9854BB1915EF56AAFBC4634B64BBB4327EA4D614E1E906726","C:\Users\funny\Documents\AgentBridge-worktrees\gasper-vec901-903-proof-prep-20260801","evidence\productization-0.4\ACCEPTANCE_DELTA.md","4"
"knowledge",".md","1016","2026-08-01T13:04:48.4436701-04:00","E78A22916B99BECB14B1E994FC5E6FD7434DB6568B72E293682EEC3FE067BEFD","C:\Users\funny\Documents\AgentBridge-worktrees\gasper-vec901-903-proof-prep-20260801","evidence\ops-gpt-pressure-20260715\GASPERRESEARCH_RETURN_PACKET\FINAL_REPORT.md","8"
"knowledge",".md","1568","2026-08-01T13:04:48.4421496-04:00","5E90D4E8960831164FC08448265F3007AD3B4E3AA03762B4119586F7C46F3680","C:\Users\funny\Documents\AgentBridge-worktrees\gasper-vec901-903-proof-prep-20260801","evidence\ops-gpt-pressure-20260715\GASPERRESEARCH_RETURN_PACKET\DECISION_PACKET_POLICY_PACKAGE_HASH.md","4"
"knowledge",".md","813","2026-08-01T13:04:48.4406428-04:00","96DBEA2108A1A7031D606FF1C51FDD7B8C0C3AFDF27EB6CFAF604A0EDDDB8B24","C:\Users\funny\Documents\AgentBridge-worktrees\gasper-vec901-903-proof-prep-20260801","evidence\ops-gpt-pressure-20260715\GASPERRESEARCH_RETURN_PACKET\COMMANDS_AND_EXIT_CODES.md","8"
"knowledge",".txt","96","2026-08-01T13:04:48.4135527-04:00","F2217516FB74B8EBF2A49FE17E42E36B0568701474795C9164FCADF49C588022","C:\Users\funny\Documents\AgentBridge-worktrees\gasper-vec901-903-proof-prep-20260801","evidence\native-contract-6.5.4\git-status.txt","8"
"knowledge",".md","698","2026-08-01T13:04:48.3853654-04:00","94F3EAB4B0B321C168D830B8A71CA7E6D0934A8FE1A89F587606DE25A0496E53","C:\Users\funny\Documents\AgentBridge-worktrees\gasper-vec901-903-proof-prep-20260801","evidence\native-contract-6.5.4\SUMMARY.md","4"
"knowledge",".md","5056","2026-08-01T13:04:48.3838593-04:00","89E0948F7EFFD575A614190A9E7FA6222D7414A75EDCB658A43A0FA8161B53B2","C:\Users\funny\Documents\AgentBridge-worktrees\gasper-vec901-903-proof-prep-20260801","evidence\native-contract-6.5.4\REVIEW.md","4"
"knowledge",".txt","442","2026-08-01T13:04:48.3818550-04:00","FBC8ECF8736373E00ED3070A98AFB360554980080B2B924EED8F12DB8D91D23A","C:\Users\funny\Documents\AgentBridge-worktrees\gasper-vec901-903-proof-prep-20260801","evidence\megabook-wave-2026-07-15\verifier-fixes\shipped-wiring-proof.txt","4"
"knowledge",".md","579","2026-08-01T13:04:48.3788412-04:00","503E7A3E1EC1533388E774FD7750AB5998FDEC95956C63B633EEE0D69CE65849","C:\Users\funny\Documents\AgentBridge-worktrees\gasper-vec901-903-proof-prep-20260801","evidence\megabook-wave-2026-07-15\verifier-fixes\VERIFIER_FIXES.md","4"
"knowledge",".txt","155","2026-08-01T13:04:48.3778420-04:00","6E9E3FC18E04DCA915D821BC5E8848BEB54673F02033B2E4DDCB0EEC339054F0","C:\Users\funny\Documents\AgentBridge-worktrees\gasper-vec901-903-proof-prep-20260801","evidence\megabook-wave-2026-07-15\replay-proof.txt","4"
"knowledge",".md","8960","2026-08-01T13:04:48.3708246-04:00","F76EFB8D27F29EB7BED9DBFBB48C90122571EDD5F535AB916A754DBF060D437C","C:\Users\funny\Documents\AgentBridge-worktrees\gasper-vec901-903-proof-prep-20260801","evidence\megabook-wave-2026-07-15\FINAL_REPORT.md","4"
"knowledge",".md","9373","2026-08-01T13:04:48.3582840-04:00","8F415F747E838F94424006E222EC211A993350DB05CA7FC28F55F55F0B0DB4BF","C:\Users\funny\Documents\AgentBridge-worktrees\gasper-vec901-903-proof-prep-20260801","evidence\handoff-agent-exhaust\HUMAN_HANDOFF_STEPS.md","4"
"knowledge",".txt","160","2026-08-01T13:04:48.3537664-04:00","DD544DF6DB2826C3CB7A483915DE533BFC6713BA6982D1636D52611BE3A9E176","C:\Users\funny\Documents\AgentBridge-worktrees\gasper-vec901-903-proof-prep-20260801","evidence\gating-0.5.2\remote-not-run.txt","4"
"knowledge",".txt","275","2026-08-01T13:04:48.3412205-04:00","95E4885CE8965E011218F50A10C95745CEDDA7B66DB30CDF82C49ABDE05B6997","C:\Users\funny\Documents\AgentBridge-worktrees\gasper-vec901-903-proof-prep-20260801","evidence\gating-0.3.0\remote-not-run.txt","4"
"knowledge",".md","1970","2026-08-01T13:04:48.3372105-04:00","458B29532DAF383652262A11BFAE5F0D2FF423A7B0CF2A083F5EB25D0A83DB23","C:\Users\funny\Documents\AgentBridge-worktrees\gasper-vec901-903-proof-prep-20260801","evidence\gating-0.3.0\known-limitations.md","4"
"knowledge",".md","998","2026-08-01T13:04:48.3341941-04:00","AF3FD98C0D56E6BB3B095AAA5ECD4CD580126A368BB4BE56166FCDFE4C503B1E","C:\Users\funny\Documents\AgentBridge-worktrees\gasper-vec901-903-proof-prep-20260801","evidence\gating-0.3.0\ACCEPTANCE_REPORT.md","4"
"knowledge",".md","3576","2026-08-01T13:04:48.3176429-04:00","2888854117F1B8AE7153B3FC3B29CDE67710D7EA48114E5625800836DD8EF714","C:\Users\funny\Documents\AgentBridge-worktrees\gasper-vec901-903-proof-prep-20260801","evidence\gasper-pilot-headed-6.5.5\FINAL_REPORT.md","4"
"knowledge",".md","1073","2026-08-01T13:04:48.3121326-04:00","3FDCB1BB944767CFFA2BCADF2304A3A6118DA897B115CB3E52E1ADE1020C3E56","C:\Users\funny\Documents\AgentBridge-worktrees\gasper-vec901-903-proof-prep-20260801","evidence\gasper-headed-acceptance\FAILED-VISIBLE-RENDER.md","4"
"knowledge",".md","394","2026-08-01T13:04:48.2780017-04:00","5A6C5352A9EFCC30DAC77000BA0754B90019ECCE4013271DA4ECF4303BBC3AC1","C:\Users\funny\Documents\AgentBridge-worktrees\gasper-vec901-903-proof-prep-20260801","evidence\gasper-005-r8-multitrack\SUMMARY.md","4"
"knowledge",".md","1156","2026-08-01T13:04:48.2729786-04:00","E2CD23A3E37039E5FB0B50A2E141C30D930F57357CF5A500FDED1A13357B1D68","C:\Users\funny\Documents\AgentBridge-worktrees\gasper-vec901-903-proof-prep-20260801","evidence\gasper-005-r7-ui-authority\SUMMARY.md","4"
"knowledge",".md","353","2026-08-01T13:04:48.2684707-04:00","EC5B1221FA67EEA7620A3AC50704F8610ACDF37B1D48D9E4BA44F2A1A13FF917","C:\Users\funny\Documents\AgentBridge-worktrees\gasper-vec901-903-proof-prep-20260801","evidence\gasper-005-r3-contour-solver\SUMMARY.md","4"
"knowledge",".md","1968","2026-08-01T13:04:48.1867115-04:00","0602C11F3F1FA2E0E31D67DAAA0A83E8F7A43B6243405FF5AF3C18218EB9047C","C:\Users\funny\Documents\AgentBridge-worktrees\gasper-vec901-903-proof-prep-20260801","evidence\embodiment-aware-dais\ACCEPTANCE.md","4"
"knowledge",".md","5055","2026-08-01T13:04:48.0753106-04:00","D142A577BCBD770B2B52878B7F752DE6C5AE43115EEDE84B1F1A375FB2110399","C:\Users\funny\Documents\AgentBridge-worktrees\gasper-vec901-903-proof-prep-20260801","evidence\dormant-studio-iteration-6.5.4\bundle\REVIEW.md","4"
"knowledge",".txt","109","2026-08-01T13:04:48.0657788-04:00","31585954DCB7FCB4B7D0277FE562BE2D3BA653D0A6E47A60C4D9B3281DE00DE6","C:\Users\funny\Documents\AgentBridge-worktrees\gasper-vec901-903-proof-prep-20260801","evidence\dormant-family-0.4\dormant-evidence-path.txt","4"
"knowledge",".md","2551","2026-08-01T13:04:48.0311490-04:00","0EBEB0607A5D853C72EEFC8932B7349A3BD5312FB4E9473C93C9C82695B50393","C:\Users\funny\Documents\AgentBridge-worktrees\gasper-vec901-903-proof-prep-20260801","evidence\browser-lifecycle-accept-6.5.5\HANDOFF_CHATGPT.md","4"
"knowledge",".md","347","2026-08-01T13:04:48.0215862-04:00","8D58794DCBB467995B31F4E1CB32F3A38B5BBFA9DB2D75C3C3CE953DB163A58D","C:\Users\funny\Documents\AgentBridge-worktrees\gasper-vec901-903-proof-prep-20260801","evidence\book-004-20260715-193623\SCENARIO_MATRIX.md","4"
"knowledge",".md","734","2026-08-01T13:04:48.0190127-04:00","B7724911F0A56E7ECB7F7E81A8F028F808FB10A6204A5F2332393816DBC5B8FA","C:\Users\funny\Documents\AgentBridge-worktrees\gasper-vec901-903-proof-prep-20260801","evidence\book-004-20260715-193623\RENDERER_TOURNAMENT.md","4"
"knowledge",".md","394","2026-08-01T13:04:48.0190127-04:00","E454E8293E5891689479183CD99CF69B69E06B701B49DDD8D1E61757E221F121","C:\Users\funny\Documents\AgentBridge-worktrees\gasper-vec901-903-proof-prep-20260801","evidence\book-004-20260715-193623\REPOSITORY_STATE.md","4"
"knowledge",".md","779","2026-08-01T13:04:48.0126887-04:00","E3C7ACF5D3A96AC012F17E4C0DCA21A9E1DB7E2F119DCF0C30D17E5C408302C1","C:\Users\funny\Documents\AgentBridge-worktrees\gasper-vec901-903-proof-prep-20260801","evidence\book-004-20260715-193623\GASPERRESEARCH_RETURN_PACKET\README.md","4"
"knowledge",".md","1411","2026-08-01T13:04:48.0095744-04:00","28F2746A3418CA3429EDABA6E71CA971812EBE8B4304276F930AD045CB32B5D5","C:\Users\funny\Documents\AgentBridge-worktrees\gasper-vec901-903-proof-prep-20260801","evidence\book-004-20260715-193623\GASPERRESEARCH_RETURN_PACKET\FINAL_REPORT.md","8"
"knowledge",".md","904","2026-08-01T13:04:48.0083363-04:00","F94C985BE28927B2730CCDE389B5C85132DF10A98C98165DBF40784A4AA47663","C:\Users\funny\Documents\AgentBridge-worktrees\gasper-vec901-903-proof-prep-20260801","evidence\book-004-20260715-193623\GASPERRESEARCH_RETURN_PACKET\FAILURES_AND_BLOCKERS.md","8"
"knowledge",".md","706","2026-08-01T13:04:47.9983012-04:00","A1B06CB85CA2AC3485E54BD81C2C0CDF7BD1509455E4DBAE9B95B9D697D0E50A","C:\Users\funny\Documents\AgentBridge-worktrees\gasper-vec901-903-proof-prep-20260801","evidence\book-004-20260715-193623\COMMANDS_AND_EXIT_CODES.md","4"
"knowledge",".md","381","2026-08-01T13:04:47.9713921-04:00","26306DDB8263ECA3067B077CCE6B8C6B422A333CCD32CB88C712A6F66AF3A577","C:\Users\funny\Documents\AgentBridge-worktrees\gasper-vec901-903-proof-prep-20260801","evidence\acceptance-latest\KNOWN_FAILURES.md","4"
"knowledge",".txt","178","2026-08-01T13:04:47.9703864-04:00","50D3728DF880E2D5F005F6E3D9C7BFC66EAC6A31A8E9CDCA6643C67F375B3D4B","C:\Users\funny\Documents\AgentBridge-worktrees\gasper-vec901-903-proof-prep-20260801","evidence\acceptance-latest\37-reboot-test.txt","4"
"knowledge",".txt","24","2026-08-01T13:04:47.9688822-04:00","F7A78A285C6118354A6C9C15A6E609BFEC413B3C0AD0966E36E4875DFEDD3E01","C:\Users\funny\Documents\AgentBridge-worktrees\gasper-vec901-903-proof-prep-20260801","evidence\acceptance-latest\36-duplicate-bind.txt","4"
"knowledge",".txt","17","2026-08-01T13:04:47.9644845-04:00","3296DF772066DF4DDEFDD7DDABC2F5BD29FB443F2C5A48A34277E42376E3ACA7","C:\Users\funny\Documents\AgentBridge-worktrees\gasper-vec901-903-proof-prep-20260801","evidence\acceptance-latest\32-third-party-force-disconnect.txt","4"
"knowledge",".txt","161","2026-08-01T13:04:47.9634847-04:00","1DB94229A1B5072137C77564CECE1D848CC0B3729ECAA89E0294E20600B3650A","C:\Users\funny\Documents\AgentBridge-worktrees\gasper-vec901-903-proof-prep-20260801","evidence\acceptance-latest\31-third-party-call.txt","4"
"knowledge",".txt","4000","2026-08-01T13:04:47.9624849-04:00","F604486B3A818B7103482F0D0763C1C4F6C85CF8CCB5E6326375483AD78A88AB","C:\Users\funny\Documents\AgentBridge-worktrees\gasper-vec901-903-proof-prep-20260801","evidence\acceptance-latest\30-third-party-tools-list.txt","4"
"knowledge",".txt","367","2026-08-01T13:04:47.9598200-04:00","D5624BACAA1D897ED3B228CE3A8BFDDA2AAD24BA9DCB0E9DB01EF5CEB8318DCF","C:\Users\funny\Documents\AgentBridge-worktrees\gasper-vec901-903-proof-prep-20260801","evidence\acceptance-latest\28-browser_reopen_after_kill.txt","4"
"knowledge",".txt","545","2026-08-01T13:04:47.9583129-04:00","D937FD13913BCF5E0AD1B8368FF4655D37ADAEE4D2A54C121C8A6D5DCE58130F","C:\Users\funny\Documents\AgentBridge-worktrees\gasper-vec901-903-proof-prep-20260801","evidence\acceptance-latest\27-browser_status_after_close.txt","4"
"knowledge",".txt","617","2026-08-01T13:04:47.9573131-04:00","FE0630932DE96FC30BC7049169053C96C88D066BAB9B45481CE7C0AEE88A5CF1","C:\Users\funny\Documents\AgentBridge-worktrees\gasper-vec901-903-proof-prep-20260801","evidence\acceptance-latest\26-browser_status_before_kill.txt","4"
"knowledge",".txt","337","2026-08-01T13:04:47.9563136-04:00","677019D8B36DD5DF3CE66117C4A3760B507E477FF1F4ABADF5378B1C35F21139","C:\Users\funny\Documents\AgentBridge-worktrees\gasper-vec901-903-proof-prep-20260801","evidence\acceptance-latest\25-save_screenshot.txt","4"
"knowledge",".txt","400","2026-08-01T13:04:47.9512560-04:00","0344DAD863A765BE87B14FDEC018252CCF07CE815C77650E5E599393623AC5AB","C:\Users\funny\Documents\AgentBridge-worktrees\gasper-vec901-903-proof-prep-20260801","evidence\acceptance-latest\24-capture_screenshot_2.txt","4"
"knowledge",".txt","122","2026-08-01T13:04:47.9502514-04:00","474605FB831004F1A0DF7E2628AC4EF1D3CEB09348083EBB75AE9FF70A36C1C0","C:\Users\funny\Documents\AgentBridge-worktrees\gasper-vec901-903-proof-prep-20260801","evidence\acceptance-latest\23-set_page_state.txt","4"
"knowledge",".txt","143","2026-08-01T13:04:47.9487465-04:00","7742678BEBD485F6076193EF0382F3F47F3A8FF01F67F2A4CB57C829EA26DD8B","C:\Users\funny\Documents\AgentBridge-worktrees\gasper-vec901-903-proof-prep-20260801","evidence\acceptance-latest\21-inspect_console.txt","8"
"knowledge",".txt","500","2026-08-01T13:04:47.9170355-04:00","EFB01F2279DFAA80458875716466219BFA04815BDD828CAE211EDF8F60930353","C:\Users\funny\Documents\AgentBridge-worktrees\gasper-vec901-903-proof-prep-20260801","evidence\acceptance-latest\20-capture_screenshot_1.txt","4"
"knowledge",".txt","367","2026-08-01T13:04:47.9160325-04:00","F3B311A58078BEA17174AC9D55722842CC5B37B85270A334E0A014983514CE39","C:\Users\funny\Documents\AgentBridge-worktrees\gasper-vec901-903-proof-prep-20260801","evidence\acceptance-latest\19-open_html.txt","4"
"knowledge",".txt","333","2026-08-01T13:04:47.9145286-04:00","C5BAF048456C1F1F22E950B1AE08049E9E1B92480E326106E18A6319FADC612F","C:\Users\funny\Documents\AgentBridge-worktrees\gasper-vec901-903-proof-prep-20260801","evidence\acceptance-latest\18-list_html_files.txt","4"
"knowledge",".txt","283","2026-08-01T13:04:47.8917457-04:00","C7D7229BEF8B80BE00DE8B39A2F32B7851FE583B43A034EBEE588E529835AFC6","C:\Users\funny\Documents\AgentBridge-worktrees\gasper-vec901-903-proof-prep-20260801","evidence\acceptance-latest\14-write-readonly-denied.txt","4"
"knowledge",".txt","365","2026-08-01T13:04:47.8907404-04:00","E8AD56D4AB506491B8F556FD3FE672EC59EB3C01AAB6D3A1DC3321E0AACE9BB9","C:\Users\funny\Documents\AgentBridge-worktrees\gasper-vec901-903-proof-prep-20260801","evidence\acceptance-latest\13-path-escape-denied.txt","4"
"knowledge",".txt","473","2026-08-01T13:04:47.8891704-04:00","00319E104815FBD56D39905F449C5E981471136C4DDB02CCB5FDE6D2C65C363A","C:\Users\funny\Documents\AgentBridge-worktrees\gasper-vec901-903-proof-prep-20260801","evidence\acceptance-latest\11-list_files.txt","4"
"knowledge",".txt","244","2026-08-01T13:04:47.8891704-04:00","B10AEC865B991CACF24E54A1EC19A41067095F6E1CD45294B3826F0D55317295","C:\Users\funny\Documents\AgentBridge-worktrees\gasper-vec901-903-proof-prep-20260801","evidence\acceptance-latest\12-read_file.txt","4"
"knowledge",".txt","467","2026-08-01T13:04:47.8876646-04:00","D83DED24EC0F060C4ADFD84A8804F56093D596C36B7076EC4B0B4DBCC216ABF8","C:\Users\funny\Documents\AgentBridge-worktrees\gasper-vec901-903-proof-prep-20260801","evidence\acceptance-latest\10-list_repositories.txt","4"
"knowledge",".txt","15719","2026-08-01T13:04:47.8866046-04:00","D3441F2D844EC445A7EEA55921FF82F81F8A9FD2C6794E6C7098E0B0D5024147","C:\Users\funny\Documents\AgentBridge-worktrees\gasper-vec901-903-proof-prep-20260801","evidence\acceptance-latest\09-tools-list.txt","4"
"knowledge",".md","2518","2026-08-01T13:04:47.8741306-04:00","2D1AF72142EFD2D67F5A8E069A1585B3865EB938629C83046F47D7D63DA6C8F0","C:\Users\funny\Documents\AgentBridge-worktrees\gasper-vec901-903-proof-prep-20260801","evidence\ACCEPTANCE_REPORT.md","4"
"knowledge",".md","1406","2026-08-01T13:04:47.8731233-04:00","EBAAA31DA5053BD442A5FFFC516B6A0FE9892FD150358C13AEED141E6950A205","C:\Users\funny\Documents\AgentBridge-worktrees\gasper-vec901-903-proof-prep-20260801","evidence\20260715-residual-close\tournament\RENDERER_TOURNAMENT.md","8"
"knowledge",".md","3478","2026-08-01T13:04:47.8675971-04:00","2D38CA35B53D197E138DF3683E6565DD49BECFFA3671494039F73143FE05ED34","C:\Users\funny\Documents\AgentBridge-worktrees\gasper-vec901-903-proof-prep-20260801","evidence\20260715-residual-close\RESIDUAL_LEDGER.md","4"
"knowledge",".md","3409","2026-08-01T13:04:47.8615581-04:00","A7BDE0A0AD1006961AB0CD5D1641454287C6E4FA0C2699B4F701B6163F37D121","C:\Users\funny\Documents\AgentBridge-worktrees\gasper-vec901-903-proof-prep-20260801","evidence\20260715-residual-close\GASPERRESEARCH_RETURN_PACKET\RESIDUAL_LEDGER.md","4"
"knowledge",".md","695","2026-08-01T13:04:47.8595577-04:00","48CC700F2770EDE8B17CFFD335ED79F2EADCFC68DCB9659CBFBD6FC7491CAC1D","C:\Users\funny\Documents\AgentBridge-worktrees\gasper-vec901-903-proof-prep-20260801","evidence\20260715-residual-close\GASPERRESEARCH_RETURN_PACKET\FINAL_REPORT.md","8"
"knowledge",".md","2231","2026-08-01T13:04:47.7668095-04:00","3C88BB7DACB5044AC5E9E2BCDAD0FED1F13B86559210B4F1D2A52010CD0EA24E","C:\Users\funny\Documents\AgentBridge-worktrees\gasper-vec901-903-proof-prep-20260801","docs\threat-model.md","4"
"knowledge",".md","3026","2026-08-01T13:04:47.7592611-04:00","C3652A9CA9249771444B207BF162BDA5D212D224F625058B8F90A63B84A02BE2","C:\Users\funny\Documents\AgentBridge-worktrees\gasper-vec901-903-proof-prep-20260801","docs\product\gasper-worldclass-shell\adapter-mount-contract.md","4"
"knowledge",".md","20484","2026-08-01T13:04:47.7539126-04:00","5FE50731A5B46842B979989C49F3305B38FEBA6D1B5F536414E5712F7567D913","C:\Users\funny\Documents\AgentBridge-worktrees\gasper-vec901-903-proof-prep-20260801","docs\planops\reviews\2026-07-16-book-005-first-principles-mcp-audit.md","4"
"knowledge",".md","2404","2026-08-01T13:04:47.7514006-04:00","643E071CD7F1A788FF9418B149DB9B73E0C7AFDE0B0882DA78571F6DA8B332EE","C:\Users\funny\Documents\AgentBridge-worktrees\gasper-vec901-903-proof-prep-20260801","docs\planops\dispatches\GASPER-007-DOPS-01B-FACE-AUTHORITY-RECOVERY.md","4"
"knowledge",".md","5186","2026-08-01T13:04:47.7504002-04:00","5F93D45B5882D282C76B480F07051602E6D4CD959D686052F34F34C343EC9E39","C:\Users\funny\Documents\AgentBridge-worktrees\gasper-vec901-903-proof-prep-20260801","docs\planops\dispatches\GASPER-007-DOPS-01-INTERACTION-AUTHORITY-ISOLATION.md","4"
"knowledge",".md","66958","2026-08-01T13:04:47.7494012-04:00","22F09914A5901EF4476FBE12AFA7902DDB21501349F2BFEF0FDE7884529576AC","C:\Users\funny\Documents\AgentBridge-worktrees\gasper-vec901-903-proof-prep-20260801","docs\planops\dispatches\GASPER-006-OMEGA-SUPERGROK-CAMPAIGN.md","4"
"knowledge",".md","1256","2026-08-01T13:04:47.7473959-04:00","EBB821B69434CBFF99A188F5832DD7E95B3C2DE8DD2D03932BBCCE0FFEBA1F53","C:\Users\funny\Documents\AgentBridge-worktrees\gasper-vec901-903-proof-prep-20260801","docs\planops\dispatches\GASPER-006-OMEGA-GROK-LAUNCHER.md","4"
"knowledge",".md","10665","2026-08-01T13:04:47.7446708-04:00","FDC82B741EA4B891E9F104FB245FAE34806E2B32629173603824002AE8C39FDA","C:\Users\funny\Documents\AgentBridge-worktrees\gasper-vec901-903-proof-prep-20260801","docs\planops\books\GASPER_007_F_VISUAL_IDENTITY_RUNTIME_WIRING_RECOVERY_MEGABOOK.md","4"
"knowledge",".md","12680","2026-08-01T13:04:47.7436721-04:00","D19A686A687A834B414FDA508A404DE34DBFF909D6205AC91DEABE2A4461E61B","C:\Users\funny\Documents\AgentBridge-worktrees\gasper-vec901-903-proof-prep-20260801","docs\planops\books\GASPER-REAL-WORK-PLANBOOK\PLANBOOK.md","4"
"knowledge",".md","1180","2026-08-01T13:04:47.7421620-04:00","3B711BD83B0C860009FA3DF2EAE9A7928C8FC75D44944651D32E2A8868194E49","C:\Users\funny\Documents\AgentBridge-worktrees\gasper-vec901-903-proof-prep-20260801","docs\planops\books\GASPER-REAL-WORK-PLANBOOK\CURRENT.md","4"
"knowledge",".md","13669","2026-08-01T13:04:47.7386510-04:00","D07008874BEF981A7689AB0EAE5CA58478548BAF4C2387071698143D1D2D5217","C:\Users\funny\Documents\AgentBridge-worktrees\gasper-vec901-903-proof-prep-20260801","docs\planops\books\007-gasper-studio-designops-convergence-and-interaction-authority-megabook.md","4"
"knowledge",".md","52552","2026-08-01T13:04:47.7356277-04:00","487E3DE402ACF1BE6D07C32D5E8C572FC08D6A6A1362060568D0DC0747760A08","C:\Users\funny\Documents\AgentBridge-worktrees\gasper-vec901-903-proof-prep-20260801","docs\planops\books\006-gasper-studio-performance-grammar-behavioral-compiler-and-affect-lab-megabook.md","4"
"knowledge",".md","35272","2026-08-01T13:04:47.7331231-04:00","503C4E76C0F6C4D251AB082BB20E2C8748BDF03737CDD3DD55559534F58EF662","C:\Users\funny\Documents\AgentBridge-worktrees\gasper-vec901-903-proof-prep-20260801","docs\planops\books\005-gasper-studio-final-form-recovery-native-authoring-and-living-animation-runtime-megabook.md","4"
"knowledge",".md","2671","2026-08-01T13:04:47.7286143-04:00","39A0554B13C4075D9D6963F20366C1C65EA7BA4A7A97E06033297684AFEC315E","C:\Users\funny\Documents\AgentBridge-worktrees\gasper-vec901-903-proof-prep-20260801","docs\planops\START_HERE.md","4"
"knowledge",".md","38932","2026-08-01T13:04:47.7266133-04:00","55E0BC5C250CDB22F405CD845778B469DCD334E579723471F1858BF65AB73C6A","C:\Users\funny\Documents\AgentBridge-worktrees\gasper-vec901-903-proof-prep-20260801","docs\planops\GASPER_005_EXECUTION_LOG.md","4"
"knowledge",".md","4940","2026-08-01T13:04:47.7256082-04:00","78350287E01BA7C02EFCE7FFC0063AFFC583484255C7A277EFFB0421C92CD2D5","C:\Users\funny\Documents\AgentBridge-worktrees\gasper-vec901-903-proof-prep-20260801","docs\planops\GASPER_005_DISPATCH_LEDGER.md","4"
"knowledge",".md","700","2026-08-01T13:04:47.7241044-04:00","7C39A24A3EC00F022CAE0423C37BFB293D6751690A5103ED1392E83FCDAA0C12","C:\Users\funny\Documents\AgentBridge-worktrees\gasper-vec901-903-proof-prep-20260801","docs\planops\CURRENT.md","4"
"knowledge",".md","5526","2026-08-01T13:04:47.7220478-04:00","72F7A1AA2CC87CAC70E7F3FA863489BBA9BDF039F01BD4EB57E2D74FF27CE381","C:\Users\funny\Documents\AgentBridge-worktrees\gasper-vec901-903-proof-prep-20260801","docs\pilotops\gasper-r4-integration-recapture-seal.md","4"
"knowledge",".md","3713","2026-08-01T13:04:47.7210426-04:00","71F81F42528A1BC282AF99551B6F2D885D79A6C8AC523B6208D844BD126D9B7D","C:\Users\funny\Documents\AgentBridge-worktrees\gasper-vec901-903-proof-prep-20260801","docs\pilotops\gasper-r3-integration-recapture-seal.md","4"
"knowledge",".md","1640","2026-08-01T13:04:47.7200355-04:00","3A592EA073EDE36B1FA86E2C6DC8D0ED229F97F43B11496CC02B72F9B88BF0B0","C:\Users\funny\Documents\AgentBridge-worktrees\gasper-vec901-903-proof-prep-20260801","docs\pilotops\doctrine\OATH_VIDEO_FIRST_VISUAL_ACCEPTANCE.md","4"
"knowledge",".md","746","2026-08-01T13:04:47.7165303-04:00","E87CE33E9F936D47E9FDC9FD4A3B794C60EFD9708F5F32F5B8DF06BA6890FFA8","C:\Users\funny\Documents\AgentBridge-worktrees\gasper-vec901-903-proof-prep-20260801","docs\operational-context-kernel\README.md","4"
"knowledge",".md","911","2026-08-01T13:04:47.7155245-04:00","30F9A9AF1533FAA678FCAE97F05C19531F129617D3E6494FBD1A15101190A04F","C:\Users\funny\Documents\AgentBridge-worktrees\gasper-vec901-903-proof-prep-20260801","docs\operational-context-kernel\DEPLOYMENT_STATUS.md","4"
"knowledge",".md","1498","2026-08-01T13:04:47.7129449-04:00","5D70BE823DA850468CEAE4C7DA07A5DBB59839498EB679B00FB0A1576622A102","C:\Users\funny\Documents\AgentBridge-worktrees\gasper-vec901-903-proof-prep-20260801","docs\guides\user-guide.md","4"
"knowledge",".md","1184","2026-08-01T13:04:47.6967544-04:00","17D51A1E58B8FE09B3CB2216982818A6410CCBC6828C22CE6DA751667D643A78","C:\Users\funny\Documents\AgentBridge-worktrees\gasper-vec901-903-proof-prep-20260801","docs\guides\troubleshooting.md","4"
"knowledge",".md","1899","2026-08-01T13:04:47.6957491-04:00","55F288A29B9ECF68E65B8AE03978A4B0053F589D51DC0F66EC1010A878922C59","C:\Users\funny\Documents\AgentBridge-worktrees\gasper-vec901-903-proof-prep-20260801","docs\guides\tauri-desktop-shell.md","4"
"knowledge",".md","2135","2026-08-01T13:04:47.6941882-04:00","12E3CEA781C6B830D1D956129AA1B4929A0AF323925A4CF66249AB7DB9F0A14C","C:\Users\funny\Documents\AgentBridge-worktrees\gasper-vec901-903-proof-prep-20260801","docs\guides\remote-readiness.md","4"
"knowledge",".md","658","2026-08-01T13:04:47.6941882-04:00","51A5AAD4D8E3F12FC7F3D6017E16EEF7B7025E1FAA3EB8416503285EEBCD8F80","C:\Users\funny\Documents\AgentBridge-worktrees\gasper-vec901-903-proof-prep-20260801","docs\guides\release-checklist.md","4"
"knowledge",".md","3162","2026-08-01T13:04:47.6926798-04:00","820821542782E17F090C060B6C96C7BB144F315F3FD04BCB25ADEACC576365DE","C:\Users\funny\Documents\AgentBridge-worktrees\gasper-vec901-903-proof-prep-20260801","docs\guides\known-limitations.md","4"
"knowledge",".md","1360","2026-08-01T13:04:47.6916801-04:00","40940AE935CBAC93BE7499CBEF5BFC59DDAC6D1E38A7D7A6CD82DAAD834B4D0D","C:\Users\funny\Documents\AgentBridge-worktrees\gasper-vec901-903-proof-prep-20260801","docs\guides\developer-guide.md","4"
"knowledge",".md","1922","2026-08-01T13:04:47.6906808-04:00","958DF1B22E6D0905549B88AFA9D47EEF703A231A67D911FADDAC66C672933661","C:\Users\funny\Documents\AgentBridge-worktrees\gasper-vec901-903-proof-prep-20260801","docs\guides\clean-install-path.md","4"
"knowledge",".md","1686","2026-08-01T13:04:47.6896750-04:00","4879DD0AE5AA1F46ED92588E5A47C54A186518A20107694B55E6D2DF1454B5CA","C:\Users\funny\Documents\AgentBridge-worktrees\gasper-vec901-903-proof-prep-20260801","docs\guides\admin-guide.md","4"
"knowledge",".md","3405","2026-08-01T13:04:47.6877918-04:00","F231734D6176DB4AC22E281A1C9DF765970D730F1FC595099CEB34858A79976D","C:\Users\funny\Documents\AgentBridge-worktrees\gasper-vec901-903-proof-prep-20260801","docs\guides\SIDEKICK_RAPID_ITERATION.md","4"
"knowledge",".md","6861","2026-08-01T13:04:47.6757688-04:00","68C194AF330308A16D0AFC59D4782F85CBAC3435BD34840BE683FF5DF2F91E40","C:\Users\funny\Documents\AgentBridge-worktrees\gasper-vec901-903-proof-prep-20260801","docs\engineering\STUDIO_INTERACTION_PERF_AUDIT.md","4"
"knowledge",".md","1957","2026-08-01T13:04:47.6742645-04:00","5046F30AF6B2C2BCC1DB7F811DFCED7629C611E739B9F0D806501993B4A08BF2","C:\Users\funny\Documents\AgentBridge-worktrees\gasper-vec901-903-proof-prep-20260801","docs\engineering\FIRST_PRINCIPLES_STUDIO_RUNTIME.md","4"
"knowledge",".md","3692","2026-08-01T13:04:47.6722639-04:00","D304502BE883434CFDD27F03123765095A1DF94FBE29DDF32DAB060C511009B0","C:\Users\funny\Documents\AgentBridge-worktrees\gasper-vec901-903-proof-prep-20260801","docs\designops\visual-signoff\GASPER_VISUAL_SIGNOFF_PROTOCOL.md","4"
"knowledge",".md","4036","2026-08-01T13:04:47.6620912-04:00","B5D99B87B716CDF88CFBA597609D6350352156E59722F1D6F3A5FF806B191559","C:\Users\funny\Documents\AgentBridge-worktrees\gasper-vec901-903-proof-prep-20260801","docs\demo\gasper\REVEAL-DIRECTION.md","4"
"knowledge",".md","850","2026-08-01T13:04:47.6610860-04:00","C86883F521757ABAF972E08041407F7B1B089BCB444DF1CAF0ED1D67CB7A6773","C:\Users\funny\Documents\AgentBridge-worktrees\gasper-vec901-903-proof-prep-20260801","docs\demo\gasper\FIRST-RUN.md","4"
"knowledge",".md","1078","2026-08-01T13:04:47.6595808-04:00","4078D3273D2645DB5B53FECA0B21633CC0FD57A598B41050EFB11103317C78E2","C:\Users\funny\Documents\AgentBridge-worktrees\gasper-vec901-903-proof-prep-20260801","docs\demo\gasper\DEMO-SCENARIOS.md","4"
"knowledge",".md","1278","2026-08-01T13:04:47.6585813-04:00","058C9629F5A958B8B8DE2DE8A02DBA2E0F87CFA59A63C3EA097929CCEC4DEE38","C:\Users\funny\Documents\AgentBridge-worktrees\gasper-vec901-903-proof-prep-20260801","docs\demo\gasper\CONTENT-PACK.md","4"
"knowledge",".md","1099","2026-08-01T13:04:47.6372425-04:00","4D941A38949670243B14D6B9079B744A767D499B827F85E7D2CF14CFEA238361","C:\Users\funny\Documents\AgentBridge-worktrees\gasper-vec901-903-proof-prep-20260801","docs\RELEASE_NOTES_0.5.8.md","4"
"knowledge",".md","1498","2026-08-01T13:04:47.6347321-04:00","1358E0CB8D922FCBB5A10168F7BAE5C03888346CB21503646C8DDE357C132B1C","C:\Users\funny\Documents\AgentBridge-worktrees\gasper-vec901-903-proof-prep-20260801","docs\RELEASE_NOTES_0.5.2.md","4"
"knowledge",".md","1377","2026-08-01T13:04:47.6347321-04:00","D2EB402ED196D52298F30C8FBD401D6CAF3FA4F38C707ADAE82C24B9CDB8ED44","C:\Users\funny\Documents\AgentBridge-worktrees\gasper-vec901-903-proof-prep-20260801","docs\MILESTONE_LEDGER.md","4"
"knowledge",".md","2280","2026-08-01T13:04:47.6336198-04:00","649C830923C054F1394954EA2DB9C46319A5D416839A456B7F6A8C1398D32DDE","C:\Users\funny\Documents\AgentBridge-worktrees\gasper-vec901-903-proof-prep-20260801","docs\MILESTONE-STATUS.md","4"
"knowledge",".md","9388","2026-08-01T13:04:47.6315608-04:00","F8659B22DA1B12E01A0FF4934236BBFC796BF6D003425F35C9EF4C595667B828","C:\Users\funny\Documents\AgentBridge-worktrees\gasper-vec901-903-proof-prep-20260801","docs\HUMAN_HANDOFF_STEPS.md","4"
"knowledge",".md","4409","2026-08-01T13:04:47.6305556-04:00","65A138FD6C7D358B60E449917150D54936DD9EE0C48F57BBC75A2ED7E6981988","C:\Users\funny\Documents\AgentBridge-worktrees\gasper-vec901-903-proof-prep-20260801","docs\GAP_LEDGER.md","4"
"knowledge",".md","3258","2026-08-01T13:04:47.6295520-04:00","900B7CD94B52336A02DFE504F761C655FB6CD840A6694FFDB149C39830FC28C9","C:\Users\funny\Documents\AgentBridge-worktrees\gasper-vec901-903-proof-prep-20260801","docs\CHATGPT_CONNECT_NOW.md","4"
"knowledge",".md","1355","2026-08-01T13:04:47.4754810-04:00","1726C35EE607F0E0E3CFC912976EA71C4DF3060FCA8D2470A51DEF611F67D2C5","C:\Users\funny\Documents\AgentBridge-worktrees\gasper-vec901-903-proof-prep-20260801","contracts\AGENT_ENTRY_CONTRACT.md","4"
"knowledge",".md","4336","2026-08-01T13:04:47.4674731-04:00","2DE8E61FD93992672D830CA4F77951F92A3FB77C9881CC82ED15470C615AC6FC","C:\Users\funny\Documents\AgentBridge-worktrees\gasper-vec901-903-proof-prep-20260801","artifacts\vdim-os\VDIM-W0-RATIFICATION.md","4"
"knowledge",".md","1567","2026-08-01T13:04:47.4643299-04:00","4E4E55A4B8E90774240DBC9F795BD09D9C3B09860460E383BD9B71DF967F54DA","C:\Users\funny\Documents\AgentBridge-worktrees\gasper-vec901-903-proof-prep-20260801","artifacts\vdim-os\VDIM-W0-ADMIT.md","4"
"knowledge",".md","4224","2026-08-01T13:04:47.4628250-04:00","5DA847F866D7F60A136F2ADD4975600B28DF67ED5925072369B4D6D98B281F67","C:\Users\funny\Documents\AgentBridge-worktrees\gasper-vec901-903-proof-prep-20260801","artifacts\vdim-os\VDIM-OPERATING-SYSTEM-IMPLEMENTATION-PLAN.md","4"
"knowledge",".md","1988","2026-08-01T13:04:47.4613171-04:00","2D808B4322DC699E0BD2D44254EDEE45F51AA066923B14089536CE987EC2F129","C:\Users\funny\Documents\AgentBridge-worktrees\gasper-vec901-903-proof-prep-20260801","artifacts\vdim-os\VDIM-CLOSEOUT.md","4"
"knowledge",".md","1474","2026-08-01T13:04:47.4281966-04:00","67ECE966A2203F4F988E0CBA8DC2DC9CAFD1A2C803CB52EA5E54AAD586ACC35B","C:\Users\funny\Documents\AgentBridge-worktrees\gasper-vec901-903-proof-prep-20260801","artifacts\terminal-pilot\architecture.md","4"
"knowledge",".md","4444","2026-08-01T13:04:47.4271912-04:00","D9EC42F51254C9AA9360A08B31C670C284F70D2DCE77FF03003C6B1C85C8D648","C:\Users\funny\Documents\AgentBridge-worktrees\gasper-vec901-903-proof-prep-20260801","artifacts\terminal-pilot\SUMMARY.md","4"
"knowledge",".txt","155","2026-08-01T13:04:47.4031371-04:00","F84AD939494A113F50BE9C16E7D8EE457D857D095BB4BE64152DF4F31C8A9C6E","C:\Users\funny\Documents\AgentBridge-worktrees\gasper-vec901-903-proof-prep-20260801","artifacts\pc-fabric-convergence-001\baseline\git-worktrees.txt","4"
"knowledge",".txt","3415","2026-08-01T13:04:47.4011379-04:00","6A500D017B2FD9DF07F50042705393E38E794F68B66DCD45E7355CEED7946566","C:\Users\funny\Documents\AgentBridge-worktrees\gasper-vec901-903-proof-prep-20260801","artifacts\pc-fabric-convergence-001\baseline\git-status.txt","4"
"knowledge",".md","3799","2026-08-01T13:04:47.3892655-04:00","D63B47DDFD625D2F86B4DFCE29BC6D5A930565FDB0254A0841CAF5702010686D","C:\Users\funny\Documents\AgentBridge-worktrees\gasper-vec901-903-proof-prep-20260801","artifacts\operating-system-upgrade\OS-UPGRADE-001A-FEDERATION-BASELINE.md","4"
"knowledge",".md","30003","2026-08-01T13:04:47.3857569-04:00","DF8A1175CBEC342AC1FAF8A585A978E44AEBDC674E431530E0DE86E788635A4F","C:\Users\funny\Documents\AgentBridge-worktrees\gasper-vec901-903-proof-prep-20260801","artifacts\operating-system-upgrade\HQ-TRIFORCE-OPERATING-SYSTEM-UPGRADE-ULTRABOOK.md","4"
"knowledge",".md","692","2026-08-01T13:04:47.3837377-04:00","F868B5FA6897B73E9B33E51C1FC2C551932E91A2DE01BEA02DC147CE00E3E6CC","C:\Users\funny\Documents\AgentBridge-worktrees\gasper-vec901-903-proof-prep-20260801","artifacts\mcp-hq-gasper-rapid-pilot\mcp-hq-gasper-rapid-pilot\proofs\W4-GASPER-HARDENING.md","4"
"knowledge",".md","495","2026-08-01T13:04:47.3787240-04:00","DC389252A02250F1AD74D318257B4856F141E2CD558C7D6F5C8958D00AE9727F","C:\Users\funny\Documents\AgentBridge-worktrees\gasper-vec901-903-proof-prep-20260801","artifacts\mcp-hq-gasper-rapid-pilot\mcp-hq-gasper-rapid-pilot\WAVE-STATUS.md","4"
"knowledge",".md","1283","2026-08-01T13:04:47.3772185-04:00","790372853B19F6C92040AA4BE19DA25BA142359ACEEB0EC75D3F0F4C43301103","C:\Users\funny\Documents\AgentBridge-worktrees\gasper-vec901-903-proof-prep-20260801","artifacts\mcp-hq-gasper-rapid-pilot\mcp-hq-gasper-rapid-pilot\W0-FIRST-GATE-STATUS.md","4"
"knowledge",".md","2805","2026-08-01T13:04:47.3737100-04:00","49E87FDDAF3A253BA8D1A05CF2B18DC219DB5B872D675BD959D5DE2FDE56370A","C:\Users\funny\Documents\AgentBridge-worktrees\gasper-vec901-903-proof-prep-20260801","artifacts\mcp-hq-gasper-rapid-pilot\mcp-hq-gasper-rapid-pilot\MCP-HQ-GASPER-RAPID-PILOT-ENGINEERING-PLAN.md","4"
"knowledge",".md","1563","2026-08-01T13:04:47.3619795-04:00","4C1D39877B977D3690C30D65111FE19A0D010EDF6458E6244945769A517B544F","C:\Users\funny\Documents\AgentBridge-worktrees\gasper-vec901-903-proof-prep-20260801","artifacts\hyperthread\plans\AGENTBRIDGE-PC-FABRIC-CONVERGENCE-001-intent.md","4"
"knowledge",".txt","15325","2026-08-01T13:04:47.3024335-04:00","EA620471C69C93C7DE56466B8F68817264D160BBB8DDAF3681081C05DC8369E1","C:\Users\funny\Documents\AgentBridge-worktrees\gasper-vec901-903-proof-prep-20260801","artifacts\hyperthread\evidence\GASPER-VISION-COMPLETION-2026-07-31\task2-tss0\telemetry-seams.txt","3"
"knowledge",".txt","27313","2026-08-01T13:04:47.3014312-04:00","169C0D851EE90A2ABA8302FF25C3A0D529FD5CF88813F99475E4E7FCA34143BF","C:\Users\funny\Documents\AgentBridge-worktrees\gasper-vec901-903-proof-prep-20260801","artifacts\hyperthread\evidence\GASPER-VISION-COMPLETION-2026-07-31\task2-tss0\svg-tss-source.txt","3"
"knowledge",".txt","16984","2026-08-01T13:04:47.3004279-04:00","7E110879C68E7DFF6CE081AF556EDB7208DECB240C621F2F22DD073E8A9F99A6","C:\Users\funny\Documents\AgentBridge-worktrees\gasper-vec901-903-proof-prep-20260801","artifacts\hyperthread\evidence\GASPER-VISION-COMPLETION-2026-07-31\task2-tss0\runtime-api-source.txt","3"
"knowledge",".txt","38077","2026-08-01T13:04:47.2839141-04:00","1E4F072688C4FA6F5DB6717D42422D4D09782AB9DE45A216CEE7919768DAE34B","C:\Users\funny\Documents\AgentBridge-worktrees\gasper-vec901-903-proof-prep-20260801","artifacts\hyperthread\evidence\GASPER-VISION-COMPLETION-2026-07-31\task2-tss0\live-coeff-seams.txt","3"
"knowledge",".txt","111","2026-08-01T13:04:47.2839141-04:00","8149526FCFC209E5AAAE377A340B1CEF487DDA7C39B869284C0D36A42171DA4D","C:\Users\funny\Documents\AgentBridge-worktrees\gasper-vec901-903-proof-prep-20260801","artifacts\hyperthread\evidence\GASPER-VISION-COMPLETION-2026-07-31\task2-tss0\matched-files.txt","3"
"knowledge",".txt","5172","2026-08-01T13:04:47.2819152-04:00","A79889B33B99ED8977E4A03D1D85355BE82574F75A3EC9C35D5E01F8224729BA","C:\Users\funny\Documents\AgentBridge-worktrees\gasper-vec901-903-proof-prep-20260801","artifacts\hyperthread\evidence\GASPER-VISION-COMPLETION-2026-07-31\task2-tss0\light-rig-write-source.txt","3"
"knowledge",".txt","3494","2026-08-01T13:04:47.2804081-04:00","15D7E68DF770E4707F6CF784B366F769EBBF5D67A865D438ACB18FA384D905C8","C:\Users\funny\Documents\AgentBridge-worktrees\gasper-vec901-903-proof-prep-20260801","artifacts\hyperthread\evidence\GASPER-VISION-COMPLETION-2026-07-31\task2-tss0\frame-metrics-source.txt","3"
"knowledge",".txt","1367","2026-08-01T13:04:47.2611607-04:00","FEED4554DD72A31A5A745C78F120C1B4B10859A1F9BC6A871F37BEE6CBA459E8","C:\Users\funny\Documents\AgentBridge-worktrees\gasper-vec901-903-proof-prep-20260801","artifacts\hyperthread\evidence\GASPER-VISION-COMPLETION-2026-07-31\task0-baseline\worker-tss0-history.txt","3"
"knowledge",".txt","863","2026-08-01T13:04:47.2601233-04:00","4A814E1F95695A7A949D9706720181AA6F18B52F3FBA077E8A87E9126D738B1F","C:\Users\funny\Documents\AgentBridge-worktrees\gasper-vec901-903-proof-prep-20260801","artifacts\hyperthread\evidence\GASPER-VISION-COMPLETION-2026-07-31\task0-baseline\worker-status.txt","3"
"knowledge",".txt","122","2026-08-01T13:04:47.2556015-04:00","E64FB98206BC846984A1E4A027868600F955D8BE9801A9F1B6B092E9BAF6E9CB","C:\Users\funny\Documents\AgentBridge-worktrees\gasper-vec901-903-proof-prep-20260801","artifacts\hyperthread\evidence\GASPER-VISION-COMPLETION-2026-07-31\task0-baseline\main-tss0-uncommitted-stat.txt","3"
"knowledge",".txt","1379","2026-08-01T13:04:47.2540877-04:00","BD466B9AB8F2DD710B4E2BDDA62769A78A1172014E8F9AEA8A9764B93B990C1A","C:\Users\funny\Documents\AgentBridge-worktrees\gasper-vec901-903-proof-prep-20260801","artifacts\hyperthread\evidence\GASPER-VISION-COMPLETION-2026-07-31\task0-baseline\main-status.txt","3"
"knowledge",".txt","41","2026-08-01T13:04:47.2402994-04:00","9FFFA6BD761D8EEE93C2DB508A5AA787653DDB0679B5CCD1D734F68010CC26E0","C:\Users\funny\Documents\AgentBridge-worktrees\gasper-vec901-903-proof-prep-20260801","artifacts\hyperthread\evidence\GASPER-VECTOR-ORGANISM-COMPLETION-2026-07-31\VEC-401\start-head.txt","6"
"knowledge",".txt","2618","2026-08-01T13:04:47.2357858-04:00","B9778C437255976D44617E8C32D4E8E6400BA1A7B4BF449A38F5994F57C41AC5","C:\Users\funny\Documents\AgentBridge-worktrees\gasper-vec901-903-proof-prep-20260801","artifacts\hyperthread\evidence\GASPER-VECTOR-ORGANISM-COMPLETION-2026-07-31\VEC-401\ending-status.txt","3"
"knowledge",".txt","465","2026-08-01T13:04:47.2342821-04:00","F3AB000B83A734CB41715DC2EC58AC83FB0F64ED938E1F85F7DD52CC10917C7E","C:\Users\funny\Documents\AgentBridge-worktrees\gasper-vec901-903-proof-prep-20260801","artifacts\hyperthread\evidence\GASPER-VECTOR-ORGANISM-COMPLETION-2026-07-31\VEC-401\diff-stat.txt","3"
"knowledge",".txt","2410","2026-08-01T13:04:47.2103300-04:00","FC7DEEF280119F29BDF47C4162DA434596790E73585C1EAA8D6FD9536736E6C0","C:\Users\funny\Documents\AgentBridge-worktrees\gasper-vec901-903-proof-prep-20260801","artifacts\hyperthread\evidence\GASPER-VECTOR-ORGANISM-COMPLETION-2026-07-31\VEC-301\ending-status.txt","3"
"knowledge",".txt","663","2026-08-01T13:04:47.2088254-04:00","0282A2C63777A025E02890BD23C0334CD32601C8365AEAAE628DABA71F49CC06","C:\Users\funny\Documents\AgentBridge-worktrees\gasper-vec901-903-proof-prep-20260801","artifacts\hyperthread\evidence\GASPER-VECTOR-ORGANISM-COMPLETION-2026-07-31\VEC-301\diff-stat.txt","3"
"knowledge",".txt","42","2026-08-01T13:04:47.2057680-04:00","34FCE39C8AA14B16CA5029E3519EDFE60B3983B1AE45FC0D5E1F3E4E63790375","C:\Users\funny\Documents\AgentBridge-worktrees\gasper-vec901-903-proof-prep-20260801","artifacts\hyperthread\evidence\GASPER-VECTOR-ORGANISM-COMPLETION-2026-07-31\VEC-201\start-head.txt","3"
"knowledge",".txt","2314","2026-08-01T13:04:47.2007536-04:00","D446FF8BCF17B69D2E11DDF9282F1A4B7C35F5A632DA620B0B2530BFF6E44A15","C:\Users\funny\Documents\AgentBridge-worktrees\gasper-vec901-903-proof-prep-20260801","artifacts\hyperthread\evidence\GASPER-VECTOR-ORGANISM-COMPLETION-2026-07-31\VEC-201\ending-status.txt","3"
"knowledge",".txt","260","2026-08-01T13:04:47.1996279-04:00","6CA2DCBB24D06F9E140A245FE94CE433BF1F22FF84C0DF380FBEC266DF8258FD","C:\Users\funny\Documents\AgentBridge-worktrees\gasper-vec901-903-proof-prep-20260801","artifacts\hyperthread\evidence\GASPER-VECTOR-ORGANISM-COMPLETION-2026-07-31\VEC-201\diff-stat.txt","3"
"knowledge",".txt","2668","2026-08-01T13:04:47.1695006-04:00","48B5CCEF39CA442F152122EC8E049DDA4F3CEE8A72B3FC14BA695ADBAB5CB63A","C:\Users\funny\Documents\AgentBridge-worktrees\gasper-vec901-903-proof-prep-20260801","artifacts\hyperthread\evidence\GASPER-VECTOR-ORGANISM-COMPLETION-2026-07-31\VEC-101\ending-status.txt","3"
"knowledge",".txt","2784","2026-08-01T13:04:47.1464704-04:00","B0A12699440D55924847BCBE1F71ECF4066E9F50DC0CACC7B067461EA6D918AB","C:\Users\funny\Documents\AgentBridge-worktrees\gasper-vec901-903-proof-prep-20260801","artifacts\hyperthread\evidence\GASPER-VECTOR-ORGANISM-COMPLETION-2026-07-31\VEC-000\raster-inventory.txt","3"
"knowledge",".txt","7638","2026-08-01T13:04:47.1434329-04:00","D84AC4B82BBE07381B4240632BEEC6A53572838FEA9C4277F6D0802E107509B0","C:\Users\funny\Documents\AgentBridge-worktrees\gasper-vec901-903-proof-prep-20260801","artifacts\hyperthread\evidence\GASPER-VECTOR-ORGANISM-COMPLETION-2026-07-31\VEC-000\git-status.txt","3"
"knowledge",".txt","3197","2026-08-01T13:04:46.9973839-04:00","1114CB9E74DBCB35F2744245BD30C634DAE6C4D1F7B68802C8E8E0CA58CEAEC0","C:\Users\funny\Documents\AgentBridge-worktrees\gasper-vec901-903-proof-prep-20260801","artifacts\hq-native-app-absorption\integration-conductor-prompt.txt","4"
"knowledge",".md","1905","2026-08-01T13:04:39.9679047-04:00","07440818BE80E2305349C0B7D902627813F7EA326CC8276D7D1F37A7191E83B4","C:\Users\funny\Documents\AgentBridge-worktrees\gasper-vec901-903-proof-prep-20260801","artifacts\gasper-release-closure\RELEASE-FREEZE.md","4"
"knowledge",".md","459","2026-08-01T13:04:14.6072461-04:00","698DE7673AB788D98358B67604973570F9F3242BAAAC526A6E55A37AEDD675FD","C:\Users\funny\Documents\AgentBridge-worktrees\gasper-vec901-903-proof-prep-20260801","artifacts\gasper-completion\owner-review\2026-07-22-031931\README.md","4"
"knowledge",".txt","537","2026-08-01T13:04:14.5881509-04:00","082A3C511460F97DEA2B7CE6EE92F3CE4420F639CCD388A099D8D18F3E3ED3C2","C:\Users\funny\Documents\AgentBridge-worktrees\gasper-vec901-903-proof-prep-20260801","artifacts\gasper-completion\oath-correction\dais-studio\REVIEW_FIX_NOTES.txt","4"
"knowledge",".txt","1077","2026-08-01T13:04:14.5871449-04:00","05117B19766145D285CA38F7F878CC85D38E796FA595EE12B59821B3AEA6A157","C:\Users\funny\Documents\AgentBridge-worktrees\gasper-vec901-903-proof-prep-20260801","artifacts\gasper-completion\oath-correction\dais-studio\PRESENTATION_NOTES.txt","4"
"knowledge",".md","4124","2026-08-01T13:04:14.5856359-04:00","F1537AA4EDCE3D75B1AD3F9E2AB2E52DABB51645771288110C3DAD106C9D385C","C:\Users\funny\Documents\AgentBridge-worktrees\gasper-vec901-903-proof-prep-20260801","artifacts\gasper-completion\oath-correction\character-eight-state\reviewers\reviewer-tests.md","4"
"knowledge",".md","4077","2026-08-01T13:04:14.5836349-04:00","2DC06196F410FEC422145A5EB0F32EAF7C59C2F080C2287218476A6918CDCD6C","C:\Users\funny\Documents\AgentBridge-worktrees\gasper-vec901-903-proof-prep-20260801","artifacts\gasper-completion\oath-correction\character-eight-state\reviewers\reviewer-general.md","4"
"knowledge",".md","4837","2026-08-01T13:04:14.5816359-04:00","CEA4E73C06887AC8C6666CBB70C257F928D0284D613CE0AA5208C18AF671270A","C:\Users\funny\Documents\AgentBridge-worktrees\gasper-vec901-903-proof-prep-20260801","artifacts\gasper-completion\oath-correction\character-eight-state\IMPLEMENTATION_NOTES.md","4"
"knowledge",".txt","1762","2026-08-01T13:04:14.5766211-04:00","3E8BAE31A09BE81AE5E164EBCB97AE8A7BADCE6A8924F7F65921BBD804CAB87C","C:\Users\funny\Documents\AgentBridge-worktrees\gasper-vec901-903-proof-prep-20260801","artifacts\gasper-completion\oath-correction-r4\optical-legibility\optical-trace.txt","4"
"knowledge",".txt","847","2026-08-01T13:04:14.5756162-04:00","0C8B21A32C594E887F0DB66A95B54DC6DC1B56043376DBA8A0CD855ED0DCB685","C:\Users\funny\Documents\AgentBridge-worktrees\gasper-vec901-903-proof-prep-20260801","artifacts\gasper-completion\oath-correction-r4\optical-legibility\invariants.txt","4"
"knowledge",".md","10741","2026-08-01T13:04:14.3852728-04:00","01D0CE26BF7F6166F26D0096A1CFF620B59924FFBF64C709260BAE6A5F6CB2B6","C:\Users\funny\Documents\AgentBridge-worktrees\gasper-vec901-903-proof-prep-20260801","artifacts\gasper-completion\oath-correction-r3\production-authority\reviewer-B-qa.md","4"
"knowledge",".md","4754","2026-08-01T13:04:14.3847680-04:00","B2998FE3D11E5470F6745176519ED8FDB29ED0BD787A01BD48CFFA864DEE8DF3","C:\Users\funny\Documents\AgentBridge-worktrees\gasper-vec901-903-proof-prep-20260801","artifacts\gasper-completion\oath-correction-r3\production-authority\reviewer-B-qa-r2.md","4"
"knowledge",".md","3831","2026-08-01T13:04:14.3837677-04:00","BBE837371EA6F864069BEC07BEEAFAAE25E238E470063B9F544F9AD26C0AE4C9","C:\Users\funny\Documents\AgentBridge-worktrees\gasper-vec901-903-proof-prep-20260801","artifacts\gasper-completion\oath-correction-r3\production-authority\reviewer-A-systems.md","4"
"knowledge",".md","5249","2026-08-01T13:04:14.3827030-04:00","EB9CD6E88B7E25CBCCC6269782DDF805B33C05DFD6EB5BB2CF1D1BBA3192DEB6","C:\Users\funny\Documents\AgentBridge-worktrees\gasper-vec901-903-proof-prep-20260801","artifacts\gasper-completion\oath-correction-r3\production-authority\reviewer-A-systems-r2.md","4"
"knowledge",".txt","39","2026-08-01T13:04:14.3352980-04:00","5DFA660DE96F5F4A3E6920492C33BBA1744A3A428CBB2574CF4ACD1143D1A205","C:\Users\funny\Documents\AgentBridge-worktrees\gasper-vec901-903-proof-prep-20260801","artifacts\gasper-completion\oath-correction-r3\integration-recapture\CAPTURE_ITERATION.txt","4"
"knowledge",".txt","3331","2026-08-01T13:04:14.3257821-04:00","2277C019A112CDE9B752E7DF1A690253B8E5C409D0D099D43424FA444DA9E64C","C:\Users\funny\Documents\AgentBridge-worktrees\gasper-vec901-903-proof-prep-20260801","artifacts\gasper-completion\oath-correction-r2\rendered-authority\RECOVERY_GOAL.txt","4"
"knowledge",".txt","3321","2026-08-01T13:04:14.3227011-04:00","1DA043DBFB09009995E99030932E683CC6F2EC8C902F2A0F59F63199F8D3E61B","C:\Users\funny\Documents\AgentBridge-worktrees\gasper-vec901-903-proof-prep-20260801","artifacts\gasper-completion\oath-correction-r2\facial-binding\RECOVERY_GOAL.txt","4"
"knowledge",".md","1776","2026-08-01T13:04:14.3081092-04:00","4850962073A0CB07D28950E281F46894147FAE0120D3B31E2B2B82A9CBCE2CE2","C:\Users\funny\Documents\AgentBridge-worktrees\gasper-vec901-903-proof-prep-20260801","artifacts\gasper-completion\oath-correction-r2\embodiment-binding\reviewers\reviewer-b.md","4"
"knowledge",".md","2215","2026-08-01T13:04:14.3066041-04:00","2D3834C59CA9CDD1FCC83D1CA9E0763A7831A201BAA1271C4BDA9E38A707E807","C:\Users\funny\Documents\AgentBridge-worktrees\gasper-vec901-903-proof-prep-20260801","artifacts\gasper-completion\oath-correction-r2\embodiment-binding\reviewers\reviewer-a.md","4"
"knowledge",".txt","3212","2026-08-01T13:04:14.3040928-04:00","B3C29E1712668099F3AB5F63EC1D1F9FA914660B50BA1D614A0FCC1CBAF19301","C:\Users\funny\Documents\AgentBridge-worktrees\gasper-vec901-903-proof-prep-20260801","artifacts\gasper-completion\oath-correction-r2\embodiment-binding\RECOVERY_GOAL.txt","4"
"knowledge",".md","606","2026-08-01T13:04:14.1194951-04:00","893CA6A2D3A9F1BF4860E888ECAAC54C794778242C5922A2309CFF4B69FED1AC","C:\Users\funny\Documents\AgentBridge-worktrees\gasper-vec901-903-proof-prep-20260801","artifacts\gasper-completion\native-goals\visual-acceptance\DISPOSITION_OPEN.md","4"
"knowledge",".md","894","2026-08-01T13:04:14.1111488-04:00","89621DCEF9ACFBB2CA78432FE0C00216ED746EDAD5F4DFF4C8E816CB851EF674","C:\Users\funny\Documents\AgentBridge-worktrees\gasper-vec901-903-proof-prep-20260801","artifacts\gasper-completion\native-goals\visual-acceptance\CODY_REVIEW_CHECKLIST.md","4"
"knowledge",".txt","9361","2026-08-01T13:04:14.1101447-04:00","A39E355306BDD571588B320048B3F60E0723DC2114BB8FB3A752FB7A53858DAC","C:\Users\funny\Documents\AgentBridge-worktrees\gasper-vec901-903-proof-prep-20260801","artifacts\gasper-completion\native-goals\visual-acceptance\CAPTURE_LOG.txt","4"
"knowledge",".txt","65","2026-08-01T13:04:14.0713115-04:00","02CFFF2D73F4663234F208008E5CF59F28E72A920455858C381EEE6C597524EB","C:\Users\funny\Documents\AgentBridge-worktrees\gasper-vec901-903-proof-prep-20260801","artifacts\gasper-completion\native-goals\headed-multiframe\EXE_SHA256.txt","8"
"knowledge",".txt","65","2026-08-01T13:04:14.0564979-04:00","E588E5B1B32B3D694D62E1037E8181448AE4A6BF2BAC9816BC189FF691F7B9DA","C:\Users\funny\Documents\AgentBridge-worktrees\gasper-vec901-903-proof-prep-20260801","artifacts\gasper-007-h-convergence\RESEARCH_PACKET_SHA256.txt","4"
"knowledge",".md","1574","2026-08-01T13:04:13.8674014-04:00","62743038D7EBCBDBB95D524369D4BCCDA4CC9E98AAEDA2BD9E6BF79848D7A955","C:\Users\funny\Documents\AgentBridge-worktrees\gasper-vec901-903-proof-prep-20260801","artifacts\gasper-007-g-eight-state-loop\STATE_SYSTEM\COMPILER_TRACE.md","4"
"knowledge",".md","6602","2026-08-01T13:04:13.1575219-04:00","7739DC3CAD4BB0B602AB701A244F4340DB4DFC3C6C945C44FDA571649D0D5BA4","C:\Users\funny\Documents\AgentBridge-worktrees\gasper-vec901-903-proof-prep-20260801","artifacts\designops\studio-ux-ingredients-0.1\INGREDIENTS.md","4"
"knowledge",".md","2596","2026-08-01T13:04:13.1417567-04:00","CE694E9AB8E8429BD51D92E68D5F4F26DCAB35EE879E4D71E9735A89365BB7B0","C:\Users\funny\Documents\AgentBridge-worktrees\gasper-vec901-903-proof-prep-20260801","artifacts\designops\studio-grok-rework-0.1\RUN.md","4"
"knowledge",".md","186","2026-08-01T13:04:13.1263629-04:00","150BFB91AAFF95442788F73438B0DADE36F2D31F2F64CF0EFADE1F93407C6D72","C:\Users\funny\Documents\AgentBridge-worktrees\gasper-vec901-903-proof-prep-20260801","artifacts\designops\studio-cartography-2.1\cartography\studio.main\CAPTURE.md","4"
"knowledge",".md","895","2026-08-01T13:04:13.1248532-04:00","68A496BDBB380810975D28212B96DB0166624CD5342B3F77DDAB5E178C81C6A0","C:\Users\funny\Documents\AgentBridge-worktrees\gasper-vec901-903-proof-prep-20260801","artifacts\designops\studio-cartography-2.1\SUMMARY.md","4"
"knowledge",".md","622","2026-08-01T13:04:13.1238527-04:00","68367DCCA1AD6EAB71F0D8D68A97AB8A5B4EDFB9C63E2C3920DDFBD3A573B087","C:\Users\funny\Documents\AgentBridge-worktrees\gasper-vec901-903-proof-prep-20260801","artifacts\designops\studio-cartography-2.1\RUN.md","4"
"knowledge",".md","1412","2026-08-01T13:04:13.1218522-04:00","69544623DD03B78233F52711C0DCCB376BA774DC9C36F2C38B3EB72D71AF75DE","C:\Users\funny\Documents\AgentBridge-worktrees\gasper-vec901-903-proof-prep-20260801","artifacts\designops\sidekick-studio-0.5\TIMELINE_STATE_GRAPH.md","4"
"knowledge",".md","2830","2026-08-01T13:04:13.1208458-04:00","061F6363C84247A29ABC57C1178D088A772436A98C7F2F210141542CBC165DF5","C:\Users\funny\Documents\AgentBridge-worktrees\gasper-vec901-903-proof-prep-20260801","artifacts\designops\sidekick-studio-0.5\RUN.md","4"
"knowledge",".md","1069","2026-08-01T13:04:13.1203415-04:00","8BD22F39A0EA5AFD63906F4DDFAD56201DD8EF991B8150625E546EE150BF58FA","C:\Users\funny\Documents\AgentBridge-worktrees\gasper-vec901-903-proof-prep-20260801","artifacts\designops\sidekick-studio-0.5\MATERIAL_LIGHTING.md","4"
"knowledge",".md","1413","2026-08-01T13:04:13.1188376-04:00","0F048A5F46E16FC178E8A525F60862B6D825AB367C82BD8C051462D31560A6A7","C:\Users\funny\Documents\AgentBridge-worktrees\gasper-vec901-903-proof-prep-20260801","artifacts\designops\sidekick-studio-0.5\COMPARE_AND_LAYOUT.md","4"
"knowledge",".md","658","2026-08-01T13:04:13.1168341-04:00","71F6202C486BDD8D20481EE0473DA376E3A10782A592F6CAD3B9266665A71EFF","C:\Users\funny\Documents\AgentBridge-worktrees\gasper-vec901-903-proof-prep-20260801","artifacts\designops\sidekick-studio-0.5.9\RUN.md","4"
"knowledge",".md","904","2026-08-01T13:04:13.1168341-04:00","BA5E530AE306C57391ABDF83DAA7264B69D0C543642A93BD8449E3D7B3930F9E","C:\Users\funny\Documents\AgentBridge-worktrees\gasper-vec901-903-proof-prep-20260801","artifacts\designops\sidekick-studio-0.5.8\RUN.md","4"
"knowledge",".md","747","2026-08-01T13:04:13.1158293-04:00","37A08731833FD70A8AA2274AD272D2C61B05508263DA554C0789FCF220C9C66D","C:\Users\funny\Documents\AgentBridge-worktrees\gasper-vec901-903-proof-prep-20260801","artifacts\designops\sidekick-studio-0.5.7\RUN.md","4"
"knowledge",".md","656","2026-08-01T13:04:13.1143252-04:00","B5B523291959AF68B7B9125AFB9B44A2D5B88C6465EB6D163F28BA54355B269F","C:\Users\funny\Documents\AgentBridge-worktrees\gasper-vec901-903-proof-prep-20260801","artifacts\designops\sidekick-studio-0.5.6\RUN.md","4"
"knowledge",".md","651","2026-08-01T13:04:13.1133239-04:00","24DC02BE4EE0DA14C5BAD12DB30A1438B425B44D0A6CB3BD33911302AE4F334C","C:\Users\funny\Documents\AgentBridge-worktrees\gasper-vec901-903-proof-prep-20260801","artifacts\designops\sidekick-studio-0.5.5\RUN.md","4"
"knowledge",".md","1738","2026-08-01T13:04:13.1123243-04:00","784834A8E49010A09D0F55C7345DE67CA24C0D92B181260067CC219190591BF3","C:\Users\funny\Documents\AgentBridge-worktrees\gasper-vec901-903-proof-prep-20260801","artifacts\designops\sidekick-studio-0.5.4\RUN.md","4"
"knowledge",".md","1380","2026-08-01T13:04:13.1087982-04:00","3B906CD6BECE519EB5B6C0B5B2C3B153BD04FBCBE63F76289974467433E9692A","C:\Users\funny\Documents\AgentBridge-worktrees\gasper-vec901-903-proof-prep-20260801","artifacts\designops\sidekick-studio-0.4\MODE2_DEFORMERS.md","4"
"knowledge",".md","1883","2026-08-01T13:04:13.1087982-04:00","A3DD0BAE2184E794557074D9420C91D1A9E324E667F93F4B58350C40D51C4323","C:\Users\funny\Documents\AgentBridge-worktrees\gasper-vec901-903-proof-prep-20260801","artifacts\designops\sidekick-studio-0.4\RUN.md","4"
"knowledge",".md","513","2026-08-01T13:04:13.1087982-04:00","FF5D195D7299772BCE157661B54DFFEA467403C608C17204423A75E06CDE5B35","C:\Users\funny\Documents\AgentBridge-worktrees\gasper-vec901-903-proof-prep-20260801","artifacts\designops\sidekick-studio-0.4\MATERIAL_MORPH_MODES.md","4"
"knowledge",".md","837","2026-08-01T13:04:13.1082939-04:00","0030A8A543E512FB4412B0708F49EDA6917DF5713775E029AAC9290AEFE17613","C:\Users\funny\Documents\AgentBridge-worktrees\gasper-vec901-903-proof-prep-20260801","artifacts\designops\sidekick-studio-0.4\FACE_MESH_MODES.md","4"
"knowledge",".md","2337","2026-08-01T13:04:13.1072945-04:00","EDC8845833F54C78B899D7E521C717950517A13A199249CD68900A9D0DA84E67","C:\Users\funny\Documents\AgentBridge-worktrees\gasper-vec901-903-proof-prep-20260801","artifacts\designops\sidekick-studio-0.4\DESIGN_SPEC.md","4"
"knowledge",".md","1156","2026-08-01T13:04:13.1072945-04:00","B63048FA8C9342EBE32685F0EAF0E715B98A1AD16E1742A8D7405E9E2F67DA8D","C:\Users\funny\Documents\AgentBridge-worktrees\gasper-vec901-903-proof-prep-20260801","artifacts\designops\sidekick-studio-0.4\DENSITY_PASS.md","4"
"knowledge",".md","999","2026-08-01T13:04:13.1062926-04:00","EDF45568D7973EC143E58983622A028C23852B52B16B562CD993FFBA6F1B58C4","C:\Users\funny\Documents\AgentBridge-worktrees\gasper-vec901-903-proof-prep-20260801","artifacts\designops\sidekick-studio-0.4\COMPARE_MODE.md","4"
"knowledge",".md","343","2026-08-01T13:04:13.1017851-04:00","F2D16E381088DA3C906FEA0B9C83B27276D3EFC3AE0ACFCAB31562A3188F64B2","C:\Users\funny\Documents\AgentBridge-worktrees\gasper-vec901-903-proof-prep-20260801","artifacts\designops\gasper-studio-total-cartography-2026-07-18\static-local\SUMMARY.md","4"
"knowledge",".md","1213","2026-08-01T13:04:13.0962759-04:00","21AD39A51F549A8CCD3741831D182AD7A6A6FABA44AA151AA6AA39B22EE3E8FF","C:\Users\funny\Documents\AgentBridge-worktrees\gasper-vec901-903-proof-prep-20260801","artifacts\designops\gasper-studio-total-cartography-2026-07-18\static-grok-phase5\SUMMARY.md","4"
"knowledge",".md","281","2026-08-01T13:04:13.0952717-04:00","700D80A26D840E77D1315AEB03FD2F27CFD8B1B146A84943828FA98FF77BC1F6","C:\Users\funny\Documents\AgentBridge-worktrees\gasper-vec901-903-proof-prep-20260801","artifacts\designops\gasper-studio-total-cartography-2026-07-18\static-grok-phase5\REPRO.md","4"
"knowledge",".md","735","2026-08-01T13:04:13.0942682-04:00","7C527B7311EE455D5F00C94C4FDADAF93C9853A7D0010B417059289713DA935C","C:\Users\funny\Documents\AgentBridge-worktrees\gasper-vec901-903-proof-prep-20260801","artifacts\designops\gasper-studio-total-cartography-2026-07-18\static-grok-phase5\METHOD.md","4"
"knowledge",".md","1826","2026-08-01T13:04:13.0902547-04:00","74281F020D7B44C8C1DC9396109A1F993E9B8BBC65D729E896BB7913CB21E59C","C:\Users\funny\Documents\AgentBridge-worktrees\gasper-vec901-903-proof-prep-20260801","artifacts\designops\gasper-studio-total-cartography-2026-07-18\static-grok-phase5\ARCHITECT_REVIEW.md","4"
"knowledge",".md","907","2026-08-01T13:04:13.0866550-04:00","CF60A0AEAB7E0627FA669E9544FC65B94EEA73AA80F877D311DEE7CCE20E1D89","C:\Users\funny\Documents\AgentBridge-worktrees\gasper-vec901-903-proof-prep-20260801","artifacts\designops\gasper-studio-total-cartography-2026-07-18\phase7\P1-AUTOMATION-AND-HASH.md","4"
"knowledge",".md","728","2026-08-01T13:04:13.0856491-04:00","C9E852AAF4CEC19180CA3DBC3F3EF999CA818C87C1D76CB99E5E9BCEDF83A93A","C:\Users\funny\Documents\AgentBridge-worktrees\gasper-vec901-903-proof-prep-20260801","artifacts\designops\gasper-studio-total-cartography-2026-07-18\phase7\P0-HIDDEN-LEGACY-FOCUS.md","4"
"knowledge",".md","4956","2026-08-01T13:04:13.0841428-04:00","BB558EC6F5D2BEB1E4454437BA20A9F18AB7B8711DE2F9BFC46E414963D3A266","C:\Users\funny\Documents\AgentBridge-worktrees\gasper-vec901-903-proof-prep-20260801","artifacts\designops\gasper-studio-total-cartography-2026-07-18\phase7\LANE_F_CODY_HEADED_CHECKLIST.md","4"
"knowledge",".md","1028","2026-08-01T13:04:13.0841428-04:00","CB73E954A3DF8C12E9A4FCE3CD23382E2627F007DBDE4B213C50D90D1974329A","C:\Users\funny\Documents\AgentBridge-worktrees\gasper-vec901-903-proof-prep-20260801","artifacts\designops\gasper-studio-total-cartography-2026-07-18\phase7\LANE_D_JOB_ONTOLOGY.md","4"
"knowledge",".md","1399","2026-08-01T13:04:13.0841428-04:00","49902472BF2DC1C464B7D0509C2FF34D35ABBBE740E121535DAA0B311D651BC4","C:\Users\funny\Documents\AgentBridge-worktrees\gasper-vec901-903-proof-prep-20260801","artifacts\designops\gasper-studio-total-cartography-2026-07-18\phase7\LANE_E_AFFECT_PROOF_PRODUCT.md","4"
"knowledge",".md","2548","2026-08-01T13:04:13.0831364-04:00","84E5253C9CB90F771BF64BBA2A73F522E37FB0C851998AAA3650F1C09E4F3B40","C:\Users\funny\Documents\AgentBridge-worktrees\gasper-vec901-903-proof-prep-20260801","artifacts\designops\gasper-studio-total-cartography-2026-07-18\phase7\LANE_A_B_C_CONVERGENCE.md","4"
"knowledge",".md","1134","2026-08-01T13:04:13.0815371-04:00","4F7C5FD152FE55944920B42B1F054F7C26DB395F9739DE4D51C36672D93B5708","C:\Users\funny\Documents\AgentBridge-worktrees\gasper-vec901-903-proof-prep-20260801","artifacts\designops\gasper-studio-total-cartography-2026-07-18\phase6\AMB-POSE-PARAM-REPAIR.md","4"
"knowledge",".md","1334","2026-08-01T13:04:13.0815371-04:00","87C6367109D5DF9CD583F0C0D5833E78F106C64D9AFFAC0EFE16D5954344B3F6","C:\Users\funny\Documents\AgentBridge-worktrees\gasper-vec901-903-proof-prep-20260801","artifacts\designops\gasper-studio-total-cartography-2026-07-18\phase6\AMB-UNDO-REPAIR.md","4"
"knowledge",".md","1018","2026-08-01T13:04:13.0804310-04:00","53E52CD94447EBCDE0DCB0C3566678286673E437AB785D3D4CCC2A6B5E00A7F5","C:\Users\funny\Documents\AgentBridge-worktrees\gasper-vec901-903-proof-prep-20260801","artifacts\designops\gasper-studio-total-cartography-2026-07-18\phase6\AMB-PLAYHEAD-REPAIR.md","4"
"knowledge",".md","3970","2026-08-01T13:04:13.0788603-04:00","09B57FCE732B85D5C1CC0C36AD3DAEE8A2008D69CCBFB5BC644B0EA77D1DEC39","C:\Users\funny\Documents\AgentBridge-worktrees\gasper-vec901-903-proof-prep-20260801","artifacts\designops\gasper-studio-total-cartography-2026-07-18\phase5\GROK_STATIC_ANALYSIS_ASSIGNMENT.md","4"
"knowledge",".md","1270","2026-08-01T13:04:13.0788603-04:00","DC7C14FBF159825BF831CE3AB3A5BC65ECC6E934378E3F05C1464B94DB09E5CF","C:\Users\funny\Documents\AgentBridge-worktrees\gasper-vec901-903-proof-prep-20260801","artifacts\designops\gasper-studio-total-cartography-2026-07-18\phase6\AMB-EMB-EXPR-REPAIR.md","4"
"knowledge",".md","18957","2026-08-01T13:04:13.0778542-04:00","D36EC378D39A640348D43DF49AA834C275B9D99E7E1462D32EDB5C1EA3C7DF23","C:\Users\funny\Documents\AgentBridge-worktrees\gasper-vec901-903-proof-prep-20260801","artifacts\designops\gasper-studio-total-cartography-2026-07-18\phase4\WORKFLOW_VISION_COMPARISON.md","4"
"knowledge",".md","1366","2026-08-01T13:04:13.0763493-04:00","EF95252C3F990F053B2244401A9B2CF6C444C80F05A010DDE1027122175D12F2","C:\Users\funny\Documents\AgentBridge-worktrees\gasper-vec901-903-proof-prep-20260801","artifacts\designops\gasper-studio-total-cartography-2026-07-18\phase4\PHASE4_SUMMARY.md","4"
"knowledge",".md","3042","2026-08-01T13:04:13.0763493-04:00","FB9F67E0DB0F39555C4B9E36BB8779B1BFA3CB0A6FB6F0FC7381F9FCCAB0DB8F","C:\Users\funny\Documents\AgentBridge-worktrees\gasper-vec901-903-proof-prep-20260801","artifacts\designops\gasper-studio-total-cartography-2026-07-18\phase3\RECOMMENDED_CANONICAL_COMMAND_ARCHITECTURE.md","4"
"knowledge",".md","1831","2026-08-01T13:04:13.0753438-04:00","3DB5C45E3B3163A783030BDE3EBB92B88C51541D5315A0C3F7CBF73B8FC47896","C:\Users\funny\Documents\AgentBridge-worktrees\gasper-vec901-903-proof-prep-20260801","artifacts\designops\gasper-studio-total-cartography-2026-07-18\phase3\PHASE3_SUMMARY.md","4"
"knowledge",".md","1954","2026-08-01T13:04:13.0748400-04:00","171576D7142428B924BDB1C6883068A345AF3BF51FC07CDDF2834C1E2DB5DDD7","C:\Users\funny\Documents\AgentBridge-worktrees\gasper-vec901-903-proof-prep-20260801","artifacts\designops\gasper-studio-total-cartography-2026-07-18\phase3\ORPHANED_HANDLERS_AND_COMMANDS.md","4"
"knowledge",".md","1819","2026-08-01T13:04:13.0733332-04:00","E8AD6BECC71E2585F58111283F8D4C1BE1167E4549DAAFA7E43AE381B12D9352","C:\Users\funny\Documents\AgentBridge-worktrees\gasper-vec901-903-proof-prep-20260801","artifacts\designops\gasper-studio-total-cartography-2026-07-18\phase3\DUPLICATE_STATE_OWNERS.md","4"
"knowledge",".md","5395","2026-08-01T13:04:13.0723287-04:00","1C20F48FD50E602A449459F66AD448CFCFBF4B9BD94049DE7650E1788C3915F1","C:\Users\funny\Documents\AgentBridge-worktrees\gasper-vec901-903-proof-prep-20260801","artifacts\designops\gasper-studio-total-cartography-2026-07-18\phase3\COMMAND_AUTHORITY_MATRIX.md","4"
"knowledge",".md","2199","2026-08-01T13:04:13.0708246-04:00","5E09460C1FF831E1FED632E2CBA9F19C7663719EB1D0463E38CB79EBA29DEFCF","C:\Users\funny\Documents\AgentBridge-worktrees\gasper-vec901-903-proof-prep-20260801","artifacts\designops\gasper-studio-total-cartography-2026-07-18\phase3\AUTHORITY_BYPASSES.md","4"
"knowledge",".md","3062","2026-08-01T13:04:12.9131902-04:00","5B8021F97E134889DDB312B11C58016A33B40AEC0A27A8B1BD9C11228E613708","C:\Users\funny\Documents\AgentBridge-worktrees\gasper-vec901-903-proof-prep-20260801","artifacts\designops\gasper-studio-total-cartography-2026-07-18\phase2\traversal\TRAVERSAL_REPORT.md","4"
"knowledge",".md","7559","2026-08-01T13:04:12.9106763-04:00","4D43415B4EDA393BBD6A896E9772122B036DB7DBB4BAC8CFF497833D90B1313E","C:\Users\funny\Documents\AgentBridge-worktrees\gasper-vec901-903-proof-prep-20260801","artifacts\designops\gasper-studio-total-cartography-2026-07-18\phase2\traversal\STUDIO_SURFACE_COVERAGE_MATRIX.md","4"
"knowledge",".md","8539","2026-08-01T13:04:12.8883452-04:00","460E45044C1E78D76A2428972C5303144DBAD219B7B0E81B196118405B93E61C","C:\Users\funny\Documents\AgentBridge-worktrees\gasper-vec901-903-proof-prep-20260801","artifacts\designops\gasper-studio-total-cartography-2026-07-18\phase2\bootstrap\LIVE_PROJECTION_BOOTSTRAP_PROOF.md","4"
"knowledge",".md","3010","2026-08-01T13:04:12.8873412-04:00","902633274C26C92DB9F4CBD6E8350F8D2FFEE2156E60858C108192663892D3B3","C:\Users\funny\Documents\AgentBridge-worktrees\gasper-vec901-903-proof-prep-20260801","artifacts\designops\gasper-studio-total-cartography-2026-07-18\phase2\TRAVERSAL_MANIFEST.md","4"
"knowledge",".md","4650","2026-08-01T13:04:12.8863401-04:00","8B4059A0B695DC509FDC8CCDAA222EBECA8A652852CEC897EB85F5E3E1BBD129","C:\Users\funny\Documents\AgentBridge-worktrees\gasper-vec901-903-proof-prep-20260801","artifacts\designops\gasper-studio-total-cartography-2026-07-18\phase1\REMAINING_DEFECT_LEDGER.md","4"
"knowledge",".md","1445","2026-08-01T13:04:12.8853348-04:00","5FC883574156C0FEC814EFFED6B384B85A7B03A5A20C160ECC7ABA19A1703853","C:\Users\funny\Documents\AgentBridge-worktrees\gasper-vec901-903-proof-prep-20260801","artifacts\designops\gasper-studio-total-cartography-2026-07-18\phase1\REGRESSION_COVERAGE_REPORT.md","4"
"knowledge",".md","3945","2026-08-01T13:04:12.8838298-04:00","5AADD8197007A3AB66C70388A59A0069781FDE3303389CEF0E26E869D1E76A2A","C:\Users\funny\Documents\AgentBridge-worktrees\gasper-vec901-903-proof-prep-20260801","artifacts\designops\gasper-studio-total-cartography-2026-07-18\phase1\PROJECTION_AUTHORITY_MAP.md","4"
"knowledge",".md","1968","2026-08-01T13:04:12.8838298-04:00","7A40FC92E6713852DD8C80958BE64ECB63C89472DC4BE34892425FF881EE8C87","C:\Users\funny\Documents\AgentBridge-worktrees\gasper-vec901-903-proof-prep-20260801","artifacts\designops\gasper-studio-total-cartography-2026-07-18\phase1\PHASE1_SUMMARY.md","4"
"knowledge",".md","3237","2026-08-01T13:04:12.8838298-04:00","4344550D28DEE34EF683810F48F4DD57A2E54F7C79ABB328FEF8E95DE7A16CD5","C:\Users\funny\Documents\AgentBridge-worktrees\gasper-vec901-903-proof-prep-20260801","artifacts\designops\gasper-studio-total-cartography-2026-07-18\phase1\HTTP_BRIDGE_CONTRACT.md","4"
"knowledge",".md","8252","2026-08-01T13:04:12.8557183-04:00","89A6C9781C94F1466D815A04BC2039D1F93E24DAA8DF651185F417604CEF986D","C:\Users\funny\Documents\AgentBridge-worktrees\gasper-vec901-903-proof-prep-20260801","artifacts\designops\gasper-studio-total-cartography-2026-07-18\alignment\ALIGNMENT_REPORT.md","4"
"knowledge",".md","6366","2026-08-01T13:04:12.8552143-04:00","171AEB0477572B46CF94A0F25DF3E7DBA57E78B925EC0E1638FB7D78CD6355B0","C:\Users\funny\Documents\AgentBridge-worktrees\gasper-vec901-903-proof-prep-20260801","artifacts\designops\gasper-studio-total-cartography-2026-07-18\VISION_ORACLE.md","4"
"knowledge",".md","4240","2026-08-01T13:04:12.8542128-04:00","F9F06D6218107E47C172EFBB2FEA7255AC12C3432EF1086427C10980B08AFC39","C:\Users\funny\Documents\AgentBridge-worktrees\gasper-vec901-903-proof-prep-20260801","artifacts\designops\gasper-studio-total-cartography-2026-07-18\SUMMARY.md","4"
"knowledge",".md","2132","2026-08-01T13:04:12.8532071-04:00","558FFB5C1B374E331EDABB09B532CDD6EED299FEB5388E909BEDFBCCAA29C29D","C:\Users\funny\Documents\AgentBridge-worktrees\gasper-vec901-903-proof-prep-20260801","artifacts\designops\gasper-studio-total-cartography-2026-07-18\README.md","4"
"knowledge",".md","4037","2026-08-01T13:04:12.8517009-04:00","A543B0C9BEF7C27AB82CAB0B417D4861A27E2128E5CA4C1B0358262291081BA9","C:\Users\funny\Documents\AgentBridge-worktrees\gasper-vec901-903-proof-prep-20260801","artifacts\designops\gasper-studio-total-cartography-2026-07-18\GROK_DISPATCH.md","4"
"knowledge",".md","3515","2026-08-01T13:04:12.8517009-04:00","CBC07AA14B9390A7F0855E019E1873DCAEB51B32A6A6574873A394E84636ABFC","C:\Users\funny\Documents\AgentBridge-worktrees\gasper-vec901-903-proof-prep-20260801","artifacts\designops\gasper-studio-total-cartography-2026-07-18\FINAL_CONVERGENCE_RECOMMENDATION.md","4"
"knowledge",".md","24174","2026-08-01T13:04:12.7964499-04:00","9EFCCE289235C5F775D8C463356E0DD1A5AF557106959B5210B7CB1FD648B516","C:\Users\funny\Documents\AgentBridge-worktrees\gasper-vec901-903-proof-prep-20260801","artifacts\designops\gasper-studio-first-principles-audit-2026-07-17\FIRST-PRINCIPLES-DESIGNOPS-AUDIT.md","4"
"knowledge",".md","8117","2026-08-01T13:04:12.7818863-04:00","90C1AD1487131D765C0CE5D7CAADEFC3700AD7733F34857DF17722CADFF63146","C:\Users\funny\Documents\AgentBridge-worktrees\gasper-vec901-903-proof-prep-20260801","artifacts\HANDOFF-2026-07-30.md","4"
"knowledge",".md","3754","2026-08-01T13:04:12.7808822-04:00","B1B4DCD86FA14A83FBA9027E0CD3BFE0F42F4B4FFD3FBEB4C34B029986FEFCA3","C:\Users\funny\Documents\AgentBridge-worktrees\gasper-vec901-903-proof-prep-20260801","README.md","4"
"knowledge",".md","1129","2026-08-01T13:04:12.7783794-04:00","358AB8ABFE3956A6F12BFFB485E2B21730EE2CDBB1B5C1871F7C6476CCB4B776","C:\Users\funny\Documents\AgentBridge-worktrees\gasper-vec901-903-proof-prep-20260801","AGENTS.md","4"
"knowledge",".yml","1100","2026-08-01T13:04:12.7566001-04:00","1389C6DAC353396F2A6178F631B3F9AAD74CFE035B3C2FF4AE0B55785D84A32E","C:\Users\funny\Documents\AgentBridge-worktrees\gasper-vec901-903-proof-prep-20260801",".github\workflows\ci.yml","4"
"knowledge",".txt","6581","2026-08-01T12:35:26.4488830-04:00","7E8185906ED44FB2D81DF3A9A5539F17F4929DA237612A8B2B7899D08BEA4892","C:\Users\funny\Documents\AgentBridge-worktrees\gasper-vec801-802-turbo-20260801",".vec801-methods.txt","1"
"knowledge",".txt","24821","2026-08-01T12:14:24.1414723-04:00","2FA1C48B1A4FA652DE5402EF03D63074C4BAE9EBA6FA01CB956CB7AEF9E3A2DC","C:\Users\funny\Documents\AgentBridge-worktrees\gasper-vec801-802-turbo-20260801",".vec802-scanner-sections.txt","1"
"knowledge",".md","3230","2026-08-01T12:12:59.7640692-04:00","40ADE55FC7EC1E8EE5A1819BAA8DEC93F68B0B440FD71F12141D6EDD1192A7EF","C:\Users\funny\Documents\AgentBridge-worktrees\gasper-vec801-802-turbo-20260801","docs\gasper\planbooks\VEC-801-802_CONTROLLER_DECOMPOSITION_AND_CLEANUP_EXECUTION_SPEC.md","1"
"knowledge",".md","2167","2026-07-31T03:03:04.0531315-04:00","166F64B6A4B2ED6F52F9A6927023686711770EE37D69364FDB2C0A79B29A75C1","C:\Users\funny\Documents\AgentBridge-worktrees\gasper-current-001","GASPER-SOURCE-BOUNDARY.md","1"
"knowledge",".txt","3112","2026-07-25T15:55:12.0134042-04:00","9B41D78480E917142190575F395C89755854B21D2508FCDCB23F8C7353D1617D","C:\Users\funny\Documents\gasper-reconciliation-recovery-2026-07-25","MANIFEST.txt","1"
"knowledge",".md","1605","2026-07-24T00:51:15.6051372-04:00","4581F219D4DADD416A88DC8FB074593F08266696EDEF381EB32B740C8BED8AAE","C:\Users\funny\Documents\RECOVERY-VAULT-GasperStudio-pre-reconcile-2026-07-26","README.md","1"
"knowledge",".txt","759","2026-07-23T01:22:17.1193879-04:00","5ACE7D6C0D518BE8467CA0F98F1D6405835A06FCBEE6DA21F425BF02C83F3B61","C:\Users\funny\Documents\Gasper-Baseline-Fallback-2026-07-22","ingested-audits\NOTE-about-large-files.txt","1"
"knowledge",".txt","488","2026-07-23T01:22:16.9226691-04:00","AE67C08172D1CBA1F4E53ECA52E3CDC5DB47B8D780CD96D95FCEA88B6CB19632","C:\Users\funny\Documents\Gasper-Baseline-Fallback-2026-07-22","ingested-audits\Gasper Manifold starter prompt.txt","1"
"knowledge",".md","1495","2026-07-23T01:22:16.8319348-04:00","BFB822B5A6DA4407CCA64E7CE5FD13280F95C9515900BB7BDD9D217619C5F0A1","C:\Users\funny\Documents\Gasper-Baseline-Fallback-2026-07-22","ingested-audits\MANIFOLD_EXECUTION_BLOCKER.md","1"
"knowledge",".md","3755","2026-07-23T01:22:16.5662443-04:00","7A3F098DD55262A98C4B0F05CA5D797F8562E8F972E2FEF423C573B31B2CE0D4","C:\Users\funny\Documents\Gasper-Baseline-Fallback-2026-07-22","RECEIPT.md","1"
"knowledge",".md","624","2026-07-17T00:51:06.9183469-04:00","9DD3FFF66F79D00E9DE6AF86CD1301E08D0AE4FCC57CE47CEA19972DA82C6B55","C:\Users\funny\Documents\RECOVERY-VAULT-GasperStudio-pre-reconcile-2026-07-26","packages\shared\src\gasper-performance\grammar\README.md","1"
"gasper_asset",".gasper","33206","2026-08-02T18:06:49.0000000-04:00","1F29CBC27E4CE052B54680E26BE599EBA75AC30707EC08E677E5988B34192016","C:\Users\funny\Documents\GasperStudio-migration-stage","packages\gasper-studio\public\demo\gasper-hero-pack-v1\documents\05-presence-to-singularity.gasper","9"
"gasper_asset",".gasper","192980","2026-08-02T18:06:49.0000000-04:00","5B5024642A28028DB9480D992275649E859FB3EDE4FEA6819A2534029D97CA8B","C:\Users\funny\Documents\GasperStudio-migration-stage","packages\gasper-studio\public\demo\gasper-hero-pack-v1\documents\10-showcase-project.gasper","9"
"gasper_asset",".gasper","18544","2026-08-02T18:06:49.0000000-04:00","333E7D5CFD3C57584F1341847E444E004CED923D5E7D346203C2478E417D66CE","C:\Users\funny\Documents\GasperStudio-migration-stage","packages\gasper-studio\public\demo\gasper-hero-pack-v1\documents\07-dormant-orbit-wake.gasper","9"
"gasper_asset",".gasper","162198","2026-08-02T18:06:49.0000000-04:00","B228022297BFADE9D7DFE705E8A4A2F099C5FBBCC9D56D49F7C61FE666E3DA7D","C:\Users\funny\Documents\GasperStudio-migration-stage","packages\gasper-studio\public\demo\gasper-hero-pack-v1\documents\08-complete-reveal-sequence.gasper","9"
"gasper_asset",".gasper","36829","2026-08-02T16:43:50.8578330-04:00","974FC5D598D0CCBFB5A6789A011B75316CF70C9720ED1C196A22BEDA38FB3A78","C:\Users\funny\Documents\GasperStudioRelease","release-doc-b.gasper","1"
"gasper_asset",".gasper","36830","2026-08-02T16:43:50.8573290-04:00","B73DCBBB9FF3925FAD903825C02F39B8C66F314F813A7B258630D087BD6D7C72","C:\Users\funny\Documents\GasperStudioRelease","release-doc-a.gasper","1"
"gasper_asset",".gasper","8257","2026-08-01T13:04:48.3156378-04:00","B9CB400FDAF9D151EE1B9B58FC7D9B034454C0C9C5FB6AC0FA3460E1E8442BD1","C:\Users\funny\Documents\AgentBridge-worktrees\gasper-vec901-903-proof-prep-20260801","evidence\gasper-headed-acceptance\headed-thinking-knit.gasper","4"
"gasper_asset",".gasper","8294","2026-08-01T13:04:48.2453722-04:00","F73FF64A36393787389B4D2115BAD871E40A654A3AAF7F3F0DE33774F7A3081D","C:\Users\funny\Documents\AgentBridge-worktrees\gasper-vec901-903-proof-prep-20260801","evidence\gasper-005-animator-golden\presence-thinking-knit.gasper","4"
